SLIP_SEQ_ID,CREATION_DATE,SITE_ID,START_DATE,END_DATE,DURATION,ITEM_COUNT,AMOUNT_RP,LINE_COUNT
4613457320,2025-01-08 01:00:00,195,2025-01-08 18:47:13,2025-01-08 18:47:55,42,17,482.8,12
4613457237,2025-01-08 01:00:00,195,2025-01-08 19:04:40,2025-01-08 19:04:50,10,1,1460.0,1
4612792388,2025-01-08 01:00:00,195,2025-01-08 08:41:08,2025-01-08 08:42:12,104,1,49.9,1
4613498078,2025-01-08 01:00:00,195,2025-01-08 19:43:24,2025-01-08 19:44:20,96,13,498.4,13
4613585528,2025-01-08 01:00:00,195,2025-01-08 22:21:45,2025-01-08 22:22:00,55,1,10.9,1
4613498048,2025-01-08 01:00:00,195,2025-01-08 19:46:10,2025-01-08 19:46:37,27,2,33.8,2
4612792426,2025-01-08 01:00:00,195,2025-01-08 08:44:06,2025-01-08 08:44:19,13,2,25.0,2
4613532344,2025-01-08 01:00:00,195,2025-01-08 20:25:04,2025-01-08 20:27:06,202,13,412.7,11
4613457317,2025-01-08 01:00:00,195,2025-01-08 19:04:03,2025-01-08 19:04:26,23,5,63.0,2
4613567360,2025-01-08 01:00:00,195,2025-01-08 21:07:19,2025-01-08 21:08:26,107,5,120.5,4
4612825002,2025-01-08 01:00:00,195,2025-01-08 09:03:43,2025-01-08 09:12:30,887,19,395.26,10
4613545937,2025-01-08 01:00:00,195,2025-01-08 20:30:40,2025-01-08 20:31:22,82,5,301.7,4
4613457344,2025-01-08 01:00:00,195,2025-01-08 18:48:31,2025-01-08 18:49:08,77,12,346.2,12
4613457236,2025-01-08 01:00:00,195,2025-01-08 19:04:49,2025-01-08 19:06:15,166,32,1917.6,29
4612824979,2025-01-08 01:00:00,195,2025-01-08 09:20:43,2025-01-08 09:21:05,62,4,105.6,2
4613504566,2025-01-08 01:00:00,195,2025-01-08 19:33:39,2025-01-08 19:34:38,99,31,585.4,28
4613480492,2025-01-08 01:00:00,195,2025-01-08 19:22:31,2025-01-08 19:23:34,103,7,190.9,6
4613585551,2025-01-08 01:00:00,195,2025-01-08 22:10:25,2025-01-08 22:22:31,1206,1,16.0,1
4612946383,2025-01-08 01:00:00,195,2025-01-08 11:31:04,2025-01-08 11:32:27,123,22,2366.0,17
4613581558,2025-01-08 01:00:00,195,2025-01-08 22:00:08,2025-01-08 22:00:43,35,11,176.0,6
4613498052,2025-01-08 01:00:00,195,2025-01-08 19:44:29,2025-01-08 19:45:14,85,4,116.0,4
4613504529,2025-01-08 01:00:00,195,2025-01-08 19:32:16,2025-01-08 19:34:41,225,2,508.9,2
4613019217,2025-01-08 01:00:00,195,2025-01-08 13:01:31,2025-01-08 13:02:18,87,9,415.5,8
4613504554,2025-01-08 01:00:00,195,2025-01-08 19:30:25,2025-01-08 19:31:06,81,5,324.0,4
4613480519,2025-01-08 01:00:00,195,2025-01-08 19:24:07,2025-01-08 19:24:49,42,13,364.0,9
4613480472,2025-01-08 01:00:00,195,2025-01-08 19:21:48,2025-01-08 19:23:07,159,1,79.9,1
4613050179,2025-01-08 01:00:00,195,2025-01-08 13:22:51,2025-01-08 13:27:36,485,15,494.4,14
4613567389,2025-01-08 01:00:00,195,2025-01-08 21:14:21,2025-01-08 21:14:33,12,2,38.0,2
4613515286,2025-01-08 01:00:00,195,2025-01-08 20:01:17,2025-01-08 20:01:30,13,2,303.0,2
4613581543,2025-01-08 01:00:00,195,2025-01-08 21:59:57,2025-01-08 22:02:11,4254,1,99.9,1
4613050239,2025-01-08 01:00:00,195,2025-01-08 13:21:26,2025-01-08 13:21:41,15,1,100.0,1
4613457314,2025-01-08 01:00:00,195,2025-01-08 18:57:45,2025-01-08 19:00:50,4305,71,2589.5,19
4613457267,2025-01-08 01:00:00,195,2025-01-08 18:45:20,2025-01-08 18:50:33,513,27,850.5,19
4613515262,2025-01-08 01:00:00,195,2025-01-08 19:50:09,2025-01-08 19:50:25,16,1,769.0,1
4613103486,2025-01-08 01:00:00,195,2025-01-08 14:05:19,2025-01-08 14:05:41,22,2,77.8,2
4613515235,2025-01-08 01:00:00,195,2025-01-08 20:00:34,2025-01-08 20:03:14,280,13,298.0,13
4613567364,2025-01-08 01:00:00,195,2025-01-08 21:18:07,2025-01-08 21:18:42,35,1,109.9,1
4613457270,2025-01-08 01:00:00,195,2025-01-08 18:58:06,2025-01-08 19:01:07,4301,12,509.48,12
4613103487,2025-01-08 01:00:00,195,2025-01-08 14:06:30,2025-01-08 14:07:52,122,1,619.0,1
4613457275,2025-01-08 01:00:00,195,2025-01-08 18:55:56,2025-01-08 19:00:23,4467,29,1386.8,21
4613480539,2025-01-08 01:00:00,195,2025-01-08 19:24:59,2025-01-08 19:25:31,72,7,126.9,5
4613504572,2025-01-08 01:00:00,195,2025-01-08 19:35:38,2025-01-08 19:37:38,200,41,1637.4,29
4613070781,2025-01-08 01:00:00,195,2025-01-08 13:45:42,2025-01-08 13:46:22,80,1,31.0,1
4613515267,2025-01-08 01:00:00,195,2025-01-08 19:58:30,2025-01-08 19:59:04,74,15,816.9,14
4613545932,2025-01-08 01:00:00,195,2025-01-08 20:44:52,2025-01-08 20:44:59,7,1,93.0,1
4613532402,2025-01-08 01:00:00,195,2025-01-08 20:14:28,2025-01-08 20:18:57,429,3,58.8,3
4612809489,2025-01-08 01:00:00,195,2025-01-08 08:56:41,2025-01-08 08:57:45,104,8,338.0,8
4613585547,2025-01-08 01:00:00,195,2025-01-08 22:21:25,2025-01-08 22:22:29,104,2,56.5,2
4613567394,2025-01-08 01:00:00,195,2025-01-08 21:15:37,2025-01-08 21:16:16,79,13,544.8,6
4613457303,2025-01-08 01:00:00,195,2025-01-08 18:48:24,2025-01-08 18:49:34,110,26,866.8,15
4612840077,2025-01-08 01:00:00,195,2025-01-08 09:30:12,2025-01-08 09:32:38,226,0,1910.0,1
4613504522,2025-01-08 01:00:00,195,2025-01-08 19:36:47,2025-01-08 19:37:58,111,6,624.8,6
4613575241,2025-01-08 01:00:00,195,2025-01-08 21:23:54,2025-01-08 21:31:06,752,9,476.2,9
4613545883,2025-01-08 01:00:00,195,2025-01-08 20:31:40,2025-01-08 20:32:12,72,3,45.5,3
4612871117,2025-01-08 01:00:00,195,2025-01-08 10:25:19,2025-01-08 10:26:03,84,2,28.72,2
4613480543,2025-01-08 01:00:00,195,2025-01-08 19:22:24,2025-01-08 19:23:35,111,10,624.9,9
4613515269,2025-01-08 01:00:00,195,2025-01-08 19:57:21,2025-01-08 19:58:16,95,25,1040.7,20
4613457289,2025-01-08 01:00:00,195,2025-01-08 19:00:30,2025-01-08 19:00:54,24,1,24.9,1
4612920375,2025-01-08 01:00:00,195,2025-01-08 11:06:51,2025-01-08 11:08:28,177,15,949.0,12
4613567403,2025-01-08 01:00:00,195,2025-01-08 21:26:48,2025-01-08 21:27:17,69,63,3400.0,56
4613545923,2025-01-08 01:00:00,195,2025-01-08 20:36:46,2025-01-08 20:36:58,12,1,29.9,1
4613590110,2025-01-08 01:00:00,195,2025-01-08 22:49:31,2025-01-08 22:51:16,185,2,38.4,2
4612920400,2025-01-08 01:00:00,195,2025-01-08 11:25:47,2025-01-08 11:27:27,180,27,1808.1,12
4613581542,2025-01-08 01:00:00,195,2025-01-08 21:43:48,2025-01-08 21:48:09,461,2,10.8,2
4612777450,2025-01-08 01:00:00,195,2025-01-08 08:15:35,2025-01-08 08:18:06,271,1,9.9,1
4613581521,2025-01-08 01:00:00,195,2025-01-08 21:51:47,2025-01-08 21:59:35,788,2,64.8,2
4613019175,2025-01-08 01:00:00,195,2025-01-08 13:00:01,2025-01-08 13:01:13,112,3,90.6,3
4613457242,2025-01-08 01:00:00,195,2025-01-08 18:51:02,2025-01-08 18:51:58,56,6,226.9,6
4613575267,2025-01-08 01:00:00,195,2025-01-08 21:30:19,2025-01-08 21:31:18,99,16,574.9,13
4613498074,2025-01-08 01:00:00,195,2025-01-08 19:43:46,2025-01-08 19:45:25,179,16,847.0,11
4613083495,2025-01-08 01:00:00,195,2025-01-08 13:49:26,2025-01-08 13:50:13,87,8,141.0,7
4613515232,2025-01-08 01:00:00,195,2025-01-08 19:54:47,2025-01-08 19:55:29,82,5,128.5,3
4613515316,2025-01-08 01:00:00,195,2025-01-08 19:57:12,2025-01-08 19:58:52,140,8,219.1,7
4613515242,2025-01-08 01:00:00,195,2025-01-08 19:50:05,2025-01-08 19:51:46,141,2,85.8,2
4613103482,2025-01-08 01:00:00,195,2025-01-08 14:18:59,2025-01-08 14:20:27,168,2,60.8,2
4613567382,2025-01-08 01:00:00,195,2025-01-08 21:19:35,2025-01-08 21:21:10,175,1,17.0,1
4613585517,2025-01-08 01:00:00,195,2025-01-08 22:12:16,2025-01-08 22:20:22,806,6,255.5,5
4613457261,2025-01-08 01:00:00,195,2025-01-08 19:00:24,2025-01-08 19:02:00,176,5,134.0,4
4612792403,2025-01-08 01:00:00,195,2025-01-08 08:33:25,2025-01-08 08:35:20,195,1,16.9,1
4613457338,2025-01-08 01:00:00,195,2025-01-08 18:58:05,2025-01-08 18:59:20,115,27,1555.6,23
4613545900,2025-01-08 01:00:00,195,2025-01-08 20:44:27,2025-01-08 20:46:04,177,3,116.7,3
4613480514,2025-01-08 01:00:00,195,2025-01-08 19:19:47,2025-01-08 19:20:33,86,12,515.0,10
4612903132,2025-01-08 01:00:00,195,2025-01-08 10:55:18,2025-01-08 10:55:22,4,1,155.0,1
4613567357,2025-01-08 01:00:00,195,2025-01-08 21:09:26,2025-01-08 21:12:41,315,5,61.5,4
4613532368,2025-01-08 01:00:00,195,2025-01-08 20:22:27,2025-01-08 20:23:04,77,10,251.1,10
4613480483,2025-01-08 01:00:00,195,2025-01-08 19:04:48,2025-01-08 19:09:19,471,31,1083.6,28
4612985455,2025-01-08 01:00:00,195,2025-01-08 12:24:26,2025-01-08 12:25:02,76,11,561.2,7
4613480541,2025-01-08 01:00:00,195,2025-01-08 19:24:37,2025-01-08 19:24:45,8,1,59.0,1
4613567340,2025-01-08 01:00:00,195,2025-01-08 21:06:01,2025-01-08 21:13:53,752,2,75.8,2
4613480553,2025-01-08 01:00:00,195,2025-01-08 19:07:24,2025-01-08 19:11:10,386,13,214.7,7
4613006747,2025-01-08 01:00:00,195,2025-01-08 12:26:41,2025-01-08 12:27:48,107,17,1068.3,13
4613515265,2025-01-08 01:00:00,195,2025-01-08 19:54:20,2025-01-08 19:57:14,294,41,1589.6,34
4613545924,2025-01-08 01:00:00,195,2025-01-08 20:33:17,2025-01-08 20:33:35,18,2,54.3,2
4613575285,2025-01-08 01:00:00,195,2025-01-08 21:23:36,2025-01-08 21:28:30,494,13,401.0,10
4613031981,2025-01-08 01:00:00,195,2025-01-08 13:07:48,2025-01-08 13:10:29,281,6,62.6,5
4613581540,2025-01-08 01:00:00,195,2025-01-08 21:49:51,2025-01-08 22:02:29,5278,13,309.0,10
4613545944,2025-01-08 01:00:00,195,2025-01-08 20:28:15,2025-01-08 20:29:06,91,3,112.0,3
4613480505,2025-01-08 01:00:00,195,2025-01-08 19:21:54,2025-01-08 19:22:49,95,13,310.0,8
4613103488,2025-01-08 01:00:00,195,2025-01-08 14:05:48,2025-01-08 14:06:22,74,2,97.2,1
4613457351,2025-01-08 01:00:00,195,2025-01-08 18:56:14,2025-01-08 18:59:36,322,78,4023.1,59
4613498079,2025-01-08 01:00:00,195,2025-01-08 19:44:26,2025-01-08 19:45:38,112,18,812.0,17
4613504506,2025-01-08 01:00:00,195,2025-01-08 19:35:34,2025-01-08 19:37:38,204,7,103.0,5
4613103460,2025-01-08 01:00:00,195,2025-01-08 14:21:13,2025-01-08 14:22:01,88,1,9.9,1
4613480542,2025-01-08 01:00:00,195,2025-01-08 19:16:50,2025-01-08 19:17:16,66,2,115.0,2
4613567354,2025-01-08 01:00:00,195,2025-01-08 21:09:17,2025-01-08 21:12:13,296,13,443.8,11
4613532345,2025-01-08 01:00:00,195,2025-01-08 20:03:21,2025-01-08 20:07:57,436,1,5.6,1
4612809485,2025-01-08 01:00:00,195,2025-01-08 09:03:44,2025-01-08 09:05:04,160,9,200.6,9
4613567368,2025-01-08 01:00:00,195,2025-01-08 21:18:01,2025-01-08 21:19:10,109,3,69.7,3
4613504523,2025-01-08 01:00:00,195,2025-01-08 19:29:41,2025-01-08 19:31:07,166,4,306.6,4
4612792408,2025-01-08 01:00:00,195,2025-01-08 08:29:36,2025-01-08 08:33:01,365,2,75.0,2
4612840073,2025-01-08 01:00:00,195,2025-01-08 09:39:39,2025-01-08 09:40:19,80,6,232.0,6
4612809486,2025-01-08 01:00:00,195,2025-01-08 09:03:06,2025-01-08 09:03:34,28,4,62.6,4
4613585540,2025-01-08 01:00:00,195,2025-01-08 22:16:43,2025-01-08 22:20:00,357,4,154.9,4
4612871113,2025-01-08 01:00:00,195,2025-01-08 10:05:02,2025-01-08 10:07:50,248,9,409.4,7
4612824987,2025-01-08 01:00:00,195,2025-01-08 09:25:55,2025-01-08 09:26:52,97,8,513.2,4
4612871128,2025-01-08 01:00:00,195,2025-01-08 10:12:33,2025-01-08 10:13:45,112,8,636.0,8
4613558270,2025-01-08 01:00:00,195,2025-01-08 20:57:42,2025-01-08 21:03:28,4586,6,89.4,1
4612920371,2025-01-08 01:00:00,195,2025-01-08 11:08:38,2025-01-08 11:09:08,70,2,63.9,2
4612985495,2025-01-08 01:00:00,195,2025-01-08 12:07:32,2025-01-08 12:08:27,95,20,446.3,12
4612985470,2025-01-08 01:00:00,195,2025-01-08 12:18:42,2025-01-08 12:19:23,81,11,540.8,9
4613457274,2025-01-08 01:00:00,195,2025-01-08 18:51:13,2025-01-08 18:53:29,216,8,385.4,6
4613031985,2025-01-08 01:00:00,195,2025-01-08 13:04:25,2025-01-08 13:05:14,89,2,72.8,2
4612946350,2025-01-08 01:00:00,195,2025-01-08 11:44:16,2025-01-08 11:45:30,114,3,316.0,3
4613083461,2025-01-08 01:00:00,195,2025-01-08 13:54:12,2025-01-08 13:56:00,188,15,606.7,15
4613504564,2025-01-08 01:00:00,195,2025-01-08 19:28:57,2025-01-08 19:31:01,244,24,1512.8,18
4613103507,2025-01-08 01:00:00,195,2025-01-08 14:03:09,2025-01-08 14:07:05,396,18,297.2,8
4613006700,2025-01-08 01:00:00,195,2025-01-08 12:35:10,2025-01-08 12:40:09,499,44,2033.21,35
4613103536,2025-01-08 01:00:00,195,2025-01-08 14:05:13,2025-01-08 14:05:47,34,8,497.0,7
4613532362,2025-01-08 01:00:00,195,2025-01-08 20:21:20,2025-01-08 20:21:49,29,5,479.5,3
4613103544,2025-01-08 01:00:00,195,2025-01-08 14:08:38,2025-01-08 14:09:30,92,19,715.0,11
4613006756,2025-01-08 01:00:00,195,2025-01-08 12:42:01,2025-01-08 12:42:46,45,10,222.0,5
4613070785,2025-01-08 01:00:00,195,2025-01-08 13:46:33,2025-01-08 13:48:25,192,22,598.8,13
4613504518,2025-01-08 01:00:00,195,2025-01-08 19:34:41,2025-01-08 19:35:42,101,4,231.2,4
4612792379,2025-01-08 01:00:00,195,2025-01-08 08:14:52,2025-01-08 08:35:54,2102,1,9.9,1
4613031965,2025-01-08 01:00:00,195,2025-01-08 13:14:03,2025-01-08 13:14:24,21,2,43.0,2
4612840033,2025-01-08 01:00:00,195,2025-01-08 09:46:22,2025-01-08 09:47:29,107,2,259.8,2
4613457273,2025-01-08 01:00:00,195,2025-01-08 18:45:55,2025-01-08 18:47:58,203,1,10.9,1
4612920384,2025-01-08 01:00:00,195,2025-01-08 11:18:20,2025-01-08 11:19:36,116,19,2279.0,14
4613083462,2025-01-08 01:00:00,195,2025-01-08 13:43:31,2025-01-08 13:51:45,814,21,1111.6,21
4612887321,2025-01-08 01:00:00,195,2025-01-08 10:31:44,2025-01-08 10:32:53,109,8,746.0,5
4613504531,2025-01-08 01:00:00,195,2025-01-08 19:34:49,2025-01-08 19:37:42,293,4,206.4,4
4612985496,2025-01-08 01:00:00,195,2025-01-08 12:14:01,2025-01-08 12:15:33,132,14,555.9,13
4613083500,2025-01-08 01:00:00,195,2025-01-08 13:57:15,2025-01-08 13:58:29,114,22,656.0,20
4612946396,2025-01-08 01:00:00,195,2025-01-08 11:35:46,2025-01-08 11:35:59,13,2,270.0,1
4613480564,2025-01-08 01:00:00,195,2025-01-08 19:16:16,2025-01-08 19:16:55,39,1,39.9,1
4613006748,2025-01-08 01:00:00,195,2025-01-08 12:31:21,2025-01-08 12:31:33,12,3,130.0,3
4613083388,2025-01-08 01:00:00,195,2025-01-08 14:04:43,2025-01-08 14:05:09,66,3,66.9,3
4613006766,2025-01-08 01:00:00,195,2025-01-08 12:42:38,2025-01-08 12:42:53,15,1,492.0,1
4613532401,2025-01-08 01:00:00,195,2025-01-08 20:10:59,2025-01-08 20:14:01,342,5,144.6,5
4613031959,2025-01-08 01:00:00,195,2025-01-08 13:13:18,2025-01-08 13:13:32,14,2,34.8,2
4613083395,2025-01-08 01:00:00,195,2025-01-08 14:02:09,2025-01-08 14:02:52,43,4,107.6,4
4613083383,2025-01-08 01:00:00,195,2025-01-08 13:59:05,2025-01-08 13:59:48,43,2,47.3,2
4613457306,2025-01-08 01:00:00,195,2025-01-08 18:46:53,2025-01-08 18:47:14,61,3,139.7,3
4613070777,2025-01-08 01:00:00,195,2025-01-08 13:44:24,2025-01-08 13:45:32,108,4,139.2,4
4613103566,2025-01-08 01:00:00,195,2025-01-08 14:08:30,2025-01-08 14:09:09,79,6,388.3,6
4612946366,2025-01-08 01:00:00,195,2025-01-08 11:43:49,2025-01-08 11:45:45,196,45,2605.0,4
4613567370,2025-01-08 01:00:00,195,2025-01-08 21:20:48,2025-01-08 21:21:26,78,1,29.9,1
4613006703,2025-01-08 01:00:00,195,2025-01-08 12:28:05,2025-01-08 12:31:41,336,1,26.9,1
4613070826,2025-01-08 01:00:00,195,2025-01-08 13:34:14,2025-01-08 13:34:50,36,4,77.0,3
4613019126,2025-01-08 01:00:00,195,2025-01-08 13:01:01,2025-01-08 13:01:12,11,1,100.0,1
4613457296,2025-01-08 01:00:00,195,2025-01-08 18:47:33,2025-01-08 18:50:42,309,6,204.3,6
4613006738,2025-01-08 01:00:00,195,2025-01-08 12:45:22,2025-01-08 12:45:46,24,3,143.5,2
4612792402,2025-01-08 01:00:00,195,2025-01-08 08:40:49,2025-01-08 08:41:59,110,5,99.0,5
4613050144,2025-01-08 01:00:00,195,2025-01-08 13:21:40,2025-01-08 13:22:42,102,3,129.7,2
4613585513,2025-01-08 01:00:00,195,2025-01-08 22:25:20,2025-01-08 22:26:47,127,1,299.7,1
4613019110,2025-01-08 01:00:00,195,2025-01-08 12:47:18,2025-01-08 12:48:30,112,22,530.76,22
4612871142,2025-01-08 01:00:00,195,2025-01-08 10:21:38,2025-01-08 10:22:55,117,22,1759.02,19
4612809460,2025-01-08 01:00:00,195,2025-01-08 09:02:11,2025-01-08 09:03:18,107,2,244.9,1
4613480507,2025-01-08 01:00:00,195,2025-01-08 19:15:01,2025-01-08 19:15:09,8,3,172.0,3
4612824976,2025-01-08 01:00:00,195,2025-01-08 09:17:49,2025-01-08 09:19:48,199,2,199.8,1
4612887323,2025-01-08 01:00:00,195,2025-01-08 10:31:14,2025-01-08 10:31:25,11,2,229.0,2
4612792435,2025-01-08 01:00:00,195,2025-01-08 08:29:46,2025-01-08 08:34:37,491,8,167.8,7
4613515322,2025-01-08 01:00:00,195,2025-01-08 20:05:38,2025-01-08 20:07:37,199,12,338.5,11
4612777443,2025-01-08 01:00:00,195,2025-01-08 08:06:24,2025-01-08 08:07:51,127,1,279.0,1
4613006752,2025-01-08 01:00:00,195,2025-01-08 12:30:53,2025-01-08 12:31:16,63,4,261.9,4
4612840038,2025-01-08 01:00:00,195,2025-01-08 09:32:22,2025-01-08 09:34:09,187,2,46.7,2
4613504547,2025-01-08 01:00:00,195,2025-01-08 19:28:28,2025-01-08 19:29:28,100,1,30.0,1
4613006724,2025-01-08 01:00:00,195,2025-01-08 12:30:16,2025-01-08 12:32:42,226,5,177.0,4
4613050140,2025-01-08 01:00:00,195,2025-01-08 13:21:15,2025-01-08 13:21:32,17,1,26.9,1
4613019149,2025-01-08 01:00:00,195,2025-01-08 13:02:31,2025-01-08 13:03:10,79,2,176.4,2
4613532372,2025-01-08 01:00:00,195,2025-01-08 20:10:18,2025-01-08 20:10:59,41,3,988.0,3
4613032024,2025-01-08 01:00:00,195,2025-01-08 13:08:07,2025-01-08 13:08:22,15,2,50.0,2
4613050223,2025-01-08 01:00:00,195,2025-01-08 13:27:56,2025-01-08 13:28:11,55,3,44.0,4
4612855782,2025-01-08 01:00:00,195,2025-01-08 09:57:53,2025-01-08 09:58:39,86,7,477.9,7
4613515268,2025-01-08 01:00:00,195,2025-01-08 20:00:52,2025-01-08 20:01:25,73,10,265.8,7
4612920355,2025-01-08 01:00:00,195,2025-01-08 11:12:06,2025-01-08 11:18:09,603,1,23.9,1
4613083447,2025-01-08 01:00:00,195,2025-01-08 13:47:26,2025-01-08 13:49:35,209,11,320.9,7
4612920397,2025-01-08 01:00:00,195,2025-01-08 11:24:34,2025-01-08 11:25:43,109,15,699.9,12
4613558264,2025-01-08 01:00:00,195,2025-01-08 20:59:49,2025-01-08 21:00:04,4055,4,189.0,4
4612964138,2025-01-08 01:00:00,195,2025-01-08 11:51:53,2025-01-08 11:52:51,98,7,110.0,7
4613070728,2025-01-08 01:00:00,195,2025-01-08 13:41:22,2025-01-08 13:42:53,131,3,79.7,3
4613031997,2025-01-08 01:00:00,195,2025-01-08 13:11:01,2025-01-08 13:12:52,151,2,35.8,2
4612887303,2025-01-08 01:00:00,195,2025-01-08 10:37:46,2025-01-08 10:44:54,708,3,50.7,3
4613070792,2025-01-08 01:00:00,195,2025-01-08 13:38:29,2025-01-08 13:40:25,196,11,288.8,9
4612871132,2025-01-08 01:00:00,195,2025-01-08 10:09:08,2025-01-08 10:15:19,611,3,105.0,2
4612792396,2025-01-08 01:00:00,195,2025-01-08 08:43:03,2025-01-08 08:43:20,17,1,21.9,1
4613545922,2025-01-08 01:00:00,195,2025-01-08 20:33:40,2025-01-08 20:34:12,72,8,351.0,8
4612792405,2025-01-08 01:00:00,195,2025-01-08 08:43:54,2025-01-08 08:44:34,80,2,60.0,2
4612946398,2025-01-08 01:00:00,195,2025-01-08 11:35:01,2025-01-08 11:35:14,13,1,153.0,1
4612792414,2025-01-08 01:00:00,195,2025-01-08 08:29:01,2025-01-08 08:29:19,18,2,49.8,2
4613532385,2025-01-08 01:00:00,195,2025-01-08 20:13:33,2025-01-08 20:16:06,273,51,1340.9,39
4612809471,2025-01-08 01:00:00,195,2025-01-08 08:49:38,2025-01-08 08:54:30,492,2,28.4,2
4613006764,2025-01-08 01:00:00,195,2025-01-08 12:30:59,2025-01-08 12:35:20,461,3,381.0,2
4612871144,2025-01-08 01:00:00,195,2025-01-08 10:25:35,2025-01-08 10:26:41,106,4,2270.0,4
4613575263,2025-01-08 01:00:00,195,2025-01-08 21:35:10,2025-01-08 21:35:29,19,5,61.0,4
4612920383,2025-01-08 01:00:00,195,2025-01-08 11:25:35,2025-01-08 11:26:58,123,4,554.3,4
4613050126,2025-01-08 01:00:00,195,2025-01-08 13:25:51,2025-01-08 13:28:08,257,6,277.4,4
4612903117,2025-01-08 01:00:00,195,2025-01-08 10:57:45,2025-01-08 10:57:59,14,2,36.0,2
4613480534,2025-01-08 01:00:00,195,2025-01-08 19:23:43,2025-01-08 19:24:26,83,7,884.2,3
4612887320,2025-01-08 01:00:00,195,2025-01-08 10:30:14,2025-01-08 10:31:04,90,15,735.2,13
4613031938,2025-01-08 01:00:00,195,2025-01-08 13:13:02,2025-01-08 13:15:58,256,2,28.8,2
4613019171,2025-01-08 01:00:00,195,2025-01-08 13:00:25,2025-01-08 13:01:05,80,3,80.8,3
4613575274,2025-01-08 01:00:00,195,2025-01-08 21:44:07,2025-01-08 21:44:37,30,6,454.0,6
4613032023,2025-01-08 01:00:00,195,2025-01-08 13:07:33,2025-01-08 13:07:56,23,3,300.0,1
4613083457,2025-01-08 01:00:00,195,2025-01-08 13:54:17,2025-01-08 13:55:38,121,9,459.6,8
4612887330,2025-01-08 01:00:00,195,2025-01-08 10:39:31,2025-01-08 10:40:05,74,6,165.0,6
4613558300,2025-01-08 01:00:00,195,2025-01-08 20:53:02,2025-01-08 20:54:09,107,11,431.0,11
4612985447,2025-01-08 01:00:00,195,2025-01-08 12:25:00,2025-01-08 12:25:33,33,4,137.7,4
4613103528,2025-01-08 01:00:00,195,2025-01-08 14:18:47,2025-01-08 14:19:27,80,9,450.8,9
4613019132,2025-01-08 01:00:00,195,2025-01-08 13:00:38,2025-01-08 13:01:23,85,3,53.7,3
4613588217,2025-01-08 01:00:00,195,2025-01-08 22:25:15,2025-01-08 22:30:11,496,41,2220.0,41
4613019138,2025-01-08 01:00:00,195,2025-01-08 12:49:50,2025-01-08 12:54:49,499,1,15.9,1
4612792383,2025-01-08 01:00:00,195,2025-01-08 08:44:17,2025-01-08 08:45:06,89,1,29.9,1
4613050127,2025-01-08 01:00:00,195,2025-01-08 13:30:27,2025-01-08 13:31:05,78,1,29.9,1
4613498090,2025-01-08 01:00:00,195,2025-01-08 19:38:21,2025-01-08 19:42:18,397,18,601.5,13
4613050162,2025-01-08 01:00:00,195,2025-01-08 13:28:46,2025-01-08 13:29:16,70,2,47.1,2
4612765960,2025-01-08 01:00:00,195,2025-01-08 08:07:10,2025-01-08 08:07:16,6,1,144.0,1
4613083391,2025-01-08 01:00:00,195,2025-01-08 14:00:58,2025-01-08 14:01:35,77,2,46.8,2
4613480528,2025-01-08 01:00:00,195,2025-01-08 19:13:58,2025-01-08 19:14:41,83,9,411.0,9
4612920372,2025-01-08 01:00:00,195,2025-01-08 11:10:50,2025-01-08 11:25:43,1493,5,222.0,4
4612809475,2025-01-08 01:00:00,195,2025-01-08 08:52:35,2025-01-08 09:01:02,4867,6,163.7,6
4612946371,2025-01-08 01:00:00,195,2025-01-08 11:37:44,2025-01-08 11:38:17,73,7,331.8,5
4613504507,2025-01-08 01:00:00,195,2025-01-08 19:32:34,2025-01-08 19:34:38,204,14,708.7,14
4612946389,2025-01-08 01:00:00,195,2025-01-08 11:43:36,2025-01-08 11:43:43,7,1,10.0,1
4612840045,2025-01-08 01:00:00,195,2025-01-08 09:28:50,2025-01-08 09:38:02,952,2,39.8,2
4613006757,2025-01-08 01:00:00,195,2025-01-08 12:43:54,2025-01-08 12:44:18,64,4,327.2,4
4613532365,2025-01-08 01:00:00,195,2025-01-08 20:19:26,2025-01-08 20:20:00,74,4,277.7,4
4613050188,2025-01-08 01:00:00,195,2025-01-08 13:21:09,2025-01-08 13:21:32,23,2,197.2,2
4612871147,2025-01-08 01:00:00,195,2025-01-08 10:15:20,2025-01-08 10:16:09,89,18,689.5,15
4613103549,2025-01-08 01:00:00,195,2025-01-08 14:18:48,2025-01-08 14:19:16,68,3,50.7,3
4613532346,2025-01-08 01:00:00,195,2025-01-08 20:08:39,2025-01-08 20:09:45,106,5,290.5,3
4613070745,2025-01-08 01:00:00,195,2025-01-08 13:31:43,2025-01-08 13:33:21,178,1,8.4,1
4612920331,2025-01-08 01:00:00,195,2025-01-08 11:11:36,2025-01-08 11:11:40,4,1,158.0,1
4612855810,2025-01-08 01:00:00,195,2025-01-08 08:54:36,2025-01-08 09:52:07,9771,17,786.4,17
4613575258,2025-01-08 01:00:00,195,2025-01-08 21:29:33,2025-01-08 21:33:02,369,16,769.0,16
4612840072,2025-01-08 01:00:00,195,2025-01-08 09:37:49,2025-01-08 09:38:20,71,5,101.0,5
4612985503,2025-01-08 01:00:00,195,2025-01-08 12:16:37,2025-01-08 12:17:18,81,9,167.0,9
4612871115,2025-01-08 01:00:00,195,2025-01-08 10:05:24,2025-01-08 10:07:56,232,3,69.4,2
4613532343,2025-01-08 01:00:00,195,2025-01-08 20:09:42,2025-01-08 20:12:17,275,5,258.3,5
4613031967,2025-01-08 01:00:00,195,2025-01-08 13:19:31,2025-01-08 13:19:46,15,2,308.0,1
4612964121,2025-01-08 01:00:00,195,2025-01-08 11:48:53,2025-01-08 11:50:32,179,32,1221.9,25
4613032006,2025-01-08 01:00:00,195,2025-01-08 13:09:26,2025-01-08 13:12:09,283,3,40.7,3
4613480535,2025-01-08 01:00:00,195,2025-01-08 19:20:31,2025-01-08 19:22:05,174,18,643.9,18
4613083464,2025-01-08 01:00:00,195,2025-01-08 13:57:10,2025-01-08 13:58:45,135,36,1526.9,36
4613019172,2025-01-08 01:00:00,195,2025-01-08 12:49:04,2025-01-08 12:53:19,415,1,23.9,1
4613070789,2025-01-08 01:00:00,195,2025-01-08 13:42:57,2025-01-08 13:43:26,69,2,60.8,2
4613457263,2025-01-08 01:00:00,195,2025-01-08 18:55:25,2025-01-08 18:57:06,181,4,252.2,3
4612946378,2025-01-08 01:00:00,195,2025-01-08 11:28:41,2025-01-08 11:28:59,18,6,144.0,3
4613032013,2025-01-08 01:00:00,195,2025-01-08 13:09:07,2025-01-08 13:09:20,13,1,25.9,1
4613019191,2025-01-08 01:00:00,195,2025-01-08 12:52:58,2025-01-08 12:53:48,90,2,35.0,2
4613504563,2025-01-08 01:00:00,195,2025-01-08 19:32:03,2025-01-08 19:32:25,22,5,99.5,3
4613006776,2025-01-08 01:00:00,195,2025-01-08 12:36:02,2025-01-08 12:40:45,443,13,381.6,8
4613103496,2025-01-08 01:00:00,195,2025-01-08 14:11:19,2025-01-08 14:12:31,112,1,23.9,1
4613031935,2025-01-08 01:00:00,195,2025-01-08 13:14:43,2025-01-08 13:15:35,92,1,21.8,1
4613558329,2025-01-08 01:00:00,195,2025-01-08 20:47:08,2025-01-08 20:49:13,205,9,126.4,8
4613083393,2025-01-08 01:00:00,195,2025-01-08 14:01:45,2025-01-08 14:02:16,71,1,9.9,1
4612777462,2025-01-08 01:00:00,195,2025-01-08 08:23:48,2025-01-08 08:25:51,203,5,178.2,4
4613103508,2025-01-08 01:00:00,195,2025-01-08 14:14:20,2025-01-08 14:21:36,716,13,534.7,11
4613480469,2025-01-08 01:00:00,195,2025-01-08 19:09:41,2025-01-08 19:11:35,194,4,309.9,3
4613070749,2025-01-08 01:00:00,195,2025-01-08 13:44:31,2025-01-08 13:46:19,188,8,236.2,4
4612777469,2025-01-08 01:00:00,195,2025-01-08 08:13:53,2025-01-08 08:13:58,5,1,26.0,1
4613070833,2025-01-08 01:00:00,195,2025-01-08 13:46:02,2025-01-08 13:46:42,40,10,239.0,7
4613532375,2025-01-08 01:00:00,195,2025-01-08 20:16:42,2025-01-08 20:17:58,116,7,133.0,5
4612855818,2025-01-08 01:00:00,195,2025-01-08 09:49:33,2025-01-08 09:56:38,705,19,533.0,16
4612765941,2025-01-08 01:00:00,195,2025-01-08 08:02:44,2025-01-08 08:03:37,93,1,99.9,1
4612985448,2025-01-08 01:00:00,195,2025-01-08 12:24:06,2025-01-08 12:24:57,51,15,557.8,12
4613498067,2025-01-08 01:00:00,195,2025-01-08 19:42:50,2025-01-08 19:42:57,7,2,32.0,1
4612985473,2025-01-08 01:00:00,195,2025-01-08 12:17:28,2025-01-08 12:23:27,599,5,404.5,5
4612840062,2025-01-08 01:00:00,195,2025-01-08 09:31:23,2025-01-08 09:31:40,17,1,109.9,1
4612964161,2025-01-08 01:00:00,195,2025-01-08 12:01:18,2025-01-08 12:01:35,17,1,139.0,1
4613567393,2025-01-08 01:00:00,195,2025-01-08 21:18:40,2025-01-08 21:19:11,71,1,285.6,1
4613019137,2025-01-08 01:00:00,195,2025-01-08 12:46:31,2025-01-08 12:48:06,175,1,49.9,1
4612840056,2025-01-08 01:00:00,195,2025-01-08 09:27:48,2025-01-08 09:28:18,70,8,212.0,7
4613083460,2025-01-08 01:00:00,195,2025-01-08 13:55:43,2025-01-08 13:56:04,61,1,13.9,1
4613575272,2025-01-08 01:00:00,195,2025-01-08 21:38:33,2025-01-08 21:39:59,126,19,1808.8,16
4613083449,2025-01-08 01:00:00,195,2025-01-08 13:53:20,2025-01-08 13:53:50,30,1,33.9,1
4612946347,2025-01-08 01:00:00,195,2025-01-08 11:39:02,2025-01-08 11:41:56,254,3,130.7,2
4613083481,2025-01-08 01:00:00,195,2025-01-08 13:57:43,2025-01-08 13:59:48,205,10,415.5,8
4613480496,2025-01-08 01:00:00,195,2025-01-08 19:16:32,2025-01-08 19:17:02,70,10,483.0,7
4613070744,2025-01-08 01:00:00,195,2025-01-08 13:33:27,2025-01-08 13:35:02,175,1,83.0,1
4613019130,2025-01-08 01:00:00,195,2025-01-08 13:01:34,2025-01-08 13:02:50,116,10,379.1,8
4612792419,2025-01-08 01:00:00,195,2025-01-08 08:30:26,2025-01-08 08:31:23,97,9,332.0,7
4613457298,2025-01-08 01:00:00,195,2025-01-08 18:45:00,2025-01-08 18:48:52,352,2,94.7,2
4612903149,2025-01-08 01:00:00,195,2025-01-08 10:48:16,2025-01-08 10:50:35,219,18,866.0,16
4613006758,2025-01-08 01:00:00,195,2025-01-08 12:46:08,2025-01-08 12:46:31,23,7,260.0,6
4613019148,2025-01-08 01:00:00,195,2025-01-08 13:01:16,2025-01-08 13:01:46,30,5,96.5,5
4613515291,2025-01-08 01:00:00,195,2025-01-08 19:48:47,2025-01-08 19:53:35,488,25,1519.8,22
4613006704,2025-01-08 01:00:00,195,2025-01-08 12:44:52,2025-01-08 12:45:55,103,39,1810.3,38
4613070815,2025-01-08 01:00:00,195,2025-01-08 13:35:04,2025-01-08 13:35:26,22,2,177.7,2
4613006714,2025-01-08 01:00:00,195,2025-01-08 12:32:58,2025-01-08 12:40:40,782,10,362.2,11
4613480494,2025-01-08 01:00:00,195,2025-01-08 19:08:41,2025-01-08 19:12:32,391,6,408.0,5
4613006732,2025-01-08 01:00:00,195,2025-01-08 12:34:54,2025-01-08 12:35:27,73,8,283.3,8
4613166964,2025-01-08 01:00:00,195,2025-01-08 15:12:09,2025-01-08 15:12:52,43,14,531.0,13
4613050134,2025-01-08 01:00:00,195,2025-01-08 13:26:01,2025-01-08 13:27:36,135,2,38.0,2
4613567362,2025-01-08 01:00:00,195,2025-01-08 21:14:18,2025-01-08 21:16:35,217,4,74.6,4
4613103557,2025-01-08 01:00:00,195,2025-01-08 14:04:54,2025-01-08 14:05:59,105,21,1175.5,19
4612777426,2025-01-08 01:00:00,195,2025-01-08 08:17:02,2025-01-08 08:17:10,8,1,80.0,1
4613070847,2025-01-08 01:00:00,195,2025-01-08 13:41:59,2025-01-08 13:42:46,87,18,309.0,7
4613515314,2025-01-08 01:00:00,195,2025-01-08 19:47:17,2025-01-08 19:48:23,106,6,183.7,6
4613155437,2025-01-08 01:00:00,195,2025-01-08 14:54:16,2025-01-08 14:55:11,95,1,29.9,1
4612777466,2025-01-08 01:00:00,195,2025-01-08 08:19:32,2025-01-08 08:19:36,4,1,153.0,1
4613166917,2025-01-08 01:00:00,195,2025-01-08 15:15:54,2025-01-08 15:16:53,99,1,20.0,1
4613581557,2025-01-08 01:00:00,195,2025-01-08 22:01:18,2025-01-08 22:02:20,102,17,681.0,15
4613166989,2025-01-08 01:00:00,195,2025-01-08 15:12:56,2025-01-08 15:13:08,52,2,140.0,2
4612855774,2025-01-08 01:00:00,195,2025-01-08 09:58:09,2025-01-08 10:02:47,4438,1,16.0,1
4613203750,2025-01-08 01:00:00,195,2025-01-08 15:32:22,2025-01-08 15:34:41,219,4,60.6,4
4613515300,2025-01-08 01:00:00,195,2025-01-08 20:02:44,2025-01-08 20:04:25,181,1,142.8,1
4613389919,2025-01-08 01:00:00,195,2025-01-08 17:54:13,2025-01-08 17:55:00,87,14,569.7,11
4612920391,2025-01-08 01:00:00,195,2025-01-08 11:10:46,2025-01-08 11:11:11,65,3,75.0,3
4613431346,2025-01-08 01:00:00,195,2025-01-08 18:24:52,2025-01-08 18:27:17,265,6,271.9,7
4612985479,2025-01-08 01:00:00,195,2025-01-08 12:13:15,2025-01-08 12:16:19,304,8,184.5,8
4613203778,2025-01-08 01:00:00,195,2025-01-08 15:37:23,2025-01-08 15:37:32,9,2,120.0,2
4612964100,2025-01-08 01:00:00,195,2025-01-08 12:02:35,2025-01-08 12:04:50,215,27,995.5,22
4613203709,2025-01-08 01:00:00,195,2025-01-08 15:31:10,2025-01-08 15:34:43,333,5,340.1,5
4613457332,2025-01-08 01:00:00,195,2025-01-08 18:54:40,2025-01-08 18:56:15,175,33,1970.8,28
4613363122,2025-01-08 01:00:00,195,2025-01-08 17:39:09,2025-01-08 17:39:49,40,7,870.0,5
4612964125,2025-01-08 01:00:00,195,2025-01-08 11:54:29,2025-01-08 11:56:11,182,33,2621.9,23
4613404426,2025-01-08 01:00:00,195,2025-01-08 18:17:33,2025-01-08 18:18:17,84,16,636.1,15
4613567347,2025-01-08 01:00:00,195,2025-01-08 21:19:09,2025-01-08 21:23:39,430,4,86.6,4
4613166945,2025-01-08 01:00:00,195,2025-01-08 15:11:39,2025-01-08 15:13:51,212,4,223.6,4
4613019233,2025-01-08 01:00:00,195,2025-01-08 13:00:07,2025-01-08 13:00:17,10,3,149.0,3
4613389903,2025-01-08 01:00:00,195,2025-01-08 17:54:07,2025-01-08 17:55:01,94,18,505.8,15
4613457231,2025-01-08 01:00:00,195,2025-01-08 19:06:29,2025-01-08 19:06:50,21,1,31.9,1
4613363135,2025-01-08 01:00:00,195,2025-01-08 17:29:59,2025-01-08 17:31:38,179,2,52.3,2
4613032003,2025-01-08 01:00:00,195,2025-01-08 13:12:25,2025-01-08 13:13:10,85,2,37.8,1
4613431333,2025-01-08 01:00:00,195,2025-01-08 18:41:22,2025-01-08 18:43:48,226,11,389.9,8
4613457265,2025-01-08 01:00:00,195,2025-01-08 18:57:43,2025-01-08 19:00:02,4259,7,687.5,6
4613132937,2025-01-08 01:00:00,195,2025-01-08 14:28:32,2025-01-08 14:29:10,78,17,493.0,16
4613070740,2025-01-08 01:00:00,195,2025-01-08 13:46:00,2025-01-08 13:48:06,206,6,225.7,3
4613203769,2025-01-08 01:00:00,195,2025-01-08 15:33:06,2025-01-08 15:35:34,228,40,1899.5,34
4613457310,2025-01-08 01:00:00,195,2025-01-08 18:46:33,2025-01-08 18:46:49,16,1,159.0,1
4613203718,2025-01-08 01:00:00,195,2025-01-08 15:25:58,2025-01-08 15:28:23,265,6,111.0,5
4613070858,2025-01-08 01:00:00,195,2025-01-08 13:45:59,2025-01-08 13:46:00,41,1,-30.0,1
4613281274,2025-01-08 01:00:00,195,2025-01-08 16:29:40,2025-01-08 16:30:40,100,16,1222.4,15
4613498083,2025-01-08 01:00:00,195,2025-01-08 19:44:03,2025-01-08 19:44:20,17,1,146.0,1
4613229408,2025-01-08 01:00:00,195,2025-01-08 15:52:27,2025-01-08 15:53:16,89,12,592.7,12
4612855800,2025-01-08 01:00:00,195,2025-01-08 09:50:46,2025-01-08 09:54:07,361,3,70.6,3
4613307739,2025-01-08 01:00:00,195,2025-01-08 16:48:02,2025-01-08 16:48:54,52,9,504.0,7
4613504562,2025-01-08 01:00:00,195,2025-01-08 19:33:41,2025-01-08 19:34:57,116,18,1350.3,12
4613281270,2025-01-08 01:00:00,195,2025-01-08 16:30:43,2025-01-08 16:30:52,9,2,37.0,2
4612855777,2025-01-08 01:00:00,195,2025-01-08 09:57:37,2025-01-08 10:05:51,4814,14,572.6,12
4613335547,2025-01-08 01:00:00,195,2025-01-08 17:25:14,2025-01-08 17:25:24,10,2,130.0,2
4613515238,2025-01-08 01:00:00,195,2025-01-08 19:44:51,2025-01-08 19:48:50,399,21,999.4,17
4613431422,2025-01-08 01:00:00,195,2025-01-08 18:39:28,2025-01-08 18:39:43,15,5,123.0,4
4612985500,2025-01-08 01:00:00,195,2025-01-08 12:18:13,2025-01-08 12:18:34,21,4,125.0,4
4613404509,2025-01-08 01:00:00,195,2025-01-08 18:10:24,2025-01-08 18:11:38,114,43,1796.0,24
4613498053,2025-01-08 01:00:00,195,2025-01-08 19:40:59,2025-01-08 19:44:21,362,2,428.9,2
4613132917,2025-01-08 01:00:00,195,2025-01-08 14:43:26,2025-01-08 14:44:21,95,12,466.7,11
4613006791,2025-01-08 01:00:00,195,2025-01-08 12:30:46,2025-01-08 12:32:05,159,2,35.8,1
4613229384,2025-01-08 01:00:00,195,2025-01-08 15:47:10,2025-01-08 15:49:22,212,1,55.8,1
4613504511,2025-01-08 01:00:00,195,2025-01-08 19:34:55,2025-01-08 19:36:37,182,1,47.4,1
4613307659,2025-01-08 01:00:00,195,2025-01-08 16:46:32,2025-01-08 16:49:09,277,7,362.7,7
4613031955,2025-01-08 01:00:00,195,2025-01-08 13:17:27,2025-01-08 13:18:10,83,7,173.4,5
4613281266,2025-01-08 01:00:00,195,2025-01-08 16:35:02,2025-01-08 16:36:11,109,23,1327.0,22
4613498071,2025-01-08 01:00:00,195,2025-01-08 19:45:32,2025-01-08 19:45:39,7,1,15.0,1
4613389929,2025-01-08 01:00:00,195,2025-01-08 18:00:53,2025-01-08 18:03:20,267,19,1040.38,13
4613031973,2025-01-08 01:00:00,195,2025-01-08 13:10:03,2025-01-08 13:11:20,117,5,103.5,3
4613166929,2025-01-08 01:00:00,195,2025-01-08 15:19:18,2025-01-08 15:19:38,20,3,60.3,3
4613504514,2025-01-08 01:00:00,195,2025-01-08 19:33:22,2025-01-08 19:34:36,114,5,358.6,4
4613254939,2025-01-08 01:00:00,195,2025-01-08 16:15:40,2025-01-08 16:16:34,94,6,255.8,6
4613103480,2025-01-08 01:00:00,195,2025-01-08 14:22:44,2025-01-08 14:24:08,164,1,6.9,2
4613307744,2025-01-08 01:00:00,195,2025-01-08 16:55:55,2025-01-08 16:56:16,61,6,195.7,4
4613498088,2025-01-08 01:00:00,195,2025-01-08 19:38:58,2025-01-08 19:40:26,168,23,1078.0,18
4613281237,2025-01-08 01:00:00,195,2025-01-08 16:40:28,2025-01-08 16:40:45,17,2,60.2,2
4612840049,2025-01-08 01:00:00,195,2025-01-08 09:42:49,2025-01-08 09:46:50,401,4,52.2,4
4613404501,2025-01-08 01:00:00,195,2025-01-08 18:09:00,2025-01-08 18:11:25,225,2,42.9,2
4613581550,2025-01-08 01:00:00,195,2025-01-08 21:51:47,2025-01-08 21:52:04,57,3,177.0,3
4613155432,2025-01-08 01:00:00,195,2025-01-08 14:56:28,2025-01-08 14:56:35,7,2,56.0,2
4612903077,2025-01-08 01:00:00,195,2025-01-08 11:03:09,2025-01-08 11:05:04,195,2,30.8,2
4613166876,2025-01-08 01:00:00,195,2025-01-08 15:16:30,2025-01-08 15:17:05,75,6,330.2,6
4613581568,2025-01-08 01:00:00,195,2025-01-08 22:05:51,2025-01-08 22:06:17,66,2,288.0,1
4613132950,2025-01-08 01:00:00,195,2025-01-08 14:45:17,2025-01-08 14:45:55,38,14,530.0,12
4612946335,2025-01-08 01:00:00,195,2025-01-08 11:35:29,2025-01-08 11:37:14,185,1,99.9,1
4613281215,2025-01-08 01:00:00,195,2025-01-08 16:27:11,2025-01-08 16:28:32,121,3,38.1,3
4613567391,2025-01-08 01:00:00,195,2025-01-08 21:09:14,2025-01-08 21:09:52,38,3,107.0,3
4613335494,2025-01-08 01:00:00,195,2025-01-08 17:24:55,2025-01-08 17:26:14,159,5,128.0,5
4613103561,2025-01-08 01:00:00,195,2025-01-08 14:18:16,2025-01-08 14:18:33,17,2,132.8,2
4613389931,2025-01-08 01:00:00,195,2025-01-08 17:55:36,2025-01-08 17:57:31,195,1,69.9,1
4613532366,2025-01-08 01:00:00,195,2025-01-08 20:20:07,2025-01-08 20:20:48,41,8,248.6,8
4613363101,2025-01-08 01:00:00,195,2025-01-08 17:32:46,2025-01-08 17:34:19,173,33,670.3,23
4613103553,2025-01-08 01:00:00,195,2025-01-08 14:19:56,2025-01-08 14:21:41,185,33,1023.2,28
4613431409,2025-01-08 01:00:00,195,2025-01-08 18:29:20,2025-01-08 18:30:03,83,9,387.4,10
4613457284,2025-01-08 01:00:00,195,2025-01-08 18:38:55,2025-01-08 18:50:20,1165,46,2587.5,47
4613155449,2025-01-08 01:00:00,195,2025-01-08 14:53:53,2025-01-08 14:54:45,92,1,23.8,1
4613103541,2025-01-08 01:00:00,195,2025-01-08 14:14:21,2025-01-08 14:14:55,34,13,411.21,12
4613166924,2025-01-08 01:00:00,195,2025-01-08 15:23:07,2025-01-08 15:23:58,51,19,635.2,15
4613558275,2025-01-08 01:00:00,195,2025-01-08 21:07:31,2025-01-08 21:07:35,4,1,30.0,1
4613229376,2025-01-08 01:00:00,195,2025-01-08 15:54:55,2025-01-08 15:56:26,171,2,298.8,1
4612855794,2025-01-08 01:00:00,195,2025-01-08 10:00:14,2025-01-08 10:01:09,95,12,639.7,5
4613307733,2025-01-08 01:00:00,195,2025-01-08 16:53:10,2025-01-08 16:53:29,19,4,263.0,4
4613480511,2025-01-08 01:00:00,195,2025-01-08 19:09:28,2025-01-08 19:10:24,96,14,422.1,13
4613335536,2025-01-08 01:00:00,195,2025-01-08 17:12:00,2025-01-08 17:13:43,143,43,1667.4,33
4612964159,2025-01-08 01:00:00,195,2025-01-08 12:03:02,2025-01-08 12:03:03,1,1,-36.0,1
4613389913,2025-01-08 01:00:00,195,2025-01-08 17:47:36,2025-01-08 17:48:14,78,15,983.0,12
4613585522,2025-01-08 01:00:00,195,2025-01-08 22:12:15,2025-01-08 22:17:27,512,8,570.3,6
4613363042,2025-01-08 01:00:00,195,2025-01-08 17:29:37,2025-01-08 17:31:30,193,14,1016.6,14
4613006789,2025-01-08 01:00:00,195,2025-01-08 12:33:18,2025-01-08 12:34:00,82,3,166.2,3
4613431392,2025-01-08 01:00:00,195,2025-01-08 18:29:09,2025-01-08 18:30:18,109,2,119.8,2
4613515273,2025-01-08 01:00:00,195,2025-01-08 19:53:02,2025-01-08 19:53:11,9,4,189.0,3
4613404421,2025-01-08 01:00:00,195,2025-01-08 18:18:36,2025-01-08 18:18:57,21,3,176.0,3
4613031926,2025-01-08 01:00:00,195,2025-01-08 13:16:45,2025-01-08 13:17:52,107,2,105.8,2
4613404496,2025-01-08 01:00:00,195,2025-01-08 18:07:08,2025-01-08 18:10:04,296,5,252.0,4
4612855790,2025-01-08 01:00:00,195,2025-01-08 09:56:42,2025-01-08 09:57:43,101,18,358.2,10
4613404444,2025-01-08 01:00:00,195,2025-01-08 18:12:44,2025-01-08 18:13:38,94,1,27.9,1
4613031994,2025-01-08 01:00:00,195,2025-01-08 13:04:08,2025-01-08 13:06:19,211,5,283.3,5
4613404470,2025-01-08 01:00:00,195,2025-01-08 18:14:17,2025-01-08 18:16:00,183,12,375.6,9
4613515301,2025-01-08 01:00:00,195,2025-01-08 20:04:46,2025-01-08 20:07:13,267,53,2075.0,42
4613155386,2025-01-08 01:00:00,195,2025-01-08 14:56:31,2025-01-08 14:58:32,201,2,54.9,2
4613083438,2025-01-08 01:00:00,195,2025-01-08 13:55:54,2025-01-08 13:56:37,83,1,34.6,1
4613166889,2025-01-08 01:00:00,195,2025-01-08 15:14:37,2025-01-08 15:16:25,188,8,561.3,7
4612946340,2025-01-08 01:00:00,195,2025-01-08 11:20:52,2025-01-08 11:32:28,1176,15,1151.3,9
4613166960,2025-01-08 01:00:00,195,2025-01-08 15:12:09,2025-01-08 15:15:29,320,2,53.0,2
4613083475,2025-01-08 01:00:00,195,2025-01-08 13:56:23,2025-01-08 13:57:00,77,1,26.9,1
4613166961,2025-01-08 01:00:00,195,2025-01-08 15:07:41,2025-01-08 15:07:45,4,1,20.0,1
4613558326,2025-01-08 01:00:00,195,2025-01-08 20:33:43,2025-01-08 20:49:33,1590,4,70.6,4
4613132848,2025-01-08 01:00:00,195,2025-01-08 14:38:45,2025-01-08 14:40:37,192,3,671.8,3
4613103568,2025-01-08 01:00:00,195,2025-01-08 14:22:29,2025-01-08 14:22:54,25,3,986.0,3
4613229435,2025-01-08 01:00:00,195,2025-01-08 15:59:59,2025-01-08 16:00:30,4071,3,1047.0,2
4613006790,2025-01-08 01:00:00,195,2025-01-08 12:35:33,2025-01-08 12:37:54,221,2,111.9,2
4613229361,2025-01-08 01:00:00,195,2025-01-08 15:44:07,2025-01-08 15:48:15,408,6,266.4,4
4613070791,2025-01-08 01:00:00,195,2025-01-08 13:41:43,2025-01-08 13:42:58,115,1,64.9,1
4613307656,2025-01-08 01:00:00,195,2025-01-08 16:42:19,2025-01-08 16:49:03,684,7,173.3,6
4613532417,2025-01-08 01:00:00,195,2025-01-08 20:13:13,2025-01-08 20:22:56,943,1,8.0,1
4613281255,2025-01-08 01:00:00,195,2025-01-08 16:37:45,2025-01-08 16:39:14,169,11,360.6,8
4613155443,2025-01-08 01:00:00,195,2025-01-08 14:49:12,2025-01-08 14:53:51,439,1,29.8,1
4613389924,2025-01-08 01:00:00,195,2025-01-08 18:00:18,2025-01-08 18:00:57,39,12,352.6,11
4613103533,2025-01-08 01:00:00,195,2025-01-08 14:22:22,2025-01-08 14:23:21,99,15,782.2,14
4613431356,2025-01-08 01:00:00,195,2025-01-08 18:35:00,2025-01-08 18:38:28,328,17,686.0,12
4613132944,2025-01-08 01:00:00,195,2025-01-08 14:34:01,2025-01-08 14:34:08,7,1,22.0,1
4613431372,2025-01-08 01:00:00,195,2025-01-08 18:33:38,2025-01-08 18:33:47,9,1,90.0,1
4613585524,2025-01-08 01:00:00,195,2025-01-08 22:12:02,2025-01-08 22:22:56,1054,4,86.6,2
4613431416,2025-01-08 01:00:00,195,2025-01-08 18:41:51,2025-01-08 18:42:56,105,16,651.2,16
4613229386,2025-01-08 01:00:00,195,2025-01-08 15:56:18,2025-01-08 15:57:56,138,1,8.0,1
4613431387,2025-01-08 01:00:00,195,2025-01-08 18:27:08,2025-01-08 18:27:35,27,11,205.7,9
4612903103,2025-01-08 01:00:00,195,2025-01-08 10:51:49,2025-01-08 10:53:01,152,12,1233.2,10
4613132962,2025-01-08 01:00:00,195,2025-01-08 14:28:33,2025-01-08 14:28:54,21,1,234.0,1
4613335535,2025-01-08 01:00:00,195,2025-01-08 17:14:21,2025-01-08 17:15:05,84,13,725.4,12
4613254983,2025-01-08 01:00:00,195,2025-01-08 16:15:00,2025-01-08 16:15:15,15,1,135.0,1
4612946385,2025-01-08 01:00:00,195,2025-01-08 11:29:13,2025-01-08 11:29:34,21,4,400.0,2
4613389857,2025-01-08 01:00:00,195,2025-01-08 17:50:54,2025-01-08 17:52:34,180,2,27.2,2
4613363113,2025-01-08 01:00:00,195,2025-01-08 17:28:25,2025-01-08 17:29:37,112,14,617.9,14
4613431369,2025-01-08 01:00:00,195,2025-01-08 18:28:23,2025-01-08 18:28:44,21,4,154.4,4
4612946380,2025-01-08 01:00:00,195,2025-01-08 11:32:47,2025-01-08 11:33:13,66,5,129.0,5
4613166970,2025-01-08 01:00:00,195,2025-01-08 15:12:05,2025-01-08 15:12:16,11,5,140.0,5
4613166981,2025-01-08 01:00:00,195,2025-01-08 15:11:25,2025-01-08 15:12:50,125,25,915.7,21
4613166975,2025-01-08 01:00:00,195,2025-01-08 15:10:01,2025-01-08 15:11:02,101,16,845.9,13
4613585544,2025-01-08 01:00:00,195,2025-01-08 21:49:44,2025-01-08 22:25:09,7565,9,349.3,9
4613254966,2025-01-08 01:00:00,195,2025-01-08 16:08:02,2025-01-08 16:09:35,133,8,325.0,8
4613132855,2025-01-08 01:00:00,195,2025-01-08 14:43:02,2025-01-08 14:45:21,219,1,39.9,1
4613229394,2025-01-08 01:00:00,195,2025-01-08 16:04:17,2025-01-08 16:04:47,30,5,99.7,5
4612946399,2025-01-08 01:00:00,195,2025-01-08 11:32:46,2025-01-08 11:32:47,1,0,-3000.0,1
4613335506,2025-01-08 01:00:00,195,2025-01-08 17:10:07,2025-01-08 17:10:47,40,9,409.8,9
4613132902,2025-01-08 01:00:00,195,2025-01-08 14:41:44,2025-01-08 14:43:44,200,1,19.9,1
4612765964,2025-01-08 01:00:00,195,2025-01-08 08:06:31,2025-01-08 08:07:07,76,5,225.8,5
4613558297,2025-01-08 01:00:00,195,2025-01-08 20:41:12,2025-01-08 20:53:09,1197,15,651.1,15
4613006781,2025-01-08 01:00:00,195,2025-01-08 12:40:18,2025-01-08 12:43:12,294,2,25.8,1
4613281193,2025-01-08 01:00:00,195,2025-01-08 16:42:01,2025-01-08 16:44:07,206,11,385.6,11
4613031953,2025-01-08 01:00:00,195,2025-01-08 13:14:00,2025-01-08 13:14:18,18,4,275.7,4
4613006716,2025-01-08 01:00:00,195,2025-01-08 12:41:16,2025-01-08 12:46:32,516,6,232.4,6
4613031999,2025-01-08 01:00:00,195,2025-01-08 13:07:29,2025-01-08 13:08:41,112,13,648.7,10
4613431396,2025-01-08 01:00:00,195,2025-01-08 18:34:32,2025-01-08 18:34:58,26,4,127.0,4
4613019116,2025-01-08 01:00:00,195,2025-01-08 12:59:51,2025-01-08 13:00:06,4055,1,100.0,1
4613480470,2025-01-08 01:00:00,195,2025-01-08 19:17:01,2025-01-08 19:19:07,206,6,205.0,6
4613103521,2025-01-08 01:00:00,195,2025-01-08 14:11:33,2025-01-08 14:12:51,118,32,1012.5,17
4613431383,2025-01-08 01:00:00,195,2025-01-08 18:41:25,2025-01-08 18:42:16,91,14,422.6,10
4613070807,2025-01-08 01:00:00,195,2025-01-08 13:36:33,2025-01-08 13:37:38,105,15,305.5,10
4613050119,2025-01-08 01:00:00,195,2025-01-08 13:30:52,2025-01-08 13:31:05,53,1,27.0,1
4612792374,2025-01-08 01:00:00,195,2025-01-08 08:26:15,2025-01-08 08:28:20,205,5,55.5,3
4613404411,2025-01-08 01:00:00,195,2025-01-08 18:25:23,2025-01-08 18:26:38,115,6,168.9,6
4612824993,2025-01-08 01:00:00,195,2025-01-08 09:21:24,2025-01-08 09:21:26,2,1,-200.0,1
4613567365,2025-01-08 01:00:00,195,2025-01-08 21:18:29,2025-01-08 21:19:10,81,4,85.2,4
4612920376,2025-01-08 01:00:00,195,2025-01-08 11:09:12,2025-01-08 11:10:13,101,19,614.0,8
4613404506,2025-01-08 01:00:00,195,2025-01-08 18:07:24,2025-01-08 18:07:51,27,5,184.4,5
4612920369,2025-01-08 01:00:00,195,2025-01-08 11:06:32,2025-01-08 11:10:03,371,5,492.8,5
4613050128,2025-01-08 01:00:00,195,2025-01-08 13:28:26,2025-01-08 13:28:47,21,1,17.9,1
4612903155,2025-01-08 01:00:00,195,2025-01-08 10:44:56,2025-01-08 10:47:54,298,7,209.3,4
4613254975,2025-01-08 01:00:00,195,2025-01-08 16:24:27,2025-01-08 16:24:58,31,3,145.3,3
4612985492,2025-01-08 01:00:00,195,2025-01-08 12:16:30,2025-01-08 12:22:08,578,6,199.3,3
4613545885,2025-01-08 01:00:00,195,2025-01-08 20:32:12,2025-01-08 20:33:25,113,4,112.2,3
4613019178,2025-01-08 01:00:00,195,2025-01-08 12:55:36,2025-01-08 12:58:20,284,9,290.0,9
4613254959,2025-01-08 01:00:00,195,2025-01-08 16:20:34,2025-01-08 16:21:00,66,3,271.0,3
4613083405,2025-01-08 01:00:00,195,2025-01-08 13:59:43,2025-01-08 14:00:57,4114,12,385.0,9
4613031998,2025-01-08 01:00:00,195,2025-01-08 13:13:01,2025-01-08 13:13:58,57,6,403.3,6
4613070796,2025-01-08 01:00:00,195,2025-01-08 13:31:50,2025-01-08 13:33:50,200,22,1531.6,22
4613307765,2025-01-08 01:00:00,195,2025-01-08 16:56:50,2025-01-08 16:57:12,62,2,420.0,1
4612777445,2025-01-08 01:00:00,195,2025-01-08 08:12:07,2025-01-08 08:14:46,239,5,75.2,5
4613585539,2025-01-08 01:00:00,195,2025-01-08 22:17:07,2025-01-08 22:20:31,324,5,173.5,5
4612840031,2025-01-08 01:00:00,195,2025-01-08 09:41:45,2025-01-08 09:46:00,455,2,21.5,2
4613281227,2025-01-08 01:00:00,195,2025-01-08 16:30:21,2025-01-08 16:30:54,33,7,112.1,5
4612871114,2025-01-08 01:00:00,195,2025-01-08 10:08:19,2025-01-08 10:18:04,985,2,92.5,2
4613083469,2025-01-08 01:00:00,195,2025-01-08 13:46:33,2025-01-08 13:50:54,421,3,57.4,3
4612871130,2025-01-08 01:00:00,195,2025-01-08 10:15:43,2025-01-08 10:21:36,593,3,174.0,3
4613431401,2025-01-08 01:00:00,195,2025-01-08 18:42:35,2025-01-08 18:43:19,84,3,145.0,3
4612903129,2025-01-08 01:00:00,195,2025-01-08 10:58:31,2025-01-08 10:58:38,7,2,40.0,2
4613457238,2025-01-08 01:00:00,195,2025-01-08 19:04:33,2025-01-08 19:05:44,111,12,479.0,10
4612887308,2025-01-08 01:00:00,195,2025-01-08 10:34:06,2025-01-08 10:34:53,47,3,121.6,3
4613132863,2025-01-08 01:00:00,195,2025-01-08 14:41:42,2025-01-08 14:43:06,164,1,14.9,1
4613006720,2025-01-08 01:00:00,195,2025-01-08 12:34:21,2025-01-08 12:35:35,114,2,96.0,2
4613070736,2025-01-08 01:00:00,195,2025-01-08 13:35:01,2025-01-08 13:35:33,32,1,79.9,1
4613019176,2025-01-08 01:00:00,195,2025-01-08 12:49:23,2025-01-08 12:50:21,98,3,32.7,3
4613166930,2025-01-08 01:00:00,195,2025-01-08 15:14:55,2025-01-08 15:15:09,54,2,30.0,2
4613006779,2025-01-08 01:00:00,195,2025-01-08 12:29:15,2025-01-08 12:30:00,85,3,85.8,3
4613504575,2025-01-08 01:00:00,195,2025-01-08 19:27:56,2025-01-08 19:29:12,156,26,1047.9,18
4613050150,2025-01-08 01:00:00,195,2025-01-08 13:28:34,2025-01-08 13:29:19,85,3,308.8,2
4613132853,2025-01-08 01:00:00,195,2025-01-08 14:38:09,2025-01-08 14:38:35,26,3,97.7,3
4613031989,2025-01-08 01:00:00,195,2025-01-08 13:03:37,2025-01-08 13:06:10,273,3,67.7,3
4612792384,2025-01-08 01:00:00,195,2025-01-08 08:35:23,2025-01-08 08:37:54,231,3,62.5,3
4613019231,2025-01-08 01:00:00,195,2025-01-08 12:58:34,2025-01-08 12:59:12,78,10,314.0,9
4613132854,2025-01-08 01:00:00,195,2025-01-08 14:41:21,2025-01-08 14:43:17,196,7,276.3,6
4613103492,2025-01-08 01:00:00,195,2025-01-08 14:05:12,2025-01-08 14:05:30,18,1,14.9,1
4613480576,2025-01-08 01:00:00,195,2025-01-08 19:22:49,2025-01-08 19:23:47,98,4,566.8,3
4613103572,2025-01-08 01:00:00,195,2025-01-08 14:06:22,2025-01-08 14:06:35,13,1,29.9,1
4613203800,2025-01-08 01:00:00,195,2025-01-08 15:47:02,2025-01-08 15:47:27,25,4,230.5,4
4612855811,2025-01-08 01:00:00,195,2025-01-08 09:41:08,2025-01-08 09:48:41,733,3,127.7,3
4612792398,2025-01-08 01:00:00,195,2025-01-08 08:41:26,2025-01-08 08:42:55,129,2,33.8,2
4612887335,2025-01-08 01:00:00,195,2025-01-08 10:43:52,2025-01-08 10:44:20,68,5,329.0,2
4613254986,2025-01-08 01:00:00,195,2025-01-08 16:11:11,2025-01-08 16:11:27,16,1,135.0,1
4613019196,2025-01-08 01:00:00,195,2025-01-08 12:52:24,2025-01-08 12:54:16,192,5,354.0,5
4613581544,2025-01-08 01:00:00,195,2025-01-08 21:33:40,2025-01-08 21:51:19,1779,2,49.8,2
4613031983,2025-01-08 01:00:00,195,2025-01-08 13:03:29,2025-01-08 13:04:56,127,14,829.4,14
4613229342,2025-01-08 01:00:00,195,2025-01-08 16:00:11,2025-01-08 16:01:39,128,2,20.8,2
4613103515,2025-01-08 01:00:00,195,2025-01-08 14:08:15,2025-01-08 14:13:00,485,15,848.6,13
4612855783,2025-01-08 01:00:00,195,2025-01-08 09:58:42,2025-01-08 09:59:18,76,5,162.0,5
4612792390,2025-01-08 01:00:00,195,2025-01-08 08:36:37,2025-01-08 08:39:52,315,1,31.8,1
4613307679,2025-01-08 01:00:00,195,2025-01-08 16:53:25,2025-01-08 16:57:14,389,7,294.3,7
4612792393,2025-01-08 01:00:00,195,2025-01-08 08:38:42,2025-01-08 08:39:22,80,1,21.9,1
4613515240,2025-01-08 01:00:00,195,2025-01-08 19:52:02,2025-01-08 19:53:53,151,3,60.2,3
4612840053,2025-01-08 01:00:00,195,2025-01-08 09:27:30,2025-01-08 09:38:49,1119,4,60.0,4
4613281208,2025-01-08 01:00:00,195,2025-01-08 16:28:42,2025-01-08 16:32:07,365,2,47.8,2
4612985464,2025-01-08 01:00:00,195,2025-01-08 12:24:57,2025-01-08 12:25:01,44,0,270.0,1
4612777454,2025-01-08 01:00:00,195,2025-01-08 08:06:20,2025-01-08 08:10:51,431,5,507.8,4
4612985486,2025-01-08 01:00:00,195,2025-01-08 12:12:54,2025-01-08 12:21:58,904,2,81.8,2
4613363033,2025-01-08 01:00:00,195,2025-01-08 17:31:08,2025-01-08 17:37:30,622,1,66.9,1
4612964110,2025-01-08 01:00:00,195,2025-01-08 12:02:05,2025-01-08 12:04:26,221,3,149.7,2
4613545893,2025-01-08 01:00:00,195,2025-01-08 20:32:41,2025-01-08 20:35:00,259,7,541.0,6
4613019181,2025-01-08 01:00:00,195,2025-01-08 12:30:47,2025-01-08 13:03:05,7258,8,277.7,8
4613363091,2025-01-08 01:00:00,195,2025-01-08 17:27:16,2025-01-08 17:27:41,25,9,183.0,9
4613019159,2025-01-08 01:00:00,195,2025-01-08 13:03:15,2025-01-08 13:03:43,28,10,396.1,10
4612777463,2025-01-08 01:00:00,195,2025-01-08 08:21:49,2025-01-08 08:22:35,86,6,229.2,4
4613103462,2025-01-08 01:00:00,195,2025-01-08 14:08:24,2025-01-08 14:18:15,991,2,40.4,2
4613132930,2025-01-08 01:00:00,195,2025-01-08 14:26:42,2025-01-08 14:26:47,5,1,10.0,1
4613050149,2025-01-08 01:00:00,195,2025-01-08 13:23:38,2025-01-08 13:25:44,206,7,169.4,5
4613558294,2025-01-08 01:00:00,195,2025-01-08 20:46:20,2025-01-08 20:49:04,284,14,814.0,14
4612765959,2025-01-08 01:00:00,195,2025-01-08 08:05:47,2025-01-08 08:06:31,84,4,71.0,4
4613229370,2025-01-08 01:00:00,195,2025-01-08 15:53:16,2025-01-08 15:55:34,218,21,877.2,21
4612871120,2025-01-08 01:00:00,195,2025-01-08 10:08:53,2025-01-08 10:27:09,1856,3,188.6,3
4612840036,2025-01-08 01:00:00,195,2025-01-08 09:29:26,2025-01-08 09:42:34,1308,8,219.8,7
4612824957,2025-01-08 01:00:00,195,2025-01-08 09:21:56,2025-01-08 09:22:52,96,2,107.7,2
4613307674,2025-01-08 01:00:00,195,2025-01-08 16:58:10,2025-01-08 17:00:13,4203,2,40.6,2
4612887307,2025-01-08 01:00:00,195,2025-01-08 10:34:31,2025-01-08 10:37:31,300,13,520.6,10
4613504582,2025-01-08 01:00:00,195,2025-01-08 19:38:05,2025-01-08 19:40:24,219,66,2406.5,33
4612964104,2025-01-08 01:00:00,195,2025-01-08 11:58:41,2025-01-08 12:04:37,4596,29,1409.64,30
4613363106,2025-01-08 01:00:00,195,2025-01-08 17:45:58,2025-01-08 17:46:21,63,4,189.6,4
4613006721,2025-01-08 01:00:00,195,2025-01-08 12:28:31,2025-01-08 12:29:45,114,34,871.0,25
4612985507,2025-01-08 01:00:00,195,2025-01-08 12:07:14,2025-01-08 12:08:28,114,26,1375.0,17
4612871134,2025-01-08 01:00:00,195,2025-01-08 10:17:50,2025-01-08 10:18:00,50,2,35.0,2
4613431406,2025-01-08 01:00:00,195,2025-01-08 18:40:17,2025-01-08 18:40:49,32,12,591.0,11
4612871140,2025-01-08 01:00:00,195,2025-01-08 10:17:05,2025-01-08 10:17:18,13,4,112.0,1
4613590087,2025-01-08 01:00:00,195,2025-01-08 22:43:48,2025-01-08 22:49:20,572,3,86.7,3
4612964141,2025-01-08 01:00:00,195,2025-01-08 11:55:23,2025-01-08 11:55:39,16,3,131.0,3
4613404454,2025-01-08 01:00:00,195,2025-01-08 18:21:27,2025-01-08 18:24:18,291,8,428.1,7
4613006778,2025-01-08 01:00:00,195,2025-01-08 12:32:32,2025-01-08 12:35:14,282,15,672.6,12
4612946358,2025-01-08 01:00:00,195,2025-01-08 11:27:49,2025-01-08 11:29:25,176,30,1118.7,25
4613050186,2025-01-08 01:00:00,195,2025-01-08 13:21:34,2025-01-08 13:22:47,113,6,222.4,6
4613404389,2025-01-08 01:00:00,195,2025-01-08 18:19:06,2025-01-08 18:19:17,11,3,300.0,1
4613019107,2025-01-08 01:00:00,195,2025-01-08 12:49:07,2025-01-08 12:49:31,24,6,345.6,5
4613032010,2025-01-08 01:00:00,195,2025-01-08 13:03:11,2025-01-08 13:05:41,230,6,583.0,5
4613070758,2025-01-08 01:00:00,195,2025-01-08 13:31:30,2025-01-08 13:34:31,301,12,611.7,7
4613404402,2025-01-08 01:00:00,195,2025-01-08 18:17:39,2025-01-08 18:17:50,11,2,90.0,2
4613050245,2025-01-08 01:00:00,195,2025-01-08 13:23:55,2025-01-08 13:24:14,59,1,100.0,1
4612946363,2025-01-08 01:00:00,195,2025-01-08 11:46:01,2025-01-08 11:47:20,119,3,45.0,3
4612855769,2025-01-08 01:00:00,195,2025-01-08 09:54:21,2025-01-08 09:59:28,507,12,557.2,7
4613404498,2025-01-08 01:00:00,195,2025-01-08 18:09:47,2025-01-08 18:10:33,86,16,579.7,14
4612985427,2025-01-08 01:00:00,195,2025-01-08 12:23:12,2025-01-08 12:24:55,143,1,54.9,1
4613585523,2025-01-08 01:00:00,195,2025-01-08 22:02:24,2025-01-08 22:11:59,935,6,255.8,6
4612985434,2025-01-08 01:00:00,195,2025-01-08 12:22:13,2025-01-08 12:22:49,36,3,84.6,3
4613480577,2025-01-08 01:00:00,195,2025-01-08 19:06:52,2025-01-08 19:10:33,381,9,254.1,8
4612946344,2025-01-08 01:00:00,195,2025-01-08 11:31:30,2025-01-08 11:41:59,1029,1,29.9,1
4613032027,2025-01-08 01:00:00,195,2025-01-08 13:05:55,2025-01-08 13:07:16,161,18,1137.31,18
4612946362,2025-01-08 01:00:00,195,2025-01-08 11:27:03,2025-01-08 11:27:35,32,20,226.0,4
4613166891,2025-01-08 01:00:00,195,2025-01-08 15:18:38,2025-01-08 15:20:08,170,2,123.7,2
4613006728,2025-01-08 01:00:00,195,2025-01-08 12:40:28,2025-01-08 12:42:31,203,11,609.0,11
4613480544,2025-01-08 01:00:00,195,2025-01-08 19:18:07,2025-01-08 19:18:26,19,1,540.0,1
4613103471,2025-01-08 01:00:00,195,2025-01-08 14:17:59,2025-01-08 14:20:58,299,12,566.4,10
4613254976,2025-01-08 01:00:00,195,2025-01-08 16:15:40,2025-01-08 16:16:20,80,7,426.8,6
4612840035,2025-01-08 01:00:00,195,2025-01-08 09:23:38,2025-01-08 09:29:07,569,4,116.6,4
4613050225,2025-01-08 01:00:00,195,2025-01-08 13:29:35,2025-01-08 13:30:21,86,15,574.5,13
4612871137,2025-01-08 01:00:00,195,2025-01-08 10:22:57,2025-01-08 10:23:22,65,4,35.8,4
4613307670,2025-01-08 01:00:00,195,2025-01-08 16:55:18,2025-01-08 16:57:19,201,1,99.9,1
4612964099,2025-01-08 01:00:00,195,2025-01-08 11:54:55,2025-01-08 11:58:21,366,32,5091.0,2
4613515275,2025-01-08 01:00:00,195,2025-01-08 20:01:29,2025-01-08 20:01:55,26,5,232.8,5
4613019232,2025-01-08 01:00:00,195,2025-01-08 12:52:39,2025-01-08 12:53:13,74,8,278.0,7
4613389923,2025-01-08 01:00:00,195,2025-01-08 17:59:10,2025-01-08 17:59:37,27,4,105.3,4
4613083512,2025-01-08 01:00:00,195,2025-01-08 13:56:21,2025-01-08 13:56:39,18,2,61.0,2
4612946379,2025-01-08 01:00:00,195,2025-01-08 11:39:52,2025-01-08 11:40:46,94,15,718.6,10
4613070806,2025-01-08 01:00:00,195,2025-01-08 13:28:12,2025-01-08 13:33:27,515,1,19.9,1
4613389873,2025-01-08 01:00:00,195,2025-01-08 17:56:46,2025-01-08 17:57:54,108,3,25.7,2
4613050232,2025-01-08 01:00:00,195,2025-01-08 13:20:08,2025-01-08 13:20:32,24,1,100.0,1
4613545911,2025-01-08 01:00:00,195,2025-01-08 20:34:57,2025-01-08 20:35:29,72,9,412.5,9
4613050234,2025-01-08 01:00:00,195,2025-01-08 13:21:04,2025-01-08 13:21:20,16,1,100.0,1
4613363129,2025-01-08 01:00:00,195,2025-01-08 17:43:53,2025-01-08 17:44:15,62,8,62.0,4
4612855778,2025-01-08 01:00:00,195,2025-01-08 09:55:13,2025-01-08 09:57:27,214,1,7.9,1
4613050183,2025-01-08 01:00:00,195,2025-01-08 13:25:39,2025-01-08 13:26:24,85,4,251.6,4
4612903089,2025-01-08 01:00:00,195,2025-01-08 10:59:20,2025-01-08 11:02:19,4299,10,554.0,6
4613431319,2025-01-08 01:00:00,195,2025-01-08 18:28:13,2025-01-08 18:29:46,133,1,69.9,1
4612946391,2025-01-08 01:00:00,195,2025-01-08 11:43:51,2025-01-08 11:44:55,104,22,789.6,19
4613567371,2025-01-08 01:00:00,195,2025-01-08 21:18:50,2025-01-08 21:20:27,177,5,132.1,5
4613083428,2025-01-08 01:00:00,195,2025-01-08 13:54:23,2025-01-08 13:54:46,23,1,39.9,1
4613404434,2025-01-08 01:00:00,195,2025-01-08 18:15:43,2025-01-08 18:16:21,78,1,35.0,1
4613103552,2025-01-08 01:00:00,195,2025-01-08 14:23:20,2025-01-08 14:23:41,21,2,27.0,2
4613050231,2025-01-08 01:00:00,195,2025-01-08 13:20:39,2025-01-08 13:20:57,18,2,200.0,1
4613103558,2025-01-08 01:00:00,195,2025-01-08 14:15:51,2025-01-08 14:16:15,64,4,40.0,2
4613132940,2025-01-08 01:00:00,195,2025-01-08 14:34:16,2025-01-08 14:34:44,28,7,682.0,7
4613070782,2025-01-08 01:00:00,195,2025-01-08 13:41:46,2025-01-08 13:43:11,165,1,43.8,1
4613457357,2025-01-08 01:00:00,195,2025-01-08 18:45:37,2025-01-08 18:45:53,16,1,149.0,1
4612777440,2025-01-08 01:00:00,195,2025-01-08 08:19:49,2025-01-08 08:20:35,86,4,98.0,4
4613203765,2025-01-08 01:00:00,195,2025-01-08 15:27:29,2025-01-08 15:28:00,71,4,394.0,4
4612855789,2025-01-08 01:00:00,195,2025-01-08 10:06:19,2025-01-08 10:06:37,18,1,29.0,1
4613019193,2025-01-08 01:00:00,195,2025-01-08 12:55:32,2025-01-08 13:01:49,4617,21,1286.0,16
4612887299,2025-01-08 01:00:00,195,2025-01-08 10:30:04,2025-01-08 10:38:04,800,13,750.0,13
4613281184,2025-01-08 01:00:00,195,2025-01-08 16:28:30,2025-01-08 16:30:09,179,14,1621.7,12
4613050151,2025-01-08 01:00:00,195,2025-01-08 13:20:44,2025-01-08 13:21:18,74,6,246.4,6
4613457239,2025-01-08 01:00:00,195,2025-01-08 18:54:43,2025-01-08 18:55:20,77,3,186.0,3
4613031971,2025-01-08 01:00:00,195,2025-01-08 13:14:49,2025-01-08 13:15:03,54,1,438.0,1
4613281267,2025-01-08 01:00:00,195,2025-01-08 16:30:59,2025-01-08 16:31:25,66,2,224.0,2
4613070849,2025-01-08 01:00:00,195,2025-01-08 13:41:13,2025-01-08 13:41:28,15,2,46.0,2
4613083509,2025-01-08 01:00:00,195,2025-01-08 13:58:41,2025-01-08 13:58:55,14,1,23.9,1
4613166959,2025-01-08 01:00:00,195,2025-01-08 15:07:52,2025-01-08 15:09:26,174,23,1025.3,21
4613254998,2025-01-08 01:00:00,195,2025-01-08 16:13:17,2025-01-08 16:14:56,139,7,186.4,6
4612809481,2025-01-08 01:00:00,195,2025-01-08 08:54:04,2025-01-08 08:54:46,42,9,280.8,8
4613575238,2025-01-08 01:00:00,195,2025-01-08 21:41:06,2025-01-08 21:42:35,129,6,115.4,3
4612920334,2025-01-08 01:00:00,195,2025-01-08 11:20:34,2025-01-08 11:20:45,11,1,80.0,1
4613389837,2025-01-08 01:00:00,195,2025-01-08 18:05:40,2025-01-08 18:06:32,92,9,305.0,9
4613070797,2025-01-08 01:00:00,195,2025-01-08 13:44:33,2025-01-08 13:46:08,175,3,830.0,3
4613103530,2025-01-08 01:00:00,195,2025-01-08 14:19:33,2025-01-08 14:20:58,125,25,864.1,21
4613229346,2025-01-08 01:00:00,195,2025-01-08 15:57:55,2025-01-08 15:59:56,201,3,36.6,3
4613431388,2025-01-08 01:00:00,195,2025-01-08 18:35:09,2025-01-08 18:37:51,242,64,1965.14,46
4613389859,2025-01-08 01:00:00,195,2025-01-08 17:54:16,2025-01-08 18:04:05,4989,9,284.6,6
4613457259,2025-01-08 01:00:00,195,2025-01-08 18:44:48,2025-01-08 18:45:45,97,1,18.9,1
4613132919,2025-01-08 01:00:00,195,2025-01-08 14:37:11,2025-01-08 14:37:29,18,10,159.0,1
4613431417,2025-01-08 01:00:00,195,2025-01-08 18:39:57,2025-01-08 18:40:20,63,2,113.7,2
4613307738,2025-01-08 01:00:00,195,2025-01-08 16:51:15,2025-01-08 16:52:16,101,28,647.46,15
4613103468,2025-01-08 01:00:00,195,2025-01-08 14:13:28,2025-01-08 14:14:11,83,3,78.7,3
4613363092,2025-01-08 01:00:00,195,2025-01-08 17:27:52,2025-01-08 17:28:11,59,5,366.6,3
4613431337,2025-01-08 01:00:00,195,2025-01-08 18:40:19,2025-01-08 18:43:05,286,8,317.6,8
4613431328,2025-01-08 01:00:00,195,2025-01-08 18:28:10,2025-01-08 18:28:51,41,2,56.8,2
4613575252,2025-01-08 01:00:00,195,2025-01-08 21:42:19,2025-01-08 21:43:40,121,2,108.1,2
4613335467,2025-01-08 01:00:00,195,2025-01-08 17:12:14,2025-01-08 17:13:45,131,6,295.7,6
4613166909,2025-01-08 01:00:00,195,2025-01-08 15:21:13,2025-01-08 15:22:36,123,1,15.9,1
4613389911,2025-01-08 01:00:00,195,2025-01-08 17:46:11,2025-01-08 17:49:51,340,62,2537.0,53
4613070828,2025-01-08 01:00:00,195,2025-01-08 13:35:06,2025-01-08 13:35:32,26,1,178.8,1
4613363066,2025-01-08 01:00:00,195,2025-01-08 17:27:29,2025-01-08 17:31:33,404,3,96.7,3
4613203783,2025-01-08 01:00:00,195,2025-01-08 15:40:35,2025-01-08 15:41:13,78,5,206.5,5
4613431421,2025-01-08 01:00:00,195,2025-01-08 18:36:54,2025-01-08 18:39:18,264,48,3065.6,42
4613504512,2025-01-08 01:00:00,195,2025-01-08 19:28:17,2025-01-08 19:32:34,417,4,264.2,3
4613155413,2025-01-08 01:00:00,195,2025-01-08 15:05:43,2025-01-08 15:06:32,89,8,253.8,8
4613307665,2025-01-08 01:00:00,195,2025-01-08 17:01:03,2025-01-08 17:05:28,425,6,407.1,5
4613132914,2025-01-08 01:00:00,195,2025-01-08 14:31:35,2025-01-08 14:32:59,124,31,868.7,22
4613070834,2025-01-08 01:00:00,195,2025-01-08 13:39:41,2025-01-08 13:40:05,64,4,181.7,4
4613166967,2025-01-08 01:00:00,195,2025-01-08 15:13:09,2025-01-08 15:14:22,113,10,879.7,9
4613307771,2025-01-08 01:00:00,195,2025-01-08 16:53:10,2025-01-08 16:53:28,18,2,311.0,2
4613229434,2025-01-08 01:00:00,195,2025-01-08 15:56:01,2025-01-08 15:56:54,53,17,428.0,12
4613480503,2025-01-08 01:00:00,195,2025-01-08 19:17:11,2025-01-08 19:17:54,43,13,523.3,6
4613307725,2025-01-08 01:00:00,195,2025-01-08 16:57:03,2025-01-08 16:57:47,44,7,471.3,6
4613389908,2025-01-08 01:00:00,195,2025-01-08 17:55:51,2025-01-08 17:59:29,378,103,4311.4,69
4613281206,2025-01-08 01:00:00,195,2025-01-08 16:32:22,2025-01-08 16:33:44,122,1,24.9,1
4612809458,2025-01-08 01:00:00,195,2025-01-08 08:52:11,2025-01-08 08:56:42,431,4,129.6,4
4613203781,2025-01-08 01:00:00,195,2025-01-08 15:41:22,2025-01-08 15:42:09,87,12,273.4,11
4613404438,2025-01-08 01:00:00,195,2025-01-08 18:10:55,2025-01-08 18:12:23,168,28,1963.2,21
4613389831,2025-01-08 01:00:00,195,2025-01-08 18:05:55,2025-01-08 18:06:44,89,3,76.0,1
4613480509,2025-01-08 01:00:00,195,2025-01-08 19:10:35,2025-01-08 19:11:53,118,16,1356.0,11
4613431389,2025-01-08 01:00:00,195,2025-01-08 18:33:26,2025-01-08 18:34:14,88,9,488.7,9
4613404442,2025-01-08 01:00:00,195,2025-01-08 18:21:08,2025-01-08 18:24:17,309,4,88.3,4
4613431380,2025-01-08 01:00:00,195,2025-01-08 18:38:16,2025-01-08 18:40:16,200,37,1834.9,32
4612871112,2025-01-08 01:00:00,195,2025-01-08 10:24:33,2025-01-08 10:25:49,116,3,39.7,3
4613431355,2025-01-08 01:00:00,195,2025-01-08 18:39:50,2025-01-08 18:41:57,207,6,252.4,6
4613404477,2025-01-08 01:00:00,195,2025-01-08 18:17:10,2025-01-08 18:19:35,225,15,459.7,10
4613132913,2025-01-08 01:00:00,195,2025-01-08 14:26:16,2025-01-08 14:27:02,86,15,610.0,14
4613457266,2025-01-08 01:00:00,195,2025-01-08 19:01:41,2025-01-08 19:03:47,206,8,404.7,8
4613132887,2025-01-08 01:00:00,195,2025-01-08 14:19:34,2025-01-08 14:32:26,1292,2,76.7,2
4613155388,2025-01-08 01:00:00,195,2025-01-08 14:58:43,2025-01-08 14:59:10,67,1,29.9,1
4613281190,2025-01-08 01:00:00,195,2025-01-08 16:38:48,2025-01-08 16:40:54,206,19,343.1,4
4612887324,2025-01-08 01:00:00,195,2025-01-08 10:27:35,2025-01-08 10:28:40,105,5,218.0,3
4613281195,2025-01-08 01:00:00,195,2025-01-08 16:40:27,2025-01-08 16:45:16,489,11,279.8,10
4613166919,2025-01-08 01:00:00,195,2025-01-08 15:17:00,2025-01-08 15:19:49,249,5,187.0,4
4613229447,2025-01-08 01:00:00,195,2025-01-08 15:59:17,2025-01-08 16:02:16,4299,65,2815.4,50
4613515312,2025-01-08 01:00:00,195,2025-01-08 19:52:00,2025-01-08 19:54:56,256,12,573.53,10
4613389898,2025-01-08 01:00:00,195,2025-01-08 17:58:39,2025-01-08 17:59:50,111,20,1018.3,17
4613307717,2025-01-08 01:00:00,195,2025-01-08 16:55:26,2025-01-08 16:58:02,276,40,2556.6,31
4613363099,2025-01-08 01:00:00,195,2025-01-08 17:35:11,2025-01-08 17:35:47,36,16,468.0,11
4612985444,2025-01-08 01:00:00,195,2025-01-08 12:22:35,2025-01-08 12:23:30,95,11,465.9,10
4613431342,2025-01-08 01:00:00,195,2025-01-08 18:29:08,2025-01-08 18:31:28,220,2,245.9,2
4613363040,2025-01-08 01:00:00,195,2025-01-08 17:36:18,2025-01-08 17:40:57,439,26,971.1,23
4613132845,2025-01-08 01:00:00,195,2025-01-08 14:29:08,2025-01-08 14:31:30,222,2,77.8,1
4613032046,2025-01-08 01:00:00,195,2025-01-08 13:07:45,2025-01-08 13:07:58,13,1,100.0,1
4613203755,2025-01-08 01:00:00,195,2025-01-08 15:36:43,2025-01-08 15:42:48,605,23,682.33,23
4613404512,2025-01-08 01:00:00,195,2025-01-08 18:09:19,2025-01-08 18:10:07,88,11,305.0,11
4613281250,2025-01-08 01:00:00,195,2025-01-08 16:40:23,2025-01-08 16:40:26,3,0,270.0,1
4613019120,2025-01-08 01:00:00,195,2025-01-08 12:51:13,2025-01-08 12:51:36,23,1,21.0,1
4613281256,2025-01-08 01:00:00,195,2025-01-08 16:42:47,2025-01-08 16:43:08,61,1,28.0,1
4613155465,2025-01-08 01:00:00,195,2025-01-08 14:54:32,2025-01-08 14:55:00,68,5,291.2,5
4613335486,2025-01-08 01:00:00,195,2025-01-08 17:13:10,2025-01-08 17:14:59,149,2,42.7,2
4613558277,2025-01-08 01:00:00,195,2025-01-08 21:00:30,2025-01-08 21:00:52,22,4,137.3,4
4613404508,2025-01-08 01:00:00,195,2025-01-08 18:09:36,2025-01-08 18:10:01,65,8,293.0,8
4613132927,2025-01-08 01:00:00,195,2025-01-08 14:46:21,2025-01-08 14:46:42,21,5,31.2,3
4613155438,2025-01-08 01:00:00,195,2025-01-08 14:45:37,2025-01-08 14:49:39,402,12,400.9,11
4613006723,2025-01-08 01:00:00,195,2025-01-08 12:36:09,2025-01-08 12:39:43,334,5,178.0,4
4613155454,2025-01-08 01:00:00,195,2025-01-08 14:47:22,2025-01-08 14:56:03,881,2,43.0,2
4613203736,2025-01-08 01:00:00,195,2025-01-08 15:36:17,2025-01-08 15:38:35,218,8,253.4,5
4613132889,2025-01-08 01:00:00,195,2025-01-08 14:32:32,2025-01-08 14:38:48,616,21,991.8,21
4613457339,2025-01-08 01:00:00,195,2025-01-08 18:59:28,2025-01-08 19:01:42,4214,24,2067.1,18
4613307720,2025-01-08 01:00:00,195,2025-01-08 16:58:22,2025-01-08 16:58:28,6,1,35.0,1
4613229437,2025-01-08 01:00:00,195,2025-01-08 16:01:34,2025-01-08 16:01:51,17,17,522.3,15
4613155418,2025-01-08 01:00:00,195,2025-01-08 14:56:53,2025-01-08 14:57:59,106,30,1099.5,22
4613006739,2025-01-08 01:00:00,195,2025-01-08 12:39:16,2025-01-08 12:40:22,106,14,381.3,14
4613132862,2025-01-08 01:00:00,195,2025-01-08 14:38:59,2025-01-08 14:39:37,78,3,52.7,2
4613229443,2025-01-08 01:00:00,195,2025-01-08 16:04:38,2025-01-08 16:05:19,81,7,253.0,6
4613166885,2025-01-08 01:00:00,195,2025-01-08 15:16:27,2025-01-08 15:16:33,6,1,33.0,1
4613515308,2025-01-08 01:00:00,195,2025-01-08 19:55:35,2025-01-08 19:56:42,107,7,449.7,7
4613166971,2025-01-08 01:00:00,195,2025-01-08 15:11:28,2025-01-08 15:11:39,11,4,50.0,4
4613335499,2025-01-08 01:00:00,195,2025-01-08 17:19:16,2025-01-08 17:20:12,96,1,10.0,1
4613203740,2025-01-08 01:00:00,195,2025-01-08 15:42:32,2025-01-08 15:43:29,97,2,273.9,2
4613031937,2025-01-08 01:00:00,195,2025-01-08 13:15:43,2025-01-08 13:17:23,180,3,113.7,2
4613254967,2025-01-08 01:00:00,195,2025-01-08 16:10:48,2025-01-08 16:11:27,79,11,516.1,11
4613335534,2025-01-08 01:00:00,195,2025-01-08 17:15:16,2025-01-08 17:16:21,105,23,1133.8,17
4613229389,2025-01-08 01:00:00,195,2025-01-08 16:02:53,2025-01-08 16:03:09,56,1,53.0,1
4613480477,2025-01-08 01:00:00,195,2025-01-08 18:45:33,2025-01-08 19:22:38,7705,23,823.6,23
4613229418,2025-01-08 01:00:00,195,2025-01-08 15:58:36,2025-01-08 15:59:17,81,12,435.8,12
4613389829,2025-01-08 01:00:00,195,2025-01-08 18:03:17,2025-01-08 18:05:35,218,5,136.5,4
4613307667,2025-01-08 01:00:00,195,2025-01-08 16:48:42,2025-01-08 16:55:48,706,28,1433.0,28
4613050197,2025-01-08 01:00:00,195,2025-01-08 13:30:18,2025-01-08 13:30:51,33,4,171.5,3
4613335523,2025-01-08 01:00:00,195,2025-01-08 17:10:55,2025-01-08 17:11:58,103,15,855.51,12
4613431359,2025-01-08 01:00:00,195,2025-01-08 18:39:40,2025-01-08 18:43:56,416,11,385.0,8
4613335485,2025-01-08 01:00:00,195,2025-01-08 17:22:50,2025-01-08 17:26:18,368,6,589.6,6
4613567344,2025-01-08 01:00:00,195,2025-01-08 21:21:48,2025-01-08 21:24:45,297,9,382.3,6
4613389864,2025-01-08 01:00:00,195,2025-01-08 17:47:42,2025-01-08 17:48:27,85,3,74.2,3
4613155467,2025-01-08 01:00:00,195,2025-01-08 14:47:35,2025-01-08 14:48:43,108,16,769.4,14
4613404468,2025-01-08 01:00:00,195,2025-01-08 18:16:37,2025-01-08 18:17:34,97,14,755.8,12
4613070821,2025-01-08 01:00:00,195,2025-01-08 13:43:42,2025-01-08 13:44:17,75,9,401.5,8
4613132884,2025-01-08 01:00:00,195,2025-01-08 14:29:37,2025-01-08 14:31:04,167,2,47.8,1
4613155392,2025-01-08 01:00:00,195,2025-01-08 15:01:16,2025-01-08 15:02:32,116,1,31.8,1
4613203719,2025-01-08 01:00:00,195,2025-01-08 15:28:48,2025-01-08 15:30:42,194,4,73.0,4
4613457318,2025-01-08 01:00:00,195,2025-01-08 18:53:35,2025-01-08 18:54:32,97,16,601.2,13
4613203754,2025-01-08 01:00:00,195,2025-01-08 15:29:26,2025-01-08 15:35:37,611,1,29.9,1
4613203761,2025-01-08 01:00:00,195,2025-01-08 15:26:43,2025-01-08 15:28:09,166,23,721.9,19
4613281268,2025-01-08 01:00:00,195,2025-01-08 16:33:37,2025-01-08 16:34:40,103,10,309.0,10
4612824999,2025-01-08 01:00:00,195,2025-01-08 09:05:13,2025-01-08 09:21:31,1618,21,1227.6,20
4613307750,2025-01-08 01:00:00,195,2025-01-08 16:54:14,2025-01-08 16:55:10,96,6,451.9,6
4613203795,2025-01-08 01:00:00,195,2025-01-08 15:39:44,2025-01-08 15:40:22,78,5,882.0,4
4613307741,2025-01-08 01:00:00,195,2025-01-08 16:55:06,2025-01-08 16:55:46,40,6,594.0,5
4613590091,2025-01-08 01:00:00,195,2025-01-08 22:41:58,2025-01-08 22:49:16,758,1,16.0,1
4613431439,2025-01-08 01:00:00,195,2025-01-08 18:45:21,2025-01-08 18:45:34,13,1,146.0,1
4613229350,2025-01-08 01:00:00,195,2025-01-08 16:01:46,2025-01-08 16:03:04,158,1,29.9,1
4613404481,2025-01-08 01:00:00,195,2025-01-08 18:20:36,2025-01-08 18:21:21,85,3,59.6,3
4612871151,2025-01-08 01:00:00,195,2025-01-08 10:14:01,2025-01-08 10:15:12,111,22,1058.5,18
4613166958,2025-01-08 01:00:00,195,2025-01-08 15:09:36,2025-01-08 15:10:44,108,21,854.0,18
4613307688,2025-01-08 01:00:00,195,2025-01-08 17:03:01,2025-01-08 17:04:55,154,3,64.7,3
4613166974,2025-01-08 01:00:00,195,2025-01-08 15:11:45,2025-01-08 15:12:01,56,2,73.8,2
4613532347,2025-01-08 01:00:00,195,2025-01-08 20:08:08,2025-01-08 20:09:34,126,1,29.9,1
4613132841,2025-01-08 01:00:00,195,2025-01-08 14:26:34,2025-01-08 14:27:16,82,3,176.4,3
4613335510,2025-01-08 01:00:00,195,2025-01-08 17:10:50,2025-01-08 17:11:12,62,3,52.0,2
4613132881,2025-01-08 01:00:00,195,2025-01-08 14:31:19,2025-01-08 14:32:54,135,1,69.9,1
4612920356,2025-01-08 01:00:00,195,2025-01-08 11:16:15,2025-01-08 11:20:40,425,1,69.9,1
4613229368,2025-01-08 01:00:00,195,2025-01-08 15:52:26,2025-01-08 15:53:08,82,3,71.7,3
4613431432,2025-01-08 01:00:00,195,2025-01-08 18:28:07,2025-01-08 18:28:14,7,2,316.0,1
4613307652,2025-01-08 01:00:00,195,2025-01-08 16:52:40,2025-01-08 17:02:37,4997,1,125.8,1
4613457292,2025-01-08 01:00:00,195,2025-01-08 19:01:01,2025-01-08 19:03:00,199,4,95.6,2
4613132951,2025-01-08 01:00:00,195,2025-01-08 14:44:21,2025-01-08 14:45:09,88,15,509.9,15
4613431362,2025-01-08 01:00:00,195,2025-01-08 18:27:51,2025-01-08 18:36:17,866,14,681.6,14
4613203747,2025-01-08 01:00:00,195,2025-01-08 15:34:56,2025-01-08 15:35:24,68,1,90.0,1
4612985491,2025-01-08 01:00:00,195,2025-01-08 12:00:20,2025-01-08 12:08:32,812,2,48.0,2
4613307754,2025-01-08 01:00:00,195,2025-01-08 16:53:39,2025-01-08 16:53:41,2,1,-9.0,1
4613203720,2025-01-08 01:00:00,195,2025-01-08 15:42:44,2025-01-08 15:43:35,91,3,140.9,3
4613431427,2025-01-08 01:00:00,195,2025-01-08 18:36:11,2025-01-08 18:36:52,41,1,319.0,2
4613498092,2025-01-08 01:00:00,195,2025-01-08 19:38:30,2025-01-08 19:40:38,208,1,25.9,2
4613431340,2025-01-08 01:00:00,195,2025-01-08 18:38:30,2025-01-08 18:39:55,125,3,412.9,3
4613431344,2025-01-08 01:00:00,195,2025-01-08 18:42:00,2025-01-08 18:44:42,242,9,292.3,9
4613404414,2025-01-08 01:00:00,195,2025-01-08 18:20:41,2025-01-08 18:20:47,6,1,28.0,1
4613032038,2025-01-08 01:00:00,195,2025-01-08 13:08:35,2025-01-08 13:09:27,92,15,259.0,11
4613480559,2025-01-08 01:00:00,195,2025-01-08 19:16:04,2025-01-08 19:18:10,206,17,356.9,15
4613431343,2025-01-08 01:00:00,195,2025-01-08 18:38:21,2025-01-08 18:41:42,321,4,112.6,4
4613515245,2025-01-08 01:00:00,195,2025-01-08 19:51:58,2025-01-08 20:00:17,4859,41,1472.2,31
4613457356,2025-01-08 01:00:00,195,2025-01-08 19:01:06,2025-01-08 19:01:18,12,1,30.0,1
4613532380,2025-01-08 01:00:00,195,2025-01-08 20:22:54,2025-01-08 20:23:33,79,7,970.5,7
4613404440,2025-01-08 01:00:00,195,2025-01-08 18:13:46,2025-01-08 18:16:53,307,10,927.9,9
4613545949,2025-01-08 01:00:00,195,2025-01-08 20:27:17,2025-01-08 20:32:02,485,101,3962.9,43
4613083407,2025-01-08 01:00:00,195,2025-01-08 14:02:48,2025-01-08 14:03:35,87,3,37.1,3
4613545886,2025-01-08 01:00:00,195,2025-01-08 20:36:55,2025-01-08 20:40:20,365,6,181.4,5
4613404387,2025-01-08 01:00:00,195,2025-01-08 18:12:06,2025-01-08 18:13:53,147,40,1293.7,31
4613575232,2025-01-08 01:00:00,195,2025-01-08 21:28:40,2025-01-08 21:30:23,183,7,295.3,6
4613515248,2025-01-08 01:00:00,195,2025-01-08 19:47:34,2025-01-08 19:53:44,610,10,857.3,10
4613457279,2025-01-08 01:00:00,195,2025-01-08 18:51:03,2025-01-08 18:51:25,22,2,68.8,2
4613515288,2025-01-08 01:00:00,195,2025-01-08 19:53:36,2025-01-08 19:54:46,110,4,128.3,3
4613498061,2025-01-08 01:00:00,195,2025-01-08 19:46:13,2025-01-08 19:46:48,35,2,27.8,2
4613103525,2025-01-08 01:00:00,195,2025-01-08 14:16:41,2025-01-08 14:17:47,106,18,859.2,14
4613515323,2025-01-08 01:00:00,195,2025-01-08 20:06:39,2025-01-08 20:07:11,72,2,179.0,1
4613532404,2025-01-08 01:00:00,195,2025-01-08 20:25:45,2025-01-08 20:27:32,187,1,69.9,1
4613515310,2025-01-08 01:00:00,195,2025-01-08 19:47:53,2025-01-08 19:49:07,154,4,156.4,4
4613498069,2025-01-08 01:00:00,195,2025-01-08 19:40:48,2025-01-08 19:45:06,458,23,868.5,12
4613545913,2025-01-08 01:00:00,195,2025-01-08 20:37:57,2025-01-08 20:38:12,55,5,162.0,5
4613532423,2025-01-08 01:00:00,195,2025-01-08 20:07:18,2025-01-08 20:08:44,126,33,1470.6,33
4613581526,2025-01-08 01:00:00,195,2025-01-08 22:00:50,2025-01-08 22:01:30,80,1,24.9,1
4613050235,2025-01-08 01:00:00,195,2025-01-08 13:21:47,2025-01-08 13:22:01,54,1,100.0,1
4613480538,2025-01-08 01:00:00,195,2025-01-08 19:16:14,2025-01-08 19:16:41,27,6,119.5,5
4613575233,2025-01-08 01:00:00,195,2025-01-08 21:21:55,2025-01-08 21:34:26,1271,16,784.9,13
4613498062,2025-01-08 01:00:00,195,2025-01-08 19:43:18,2025-01-08 19:44:11,93,11,345.6,11
4613504586,2025-01-08 01:00:00,195,2025-01-08 19:37:18,2025-01-08 19:39:04,186,9,653.5,9
4613585516,2025-01-08 01:00:00,195,2025-01-08 22:21:42,2025-01-08 22:22:27,85,2,91.8,1
4613581531,2025-01-08 01:00:00,195,2025-01-08 21:52:39,2025-01-08 22:04:40,5201,10,599.1,10
4613498043,2025-01-08 01:00:00,195,2025-01-08 19:38:33,2025-01-08 19:40:34,201,1,79.9,2
4612792436,2025-01-08 01:00:00,195,2025-01-08 08:39:56,2025-01-08 08:40:37,81,1,17.9,1
4613588212,2025-01-08 01:00:00,195,2025-01-08 22:27:00,2025-01-08 22:29:44,244,10,204.4,4
4613457325,2025-01-08 01:00:00,195,2025-01-08 18:53:16,2025-01-08 18:53:46,30,15,527.0,10
4613498045,2025-01-08 01:00:00,195,2025-01-08 19:37:57,2025-01-08 19:38:49,92,8,273.4,8
4613532360,2025-01-08 01:00:00,195,2025-01-08 20:18:51,2025-01-08 20:19:15,64,13,89.4,3
4613581538,2025-01-08 01:00:00,195,2025-01-08 21:41:51,2025-01-08 21:49:39,788,3,79.7,3
4613457347,2025-01-08 01:00:00,195,2025-01-08 18:59:43,2025-01-08 19:00:07,4064,5,235.5,3
4613480561,2025-01-08 01:00:00,195,2025-01-08 19:22:55,2025-01-08 19:26:32,377,7,776.8,5
4612777455,2025-01-08 01:00:00,195,2025-01-08 08:12:20,2025-01-08 08:15:27,307,1,47.7,1
4613581570,2025-01-08 01:00:00,195,2025-01-08 22:07:30,2025-01-08 22:07:44,14,1,31.9,1
4613558309,2025-01-08 01:00:00,195,2025-01-08 20:49:56,2025-01-08 20:50:06,50,3,148.0,3
4613567396,2025-01-08 01:00:00,195,2025-01-08 21:16:21,2025-01-08 21:17:07,86,4,581.4,3
4613019163,2025-01-08 01:00:00,195,2025-01-08 12:50:43,2025-01-08 12:54:05,362,9,275.7,9
4613457290,2025-01-08 01:00:00,195,2025-01-08 18:54:25,2025-01-08 18:55:10,85,5,509.4,5
4613567355,2025-01-08 01:00:00,195,2025-01-08 21:18:16,2025-01-08 21:21:07,291,5,220.0,5
4613457304,2025-01-08 01:00:00,195,2025-01-08 18:47:17,2025-01-08 18:47:59,42,8,100.0,4
4612855776,2025-01-08 01:00:00,195,2025-01-08 09:57:41,2025-01-08 10:01:46,4405,2,37.8,2
4613515319,2025-01-08 01:00:00,195,2025-01-08 19:55:06,2025-01-08 19:56:59,153,6,553.0,6
4613545892,2025-01-08 01:00:00,195,2025-01-08 20:34:26,2025-01-08 20:46:28,1202,13,250.0,6
4613457299,2025-01-08 01:00:00,195,2025-01-08 18:58:58,2025-01-08 19:01:40,4282,12,681.4,8
4613575257,2025-01-08 01:00:00,195,2025-01-08 21:27:07,2025-01-08 21:28:55,148,4,103.0,4
4613515231,2025-01-08 01:00:00,195,2025-01-08 19:55:57,2025-01-08 19:56:50,93,47,2741.2,45
4613504546,2025-01-08 01:00:00,195,2025-01-08 19:31:30,2025-01-08 19:32:11,81,2,291.6,2
4613558259,2025-01-08 01:00:00,195,2025-01-08 21:04:28,2025-01-08 21:06:30,202,7,140.3,5
4612855819,2025-01-08 01:00:00,195,2025-01-08 09:45:22,2025-01-08 09:48:56,334,1,8.0,1
4613498057,2025-01-08 01:00:00,195,2025-01-08 19:44:45,2025-01-08 19:45:27,82,4,175.5,4
4613545931,2025-01-08 01:00:00,195,2025-01-08 20:45:49,2025-01-08 20:46:24,75,13,278.7,9
4613532403,2025-01-08 01:00:00,195,2025-01-08 20:06:58,2025-01-08 20:07:58,100,8,280.8,7
4613498077,2025-01-08 01:00:00,195,2025-01-08 19:46:57,2025-01-08 19:47:18,61,5,84.5,3
4613532340,2025-01-08 01:00:00,195,2025-01-08 20:19:59,2025-01-08 20:24:53,494,5,66.9,5
4613558286,2025-01-08 01:00:00,195,2025-01-08 20:55:19,2025-01-08 20:56:02,83,12,1148.4,8
4613532370,2025-01-08 01:00:00,195,2025-01-08 20:09:27,2025-01-08 20:10:01,74,11,577.0,11
4612920387,2025-01-08 01:00:00,195,2025-01-08 11:07:49,2025-01-08 11:08:31,82,12,383.0,5
4613567373,2025-01-08 01:00:00,195,2025-01-08 21:06:15,2025-01-08 21:09:24,309,5,213.8,4
4613480566,2025-01-08 01:00:00,195,2025-01-08 19:08:05,2025-01-08 19:09:36,131,12,505.7,12
4613545897,2025-01-08 01:00:00,195,2025-01-08 20:38:27,2025-01-08 20:46:39,812,7,136.8,7
4613103501,2025-01-08 01:00:00,195,2025-01-08 14:06:34,2025-01-08 14:07:39,105,3,329.7,1
4613585514,2025-01-08 01:00:00,195,2025-01-08 22:09:09,2025-01-08 22:12:06,297,2,142.7,2
4613480500,2025-01-08 01:00:00,195,2025-01-08 19:08:08,2025-01-08 19:11:02,294,55,3021.78,50
4613515247,2025-01-08 01:00:00,195,2025-01-08 20:01:07,2025-01-08 20:04:02,295,1,29.9,1
4612985510,2025-01-08 01:00:00,195,2025-01-08 12:13:19,2025-01-08 12:13:45,26,2,308.0,1
4613532410,2025-01-08 01:00:00,195,2025-01-08 20:18:30,2025-01-08 20:23:56,526,5,208.4,5
4613498065,2025-01-08 01:00:00,195,2025-01-08 19:40:52,2025-01-08 19:44:18,366,5,971.9,4
4613567386,2025-01-08 01:00:00,195,2025-01-08 21:11:30,2025-01-08 21:11:52,22,5,185.0,1
4613457251,2025-01-08 01:00:00,195,2025-01-08 18:57:15,2025-01-08 18:59:44,229,6,131.0,6
4613545910,2025-01-08 01:00:00,195,2025-01-08 20:44:32,2025-01-08 20:46:41,209,41,662.3,22
4613498054,2025-01-08 01:00:00,195,2025-01-08 19:40:15,2025-01-08 19:40:38,23,1,28.9,1
4613575269,2025-01-08 01:00:00,195,2025-01-08 21:42:48,2025-01-08 21:44:03,155,32,1239.3,20
4612946336,2025-01-08 01:00:00,195,2025-01-08 11:20:06,2025-01-08 11:32:16,1210,1,29.9,1
4613585529,2025-01-08 01:00:00,195,2025-01-08 22:20:21,2025-01-08 22:21:11,90,6,439.2,7
4613532377,2025-01-08 01:00:00,195,2025-01-08 20:21:46,2025-01-08 20:22:27,81,4,280.0,4
4613480558,2025-01-08 01:00:00,195,2025-01-08 19:14:01,2025-01-08 19:15:34,133,7,662.2,7
4613103562,2025-01-08 01:00:00,195,2025-01-08 14:18:37,2025-01-08 14:20:55,218,54,1904.6,31
4613504551,2025-01-08 01:00:00,195,2025-01-08 19:28:47,2025-01-08 19:31:42,295,11,849.4,10
4613558283,2025-01-08 01:00:00,195,2025-01-08 21:05:13,2025-01-08 21:06:15,102,20,1018.0,18
4613504567,2025-01-08 01:00:00,195,2025-01-08 19:25:12,2025-01-08 19:28:40,328,83,3366.3,72
4613031930,2025-01-08 01:00:00,195,2025-01-08 13:14:42,2025-01-08 13:15:40,98,2,35.8,2
4613498058,2025-01-08 01:00:00,195,2025-01-08 19:45:38,2025-01-08 19:46:53,115,5,154.9,4
4613545895,2025-01-08 01:00:00,195,2025-01-08 20:39:10,2025-01-08 20:39:57,47,1,50.0,1
4613515259,2025-01-08 01:00:00,195,2025-01-08 20:02:38,2025-01-08 20:04:09,171,17,873.0,15
4613532418,2025-01-08 01:00:00,195,2025-01-08 20:11:07,2025-01-08 20:12:38,131,37,1087.1,29
4613558290,2025-01-08 01:00:00,195,2025-01-08 20:54:08,2025-01-08 21:05:31,5123,7,200.9,7
4613581537,2025-01-08 01:00:00,195,2025-01-08 21:48:19,2025-01-08 21:59:29,1110,3,224.7,3
4613031944,2025-01-08 01:00:00,195,2025-01-08 13:16:29,2025-01-08 13:16:44,15,3,167.0,4
4613545890,2025-01-08 01:00:00,195,2025-01-08 20:37:20,2025-01-08 20:38:51,131,1,5.9,1
4613070760,2025-01-08 01:00:00,195,2025-01-08 13:39:18,2025-01-08 13:39:53,35,1,15.9,1
4613545935,2025-01-08 01:00:00,195,2025-01-08 20:41:35,2025-01-08 20:41:58,23,1,1738.0,1
4613083496,2025-01-08 01:00:00,195,2025-01-08 13:54:10,2025-01-08 13:55:15,105,20,782.7,15
4613545916,2025-01-08 01:00:00,195,2025-01-08 20:36:42,2025-01-08 20:37:00,58,2,28.3,2
4613567399,2025-01-08 01:00:00,195,2025-01-08 21:19:53,2025-01-08 21:21:59,206,42,1637.6,31
4613504540,2025-01-08 01:00:00,195,2025-01-08 19:31:45,2025-01-08 19:32:09,64,1,4.9,1
4613103543,2025-01-08 01:00:00,195,2025-01-08 14:07:29,2025-01-08 14:08:26,97,7,284.0,6
4613567346,2025-01-08 01:00:00,195,2025-01-08 21:19:25,2025-01-08 21:21:14,189,9,361.9,6
4613070811,2025-01-08 01:00:00,195,2025-01-08 13:34:30,2025-01-08 13:34:59,29,6,135.1,6
4613575265,2025-01-08 01:00:00,195,2025-01-08 21:31:28,2025-01-08 21:33:57,229,29,2811.6,23
4613070756,2025-01-08 01:00:00,195,2025-01-08 13:38:32,2025-01-08 13:38:58,26,1,31.9,1
4613457254,2025-01-08 01:00:00,195,2025-01-08 18:55:14,2025-01-08 18:55:41,27,33,1759.33,34
4613567381,2025-01-08 01:00:00,195,2025-01-08 21:21:12,2025-01-08 21:22:03,91,25,1456.7,25
4613515249,2025-01-08 01:00:00,195,2025-01-08 20:02:03,2025-01-08 20:03:37,134,2,118.0,2
4613006770,2025-01-08 01:00:00,195,2025-01-08 12:36:35,2025-01-08 12:37:00,65,2,468.0,1
4613480501,2025-01-08 01:00:00,195,2025-01-08 19:14:57,2025-01-08 19:16:23,166,17,566.3,13
4612946360,2025-01-08 01:00:00,195,2025-01-08 11:33:36,2025-01-08 11:34:32,96,8,229.0,6
4613558280,2025-01-08 01:00:00,195,2025-01-08 21:03:11,2025-01-08 21:04:49,138,25,1298.0,25
4613070733,2025-01-08 01:00:00,195,2025-01-08 13:31:11,2025-01-08 13:33:37,226,3,68.7,3
4613567392,2025-01-08 01:00:00,195,2025-01-08 21:10:03,2025-01-08 21:11:18,115,28,1398.2,20
4613457301,2025-01-08 01:00:00,195,2025-01-08 18:42:19,2025-01-08 18:46:50,431,4,168.4,4
4613575281,2025-01-08 01:00:00,195,2025-01-08 21:35:07,2025-01-08 21:35:24,17,1,-10.0,1
4612792392,2025-01-08 01:00:00,195,2025-01-08 08:34:27,2025-01-08 08:36:03,176,7,282.8,6
4613590111,2025-01-08 01:00:00,195,2025-01-08 22:48:38,2025-01-08 22:49:49,111,1,116.9,1
4612964144,2025-01-08 01:00:00,195,2025-01-08 12:01:17,2025-01-08 12:01:34,17,7,669.0,2
4613457330,2025-01-08 01:00:00,195,2025-01-08 18:59:39,2025-01-08 19:00:29,4090,14,585.7,12
4612777464,2025-01-08 01:00:00,195,2025-01-08 08:20:32,2025-01-08 08:22:17,185,1,99.9,1
4613480473,2025-01-08 01:00:00,195,2025-01-08 19:13:56,2025-01-08 19:19:19,563,3,124.66,4
4613457309,2025-01-08 01:00:00,195,2025-01-08 18:44:26,2025-01-08 18:45:36,110,10,487.4,9
4613532408,2025-01-08 01:00:00,195,2025-01-08 20:22:45,2025-01-08 20:26:25,380,11,579.9,6
4612777442,2025-01-08 01:00:00,195,2025-01-08 08:08:43,2025-01-08 08:11:51,308,3,109.6,2
4613532369,2025-01-08 01:00:00,195,2025-01-08 20:11:09,2025-01-08 20:11:26,17,1,679.0,1
4612964151,2025-01-08 01:00:00,195,2025-01-08 11:57:46,2025-01-08 11:58:43,97,3,43.0,3
4613567349,2025-01-08 01:00:00,195,2025-01-08 21:03:29,2025-01-08 21:09:41,612,31,1415.5,27
4612871121,2025-01-08 01:00:00,195,2025-01-08 10:07:42,2025-01-08 10:23:09,1567,3,112.3,3
4613480581,2025-01-08 01:00:00,195,2025-01-08 19:21:57,2025-01-08 19:23:20,163,7,834.9,6
4613070839,2025-01-08 01:00:00,195,2025-01-08 13:35:37,2025-01-08 13:35:41,4,1,6.0,1
4613457334,2025-01-08 01:00:00,195,2025-01-08 18:56:18,2025-01-08 18:58:54,236,51,1740.0,39
4612920386,2025-01-08 01:00:00,195,2025-01-08 11:21:52,2025-01-08 11:24:04,252,45,2594.0,14
4613457336,2025-01-08 01:00:00,195,2025-01-08 18:57:08,2025-01-08 18:57:51,43,7,323.0,7
4613031950,2025-01-08 01:00:00,195,2025-01-08 13:17:36,2025-01-08 13:17:57,21,3,153.0,3
4613515260,2025-01-08 01:00:00,195,2025-01-08 19:57:48,2025-01-08 19:59:12,164,23,1030.3,19
4613083510,2025-01-08 01:00:00,195,2025-01-08 13:57:38,2025-01-08 13:58:18,80,7,295.0,6
4613515290,2025-01-08 01:00:00,195,2025-01-08 19:55:01,2025-01-08 19:59:38,437,9,296.2,8
4613457329,2025-01-08 01:00:00,195,2025-01-08 19:02:02,2025-01-08 19:02:47,45,9,282.0,9
4613558268,2025-01-08 01:00:00,195,2025-01-08 20:55:53,2025-01-08 21:00:01,4448,5,202.1,5
4613083406,2025-01-08 01:00:00,195,2025-01-08 14:02:21,2025-01-08 14:03:46,125,46,855.0,14
4613558317,2025-01-08 01:00:00,195,2025-01-08 20:49:22,2025-01-08 20:49:44,22,9,88.1,6
4613019209,2025-01-08 01:00:00,195,2025-01-08 13:03:35,2025-01-08 13:04:22,87,18,537.4,12
4613545946,2025-01-08 01:00:00,195,2025-01-08 20:09:34,2025-01-08 20:32:12,2278,3,51.3,3
4613070825,2025-01-08 01:00:00,195,2025-01-08 13:38:32,2025-01-08 13:38:59,27,4,105.0,4
4613581536,2025-01-08 01:00:00,195,2025-01-08 21:57:46,2025-01-08 22:01:52,4406,4,268.1,4
4613545945,2025-01-08 01:00:00,195,2025-01-08 20:29:06,2025-01-08 20:29:16,10,1,77.0,1
4613480575,2025-01-08 01:00:00,195,2025-01-08 19:17:26,2025-01-08 19:19:22,196,3,76.8,3
4613070767,2025-01-08 01:00:00,195,2025-01-08 13:39:56,2025-01-08 13:42:33,277,4,249.4,4
4613532398,2025-01-08 01:00:00,195,2025-01-08 20:09:55,2025-01-08 20:10:50,95,1,26.9,1
4613019194,2025-01-08 01:00:00,195,2025-01-08 12:54:06,2025-01-08 12:55:24,118,3,60.5,3
4613567376,2025-01-08 01:00:00,195,2025-01-08 21:21:16,2025-01-08 21:23:14,198,4,37.0,3
4613070851,2025-01-08 01:00:00,195,2025-01-08 13:40:40,2025-01-08 13:40:55,15,3,48.0,2
4613558319,2025-01-08 01:00:00,195,2025-01-08 20:49:02,2025-01-08 20:50:28,126,15,843.3,13
4613504524,2025-01-08 01:00:00,195,2025-01-08 19:29:25,2025-01-08 19:31:32,207,3,144.7,3
4613480467,2025-01-08 01:00:00,195,2025-01-08 19:12:07,2025-01-08 19:14:27,220,11,650.4,5
4612792439,2025-01-08 01:00:00,195,2025-01-08 08:28:14,2025-01-08 08:29:18,104,5,158.4,5
4613515292,2025-01-08 01:00:00,195,2025-01-08 20:00:14,2025-01-08 20:02:04,190,9,590.5,9
4613019213,2025-01-08 01:00:00,195,2025-01-08 12:57:45,2025-01-08 12:58:36,91,16,312.9,14
4613545915,2025-01-08 01:00:00,195,2025-01-08 20:33:53,2025-01-08 20:34:44,91,14,362.4,13
4612840028,2025-01-08 01:00:00,195,2025-01-08 09:34:01,2025-01-08 09:41:40,739,2,48.0,2
4613545903,2025-01-08 01:00:00,195,2025-01-08 20:37:58,2025-01-08 20:38:16,58,2,86.2,2
4613567397,2025-01-08 01:00:00,195,2025-01-08 21:14:45,2025-01-08 21:15:26,81,5,137.0,5
4613498087,2025-01-08 01:00:00,195,2025-01-08 19:38:39,2025-01-08 19:38:58,19,3,83.0,3
4612824986,2025-01-08 01:00:00,195,2025-01-08 09:26:55,2025-01-08 09:27:33,78,4,251.1,4
4613532399,2025-01-08 01:00:00,195,2025-01-08 20:11:33,2025-01-08 20:13:41,208,9,390.0,9
4612809490,2025-01-08 01:00:00,195,2025-01-08 09:05:08,2025-01-08 09:05:55,47,7,424.5,8
4613558321,2025-01-08 01:00:00,195,2025-01-08 20:55:01,2025-01-08 20:56:54,153,7,269.6,7
4612887304,2025-01-08 01:00:00,195,2025-01-08 10:32:41,2025-01-08 10:40:59,818,1,7.9,1
4613585520,2025-01-08 01:00:00,195,2025-01-08 22:25:24,2025-01-08 22:26:27,103,2,299.7,1
4613504550,2025-01-08 01:00:00,195,2025-01-08 19:31:23,2025-01-08 19:31:41,18,6,217.0,6
4613480491,2025-01-08 01:00:00,195,2025-01-08 19:23:58,2025-01-08 19:25:48,190,1,47.0,1
4613019183,2025-01-08 01:00:00,195,2025-01-08 12:50:45,2025-01-08 12:51:28,83,4,56.0,3
4613532397,2025-01-08 01:00:00,195,2025-01-08 20:24:10,2025-01-08 20:25:39,129,35,1997.5,35
4612840074,2025-01-08 01:00:00,195,2025-01-08 09:41:17,2025-01-08 09:42:52,135,15,1021.0,14
4613545950,2025-01-08 01:00:00,195,2025-01-08 20:26:35,2025-01-08 20:31:33,498,12,741.4,8
4613006777,2025-01-08 01:00:00,195,2025-01-08 12:27:32,2025-01-08 12:29:07,175,1,22.9,1
4613545943,2025-01-08 01:00:00,195,2025-01-08 20:29:23,2025-01-08 20:29:32,9,1,499.0,1
4613581541,2025-01-08 01:00:00,195,2025-01-08 21:43:06,2025-01-08 21:49:42,636,2,21.7,2
4613504585,2025-01-08 01:00:00,195,2025-01-08 19:37:50,2025-01-08 19:38:25,75,4,59.0,4
4613050142,2025-01-08 01:00:00,195,2025-01-08 13:25:29,2025-01-08 13:29:11,382,16,997.4,10
4613515252,2025-01-08 01:00:00,195,2025-01-08 19:59:15,2025-01-08 20:00:40,4125,33,1245.46,20
4612871153,2025-01-08 01:00:00,195,2025-01-08 10:16:22,2025-01-08 10:17:22,100,20,623.8,8
4613567345,2025-01-08 01:00:00,195,2025-01-08 21:23:58,2025-01-08 21:26:49,291,7,310.0,7
4613103473,2025-01-08 01:00:00,195,2025-01-08 14:14:22,2025-01-08 14:16:20,198,1,28.9,1
4613575249,2025-01-08 01:00:00,195,2025-01-08 21:36:41,2025-01-08 21:38:30,189,3,82.7,2
4613558330,2025-01-08 01:00:00,195,2025-01-08 20:49:53,2025-01-08 20:51:56,203,3,97.7,3
4613588208,2025-01-08 01:00:00,195,2025-01-08 22:22:08,2025-01-08 22:28:17,609,16,533.5,14
4613070827,2025-01-08 01:00:00,195,2025-01-08 13:30:38,2025-01-08 13:32:08,170,33,779.7,15
4613585538,2025-01-08 01:00:00,195,2025-01-08 22:14:18,2025-01-08 22:16:51,233,5,123.0,5
4612871109,2025-01-08 01:00:00,195,2025-01-08 10:18:17,2025-01-08 10:21:48,331,5,105.2,4
4613504516,2025-01-08 01:00:00,195,2025-01-08 19:28:05,2025-01-08 19:29:15,110,1,16.9,1
4613070844,2025-01-08 01:00:00,195,2025-01-08 13:34:10,2025-01-08 13:34:26,16,2,468.9,2
4613504549,2025-01-08 01:00:00,195,2025-01-08 19:32:49,2025-01-08 19:33:46,97,2,32.0,1
4613050236,2025-01-08 01:00:00,195,2025-01-08 13:22:26,2025-01-08 13:22:38,12,1,100.0,1
4613504560,2025-01-08 01:00:00,195,2025-01-08 19:34:59,2025-01-08 19:36:32,173,25,736.2,14
4613070757,2025-01-08 01:00:00,195,2025-01-08 13:45:01,2025-01-08 13:46:36,135,7,238.8,7
4613515250,2025-01-08 01:00:00,195,2025-01-08 19:58:56,2025-01-08 20:01:49,4293,5,158.5,5
4612920339,2025-01-08 01:00:00,195,2025-01-08 11:15:41,2025-01-08 11:15:46,5,1,19.0,1
4613545926,2025-01-08 01:00:00,195,2025-01-08 20:34:33,2025-01-08 20:35:16,83,12,217.8,7
4612824996,2025-01-08 01:00:00,195,2025-01-08 08:40:19,2025-01-08 09:13:30,7311,4,233.3,4
4613590085,2025-01-08 01:00:00,195,2025-01-08 22:49:57,2025-01-08 22:50:34,77,3,82.7,3
4613581524,2025-01-08 01:00:00,195,2025-01-08 21:50:58,2025-01-08 21:53:49,291,6,39.4,7
4613532412,2025-01-08 01:00:00,195,2025-01-08 20:18:34,2025-01-08 20:19:17,83,3,87.7,3
4612792423,2025-01-08 01:00:00,195,2025-01-08 08:32:56,2025-01-08 08:34:16,160,16,444.2,16
4613545887,2025-01-08 01:00:00,195,2025-01-08 20:40:57,2025-01-08 20:42:59,202,5,118.4,5
4612903110,2025-01-08 01:00:00,195,2025-01-08 10:56:27,2025-01-08 10:57:39,112,27,808.6,15
4613457308,2025-01-08 01:00:00,195,2025-01-08 18:50:50,2025-01-08 18:51:59,109,24,859.0,19
4612809477,2025-01-08 01:00:00,195,2025-01-08 08:32:16,2025-01-08 08:49:32,1716,1,14.9,1
4613457343,2025-01-08 01:00:00,195,2025-01-08 18:45:44,2025-01-08 18:46:47,103,20,915.3,15
4613532420,2025-01-08 01:00:00,195,2025-01-08 20:23:04,2025-01-08 20:24:41,137,26,1673.0,26
4613480517,2025-01-08 01:00:00,195,2025-01-08 19:17:28,2025-01-08 19:18:00,72,7,322.3,4
4612871127,2025-01-08 01:00:00,195,2025-01-08 10:06:00,2025-01-08 10:08:19,219,42,2025.7,37
4613558258,2025-01-08 01:00:00,195,2025-01-08 21:01:23,2025-01-08 21:01:41,18,1,14.9,1
4612946346,2025-01-08 01:00:00,195,2025-01-08 11:26:32,2025-01-08 11:32:29,597,4,115.5,4
4613545921,2025-01-08 01:00:00,195,2025-01-08 20:32:40,2025-01-08 20:33:32,92,17,680.2,15
4612824950,2025-01-08 01:00:00,195,2025-01-08 09:23:28,2025-01-08 09:24:12,84,1,29.9,1
4613585557,2025-01-08 01:00:00,195,2025-01-08 22:07:24,2025-01-08 22:08:39,115,24,1699.5,16
4613581533,2025-01-08 01:00:00,195,2025-01-08 22:01:44,2025-01-08 22:02:44,100,3,72.6,3
4613457302,2025-01-08 01:00:00,195,2025-01-08 18:45:49,2025-01-08 18:46:26,77,9,319.4,6
4612946353,2025-01-08 01:00:00,195,2025-01-08 11:26:08,2025-01-08 11:43:52,1744,3,129.0,3
4613498072,2025-01-08 01:00:00,195,2025-01-08 19:45:47,2025-01-08 19:46:42,95,13,475.7,13
4613019167,2025-01-08 01:00:00,195,2025-01-08 12:59:09,2025-01-08 12:59:58,49,2,18.9,2
4613498059,2025-01-08 01:00:00,195,2025-01-08 19:44:43,2025-01-08 19:46:29,186,7,317.3,7
4612946376,2025-01-08 01:00:00,195,2025-01-08 11:28:01,2025-01-08 11:28:33,32,10,1890.0,3
4613504542,2025-01-08 01:00:00,195,2025-01-08 19:33:43,2025-01-08 19:36:54,311,6,322.4,5
4613457248,2025-01-08 01:00:00,195,2025-01-08 18:55:34,2025-01-08 18:56:27,93,1,179.0,1
4613515329,2025-01-08 01:00:00,195,2025-01-08 20:04:28,2025-01-08 20:05:11,83,10,339.5,10
4612964133,2025-01-08 01:00:00,195,2025-01-08 11:59:27,2025-01-08 12:00:34,4107,23,1161.4,19
4613457268,2025-01-08 01:00:00,195,2025-01-08 19:04:06,2025-01-08 19:06:07,201,4,102.6,4
4613031964,2025-01-08 01:00:00,195,2025-01-08 13:14:16,2025-01-08 13:16:29,213,42,1418.0,23
4613457253,2025-01-08 01:00:00,195,2025-01-08 19:02:35,2025-01-08 19:06:28,393,12,249.4,11
4613032019,2025-01-08 01:00:00,195,2025-01-08 13:12:35,2025-01-08 13:13:42,107,17,734.1,16
4613480484,2025-01-08 01:00:00,195,2025-01-08 19:18:00,2025-01-08 19:19:31,131,3,49.0,3
4613480579,2025-01-08 01:00:00,195,2025-01-08 19:05:20,2025-01-08 19:08:48,328,9,420.1,9
4613515272,2025-01-08 01:00:00,195,2025-01-08 19:51:40,2025-01-08 19:52:18,78,12,671.0,9
4613155389,2025-01-08 01:00:00,195,2025-01-08 15:04:32,2025-01-08 15:04:58,26,1,34.9,1
4613558266,2025-01-08 01:00:00,195,2025-01-08 21:04:23,2025-01-08 21:07:13,290,1,89.9,1
4613103563,2025-01-08 01:00:00,195,2025-01-08 14:17:07,2025-01-08 14:18:08,101,10,220.0,9
4613558274,2025-01-08 01:00:00,195,2025-01-08 20:56:43,2025-01-08 20:57:41,98,11,419.0,8
4613166940,2025-01-08 01:00:00,195,2025-01-08 15:10:19,2025-01-08 15:11:10,91,2,72.5,2
4613575264,2025-01-08 01:00:00,195,2025-01-08 21:29:52,2025-01-08 21:30:09,57,3,91.7,3
4613532356,2025-01-08 01:00:00,195,2025-01-08 20:18:44,2025-01-08 20:20:05,161,2,184.8,2
4613585512,2025-01-08 01:00:00,195,2025-01-08 22:23:32,2025-01-08 22:23:55,23,1,299.7,1
4613203808,2025-01-08 01:00:00,195,2025-01-08 15:32:39,2025-01-08 15:32:47,8,1,75.0,1
4613457260,2025-01-08 01:00:00,195,2025-01-08 19:03:56,2025-01-08 19:05:15,159,14,648.0,14
4612765963,2025-01-08 01:00:00,195,2025-01-08 08:06:06,2025-01-08 08:06:14,8,2,130.0,2
4613480552,2025-01-08 01:00:00,195,2025-01-08 19:15:15,2025-01-08 19:16:44,129,4,263.9,4
4613166902,2025-01-08 01:00:00,195,2025-01-08 15:19:46,2025-01-08 15:21:46,200,11,257.6,10
4613498080,2025-01-08 01:00:00,195,2025-01-08 19:42:49,2025-01-08 19:43:18,69,4,329.6,4
4613532411,2025-01-08 01:00:00,195,2025-01-08 20:14:17,2025-01-08 20:18:25,408,2,25.8,2
4613515278,2025-01-08 01:00:00,195,2025-01-08 19:48:56,2025-01-08 19:49:04,48,2,122.0,1
4613254941,2025-01-08 01:00:00,195,2025-01-08 16:18:08,2025-01-08 16:18:15,7,1,31.0,1
4613532414,2025-01-08 01:00:00,195,2025-01-08 20:04:09,2025-01-08 20:12:43,834,1,50.0,1
4612855781,2025-01-08 01:00:00,195,2025-01-08 10:01:54,2025-01-08 10:03:56,202,8,280.0,7
4613532416,2025-01-08 01:00:00,195,2025-01-08 20:08:53,2025-01-08 20:10:41,188,34,1402.0,18
4613281191,2025-01-08 01:00:00,195,2025-01-08 16:41:12,2025-01-08 16:41:48,36,1,15.9,1
4613515317,2025-01-08 01:00:00,195,2025-01-08 20:01:35,2025-01-08 20:03:48,213,3,102.2,3
4612809491,2025-01-08 01:00:00,195,2025-01-08 09:06:03,2025-01-08 09:06:28,25,4,67.0,4
4613558257,2025-01-08 01:00:00,195,2025-01-08 21:01:47,2025-01-08 21:02:02,55,1,14.9,1
4613307715,2025-01-08 01:00:00,195,2025-01-08 16:58:59,2025-01-08 16:59:57,98,11,345.3,9
4613581522,2025-01-08 01:00:00,195,2025-01-08 22:01:36,2025-01-08 22:02:55,119,1,29.9,1
4612920373,2025-01-08 01:00:00,195,2025-01-08 11:15:47,2025-01-08 11:16:08,61,5,285.0,5
4613457232,2025-01-08 01:00:00,195,2025-01-08 19:06:12,2025-01-08 19:06:41,29,4,194.0,3
4613363102,2025-01-08 01:00:00,195,2025-01-08 17:30:49,2025-01-08 17:31:27,78,10,217.4,8
4613457264,2025-01-08 01:00:00,195,2025-01-08 18:53:00,2025-01-08 18:55:11,211,5,297.9,5
4613567352,2025-01-08 01:00:00,195,2025-01-08 21:13:02,2025-01-08 21:15:56,254,9,326.1,7
4613457276,2025-01-08 01:00:00,195,2025-01-08 19:01:52,2025-01-08 19:05:17,365,11,386.8,10
4613254997,2025-01-08 01:00:00,195,2025-01-08 16:14:58,2025-01-08 16:19:00,442,13,758.4,11
4613480531,2025-01-08 01:00:00,195,2025-01-08 19:11:56,2025-01-08 19:13:20,164,21,625.2,17
4612985439,2025-01-08 01:00:00,195,2025-01-08 12:21:02,2025-01-08 12:22:12,110,17,590.4,16
4613457297,2025-01-08 01:00:00,195,2025-01-08 18:49:13,2025-01-08 18:51:25,212,4,291.5,4
4613307747,2025-01-08 01:00:00,195,2025-01-08 16:58:24,2025-01-08 16:59:34,110,14,940.6,13
4613545918,2025-01-08 01:00:00,195,2025-01-08 20:41:09,2025-01-08 20:41:49,40,12,519.3,10
4613558267,2025-01-08 01:00:00,195,2025-01-08 20:58:22,2025-01-08 20:59:42,120,13,680.5,13
4613575248,2025-01-08 01:00:00,195,2025-01-08 21:30:13,2025-01-08 21:33:40,327,10,693.8,9
4613335550,2025-01-08 01:00:00,195,2025-01-08 17:14:33,2025-01-08 17:14:39,6,1,498.0,1
4613581555,2025-01-08 01:00:00,195,2025-01-08 21:59:19,2025-01-08 21:59:58,39,8,243.0,7
4612964107,2025-01-08 01:00:00,195,2025-01-08 11:57:51,2025-01-08 11:59:47,196,10,640.5,6
4613480479,2025-01-08 01:00:00,195,2025-01-08 19:13:50,2025-01-08 19:22:41,891,15,625.7,15
4613431353,2025-01-08 01:00:00,195,2025-01-08 18:38:48,2025-01-08 18:39:36,88,1,167.4,1
4613504545,2025-01-08 01:00:00,195,2025-01-08 19:32:45,2025-01-08 19:33:25,80,3,38.0,2
4613575240,2025-01-08 01:00:00,195,2025-01-08 21:23:21,2025-01-08 21:28:41,520,12,1221.1,10
4613558281,2025-01-08 01:00:00,195,2025-01-08 21:01:42,2025-01-08 21:02:58,116,9,511.0,8
4613166897,2025-01-08 01:00:00,195,2025-01-08 15:23:46,2025-01-08 15:25:41,195,4,82.6,4
4612964111,2025-01-08 01:00:00,195,2025-01-08 11:56:24,2025-01-08 11:57:43,119,1,42.9,1
4613006787,2025-01-08 01:00:00,195,2025-01-08 12:36:17,2025-01-08 12:37:19,102,6,440.8,6
4612964134,2025-01-08 01:00:00,195,2025-01-08 12:06:27,2025-01-08 12:07:05,78,8,218.0,8
4613203806,2025-01-08 01:00:00,195,2025-01-08 15:41:47,2025-01-08 15:42:46,99,21,775.0,16
4613006733,2025-01-08 01:00:00,195,2025-01-08 12:30:17,2025-01-08 12:31:47,130,32,615.0,17
4613480525,2025-01-08 01:00:00,195,2025-01-08 19:09:54,2025-01-08 19:13:26,372,54,1473.31,28
4613006773,2025-01-08 01:00:00,195,2025-01-08 12:30:10,2025-01-08 12:31:08,98,6,166.0,5
4613281179,2025-01-08 01:00:00,195,2025-01-08 16:44:40,2025-01-08 16:45:10,70,1,3.9,1
4613050146,2025-01-08 01:00:00,195,2025-01-08 13:23:05,2025-01-08 13:23:27,22,1,59.9,1
4613019123,2025-01-08 01:00:00,195,2025-01-08 12:57:41,2025-01-08 12:57:58,17,1,100.0,1
4613032000,2025-01-08 01:00:00,195,2025-01-08 13:03:18,2025-01-08 13:09:03,585,1,17.9,1
4613281259,2025-01-08 01:00:00,195,2025-01-08 16:26:59,2025-01-08 16:30:55,396,10,568.0,9
4613019165,2025-01-08 01:00:00,195,2025-01-08 12:54:42,2025-01-08 12:56:34,192,3,80.8,3
4612777452,2025-01-08 01:00:00,195,2025-01-08 08:11:04,2025-01-08 08:12:11,107,1,23.7,1
4613103493,2025-01-08 01:00:00,195,2025-01-08 14:21:54,2025-01-08 14:23:49,195,1,27.4,1
4613229375,2025-01-08 01:00:00,195,2025-01-08 15:56:34,2025-01-08 16:02:49,4615,13,554.5,11
4612824980,2025-01-08 01:00:00,195,2025-01-08 09:24:53,2025-01-08 09:25:01,48,2,998.0,2
4612824973,2025-01-08 01:00:00,195,2025-01-08 09:07:05,2025-01-08 09:09:16,211,16,1479.0,8
4612946354,2025-01-08 01:00:00,195,2025-01-08 11:40:54,2025-01-08 11:43:38,284,4,165.0,3
4613335505,2025-01-08 01:00:00,195,2025-01-08 17:20:58,2025-01-08 17:25:36,478,24,746.8,18
4613019219,2025-01-08 01:00:00,195,2025-01-08 12:49:23,2025-01-08 12:49:48,25,5,598.0,5
4613590101,2025-01-08 01:00:00,195,2025-01-08 22:51:16,2025-01-08 22:51:30,14,1,199.9,1
4613006759,2025-01-08 01:00:00,195,2025-01-08 12:36:27,2025-01-08 12:36:57,30,5,98.0,5
4613389877,2025-01-08 01:00:00,195,2025-01-08 17:47:25,2025-01-08 17:50:28,303,18,806.8,17
4613083451,2025-01-08 01:00:00,195,2025-01-08 13:51:22,2025-01-08 13:52:27,105,1,22.9,1
4612855812,2025-01-08 01:00:00,195,2025-01-08 09:42:56,2025-01-08 10:01:19,5863,4,164.5,4
4612824968,2025-01-08 01:00:00,195,2025-01-08 09:09:58,2025-01-08 09:10:20,62,4,106.7,3
4613363114,2025-01-08 01:00:00,195,2025-01-08 17:44:17,2025-01-08 17:45:35,118,44,2452.0,28
4612871161,2025-01-08 01:00:00,195,2025-01-08 10:18:32,2025-01-08 10:18:35,3,1,22.0,1
4612840047,2025-01-08 01:00:00,195,2025-01-08 09:24:22,2025-01-08 09:28:42,420,1,26.9,1
4612920403,2025-01-08 01:00:00,195,2025-01-08 11:23:10,2025-01-08 11:23:15,5,1,100.0,1
4613363117,2025-01-08 01:00:00,195,2025-01-08 17:34:22,2025-01-08 17:35:09,87,9,333.1,9
4612964119,2025-01-08 01:00:00,195,2025-01-08 11:44:24,2025-01-08 11:49:41,517,2,45.8,2
4612985453,2025-01-08 01:00:00,195,2025-01-08 12:19:56,2025-01-08 12:20:37,81,5,130.7,5
4612964124,2025-01-08 01:00:00,195,2025-01-08 11:53:26,2025-01-08 11:53:48,22,3,401.8,2
4613155433,2025-01-08 01:00:00,195,2025-01-08 14:57:00,2025-01-08 14:57:01,1,1,-30.0,1
4613006741,2025-01-08 01:00:00,195,2025-01-08 12:43:56,2025-01-08 12:44:42,86,10,476.3,8
4612777427,2025-01-08 01:00:00,195,2025-01-08 08:09:16,2025-01-08 08:09:43,27,4,174.8,3
4613103538,2025-01-08 01:00:00,195,2025-01-08 14:05:59,2025-01-08 14:06:22,63,3,19.7,2
4613132877,2025-01-08 01:00:00,195,2025-01-08 14:33:35,2025-01-08 14:34:48,113,3,83.7,3
4612809466,2025-01-08 01:00:00,195,2025-01-08 08:44:40,2025-01-08 08:51:54,714,7,154.6,6
4612946333,2025-01-08 01:00:00,195,2025-01-08 11:41:28,2025-01-08 11:45:15,387,6,475.0,6
4612985476,2025-01-08 01:00:00,195,2025-01-08 12:16:48,2025-01-08 12:21:48,500,1,31.4,1
4613166976,2025-01-08 01:00:00,195,2025-01-08 15:07:04,2025-01-08 15:08:26,122,36,1686.0,24
4613006782,2025-01-08 01:00:00,195,2025-01-08 12:22:57,2025-01-08 12:28:12,555,2,82.42,3
4612946369,2025-01-08 01:00:00,195,2025-01-08 11:46:02,2025-01-08 11:46:33,31,24,478.0,1
4613019173,2025-01-08 01:00:00,195,2025-01-08 12:53:06,2025-01-08 12:55:12,206,4,201.5,3
4613132896,2025-01-08 01:00:00,195,2025-01-08 14:24:53,2025-01-08 14:27:51,298,1,42.9,1
4613103548,2025-01-08 01:00:00,195,2025-01-08 14:17:23,2025-01-08 14:18:17,94,10,469.0,10
4612946382,2025-01-08 01:00:00,195,2025-01-08 11:29:44,2025-01-08 11:29:48,4,1,16.0,1
4612903087,2025-01-08 01:00:00,195,2025-01-08 10:14:22,2025-01-08 10:53:44,3922,27,1410.9,27
4613132893,2025-01-08 01:00:00,195,2025-01-08 14:40:18,2025-01-08 14:43:10,292,7,160.4,5
4612985487,2025-01-08 01:00:00,195,2025-01-08 11:28:10,2025-01-08 12:16:43,8833,17,778.7,17
4613457269,2025-01-08 01:00:00,195,2025-01-08 18:55:00,2025-01-08 18:57:04,204,9,1439.4,6
4612985441,2025-01-08 01:00:00,195,2025-01-08 12:19:52,2025-01-08 12:20:50,98,20,994.4,14
4613203760,2025-01-08 01:00:00,195,2025-01-08 15:32:54,2025-01-08 15:36:23,369,3,72.0,3
4612985477,2025-01-08 01:00:00,195,2025-01-08 12:12:42,2025-01-08 12:15:48,306,18,419.7,14
4613050171,2025-01-08 01:00:00,195,2025-01-08 13:21:15,2025-01-08 13:21:50,35,1,9.9,1
4613019208,2025-01-08 01:00:00,195,2025-01-08 13:01:45,2025-01-08 13:02:33,88,3,329.7,1
4613203746,2025-01-08 01:00:00,195,2025-01-08 15:19:05,2025-01-08 15:29:20,1015,11,584.0,11
4613050175,2025-01-08 01:00:00,195,2025-01-08 13:16:58,2025-01-08 13:21:09,451,2,83.8,2
4613006706,2025-01-08 01:00:00,195,2025-01-08 12:36:55,2025-01-08 12:38:34,179,3,301.8,3
4612855809,2025-01-08 01:00:00,195,2025-01-08 09:48:52,2025-01-08 09:50:35,183,3,84.7,3
4613281246,2025-01-08 01:00:00,195,2025-01-08 16:39:47,2025-01-08 16:40:33,86,10,261.2,10
4612824982,2025-01-08 01:00:00,195,2025-01-08 09:20:03,2025-01-08 09:20:21,18,4,153.0,3
4613019218,2025-01-08 01:00:00,195,2025-01-08 13:00:46,2025-01-08 13:01:28,82,13,461.7,8
4612824995,2025-01-08 01:00:00,195,2025-01-08 09:14:14,2025-01-08 09:22:37,823,1,123.9,1
4613389916,2025-01-08 01:00:00,195,2025-01-08 17:48:38,2025-01-08 17:50:32,194,28,1622.0,22
4612920374,2025-01-08 01:00:00,195,2025-01-08 11:14:14,2025-01-08 11:15:18,104,22,545.3,10
4613532409,2025-01-08 01:00:00,195,2025-01-08 20:11:57,2025-01-08 20:18:09,652,5,194.8,5
4612903088,2025-01-08 01:00:00,195,2025-01-08 10:55:55,2025-01-08 10:58:06,251,6,168.0,5
4613363126,2025-01-08 01:00:00,195,2025-01-08 17:40:12,2025-01-08 17:41:43,131,30,722.3,20
4612887294,2025-01-08 01:00:00,195,2025-01-08 10:19:58,2025-01-08 10:35:10,1552,1,22.0,1
4613019223,2025-01-08 01:00:00,195,2025-01-08 12:51:32,2025-01-08 12:52:14,82,5,264.4,5
4612985478,2025-01-08 01:00:00,195,2025-01-08 11:32:23,2025-01-08 12:17:10,8487,5,159.1,5
4613431320,2025-01-08 01:00:00,195,2025-01-08 18:39:08,2025-01-08 18:40:05,97,6,193.12,6
4612985437,2025-01-08 01:00:00,195,2025-01-08 12:25:43,2025-01-08 12:27:32,189,2,199.8,1
4613019210,2025-01-08 01:00:00,195,2025-01-08 12:57:10,2025-01-08 12:57:41,31,8,704.7,7
4613083463,2025-01-08 01:00:00,195,2025-01-08 13:51:50,2025-01-08 13:52:29,79,27,846.0,27
4613404459,2025-01-08 01:00:00,195,2025-01-08 18:15:41,2025-01-08 18:16:29,88,5,163.0,4
4613083394,2025-01-08 01:00:00,195,2025-01-08 14:03:01,2025-01-08 14:03:58,57,6,479.0,3
4613083389,2025-01-08 01:00:00,195,2025-01-08 14:01:42,2025-01-08 14:01:59,17,1,14.9,1
4612824967,2025-01-08 01:00:00,195,2025-01-08 09:14:05,2025-01-08 09:14:39,34,5,355.0,3
4613404461,2025-01-08 01:00:00,195,2025-01-08 18:17:09,2025-01-08 18:20:16,307,21,1299.0,21
4612855813,2025-01-08 01:00:00,195,2025-01-08 09:49:07,2025-01-08 09:50:16,109,1,41.6,1
4613480486,2025-01-08 01:00:00,195,2025-01-08 19:16:43,2025-01-08 19:17:49,106,3,39.4,3
4612824955,2025-01-08 01:00:00,195,2025-01-08 09:05:53,2025-01-08 09:22:12,1659,5,171.9,5
4613132948,2025-01-08 01:00:00,195,2025-01-08 14:42:21,2025-01-08 14:43:03,82,13,454.7,11
4612985462,2025-01-08 01:00:00,195,2025-01-08 12:19:18,2025-01-08 12:19:52,34,13,436.4,8
4613070764,2025-01-08 01:00:00,195,2025-01-08 13:35:51,2025-01-08 13:36:20,69,1,32.9,1
4612964148,2025-01-08 01:00:00,195,2025-01-08 11:58:54,2025-01-08 12:00:05,4151,22,709.0,20
4613229355,2025-01-08 01:00:00,195,2025-01-08 16:04:30,2025-01-08 16:06:41,211,3,42.8,3
4613050125,2025-01-08 01:00:00,195,2025-01-08 13:25:11,2025-01-08 13:25:44,33,1,4.3,1
4613050195,2025-01-08 01:00:00,195,2025-01-08 13:25:02,2025-01-08 13:25:32,30,5,168.0,5
4613050200,2025-01-08 01:00:00,195,2025-01-08 13:23:49,2025-01-08 13:24:18,69,4,330.5,4
4613254988,2025-01-08 01:00:00,195,2025-01-08 16:16:45,2025-01-08 16:16:57,12,1,28.0,1
4613019221,2025-01-08 01:00:00,195,2025-01-08 12:50:00,2025-01-08 12:51:28,128,33,1017.8,10
4613155442,2025-01-08 01:00:00,195,2025-01-08 14:45:27,2025-01-08 14:48:59,332,7,233.6,7
4613103512,2025-01-08 01:00:00,195,2025-01-08 14:00:35,2025-01-08 14:07:54,719,1,379.0,1
4613307678,2025-01-08 01:00:00,195,2025-01-08 16:57:34,2025-01-08 16:58:26,92,1,31.9,1
4613103470,2025-01-08 01:00:00,195,2025-01-08 14:22:05,2025-01-08 14:23:18,113,1,299.0,1
4612765956,2025-01-08 01:00:00,195,2025-01-08 07:56:20,2025-01-08 07:56:47,27,1,59.8,1
4613070751,2025-01-08 01:00:00,195,2025-01-08 13:42:25,2025-01-08 13:43:53,128,7,154.3,3
4613389912,2025-01-08 01:00:00,195,2025-01-08 17:50:45,2025-01-08 17:50:56,11,2,137.0,2
4612985433,2025-01-08 01:00:00,195,2025-01-08 12:22:21,2025-01-08 12:23:28,107,6,216.3,6
4612792406,2025-01-08 01:00:00,195,2025-01-08 08:45:46,2025-01-08 08:46:31,85,2,27.8,2
4613050161,2025-01-08 01:00:00,195,2025-01-08 13:21:55,2025-01-08 13:25:32,377,28,611.5,19
4613431354,2025-01-08 01:00:00,195,2025-01-08 18:21:03,2025-01-08 18:39:22,1819,18,733.4,17
4613050207,2025-01-08 01:00:00,195,2025-01-08 13:28:43,2025-01-08 13:29:14,71,4,200.8,4
4613083374,2025-01-08 01:00:00,195,2025-01-08 14:02:27,2025-01-08 14:03:32,105,6,82.8,3
4613083399,2025-01-08 01:00:00,195,2025-01-08 14:00:42,2025-01-08 14:01:49,107,4,105.0,4
4613132924,2025-01-08 01:00:00,195,2025-01-08 14:44:27,2025-01-08 14:45:03,76,5,174.0,5
4613083403,2025-01-08 01:00:00,195,2025-01-08 14:03:08,2025-01-08 14:03:56,48,5,849.1,2
4612920349,2025-01-08 01:00:00,195,2025-01-08 11:20:46,2025-01-08 11:22:30,184,1,29.9,1
4613083441,2025-01-08 01:00:00,195,2025-01-08 13:58:37,2025-01-08 13:59:10,73,1,4.8,1
4613203725,2025-01-08 01:00:00,195,2025-01-08 15:34:05,2025-01-08 15:37:19,314,10,208.2,7
4613103532,2025-01-08 01:00:00,195,2025-01-08 14:21:05,2025-01-08 14:22:15,110,16,557.45,17
4613515266,2025-01-08 01:00:00,195,2025-01-08 19:52:33,2025-01-08 19:52:53,20,6,326.4,5
4613050242,2025-01-08 01:00:00,195,2025-01-08 13:23:06,2025-01-08 13:23:21,15,1,100.0,1
4613229367,2025-01-08 01:00:00,195,2025-01-08 15:50:07,2025-01-08 15:52:19,212,2,66.8,2
4612871143,2025-01-08 01:00:00,195,2025-01-08 10:26:53,2025-01-08 10:27:26,73,7,140.4,6
4612903086,2025-01-08 01:00:00,195,2025-01-08 10:49:31,2025-01-08 10:52:05,274,9,1360.0,6
4612824984,2025-01-08 01:00:00,195,2025-01-08 09:21:41,2025-01-08 09:24:44,303,39,4287.5,33
4613281263,2025-01-08 01:00:00,195,2025-01-08 16:31:24,2025-01-08 16:33:02,178,8,595.3,8
4612824963,2025-01-08 01:00:00,195,2025-01-08 09:06:29,2025-01-08 09:15:06,877,3,58.7,3
4613103522,2025-01-08 01:00:00,195,2025-01-08 14:13:40,2025-01-08 14:14:56,116,20,1006.6,18
4613083502,2025-01-08 01:00:00,195,2025-01-08 13:50:24,2025-01-08 13:50:35,11,1,40.0,1
4613389899,2025-01-08 01:00:00,195,2025-01-08 18:00:34,2025-01-08 18:01:41,107,28,1848.0,15
4613083471,2025-01-08 01:00:00,195,2025-01-08 13:55:45,2025-01-08 13:57:04,159,4,64.0,4
4612946368,2025-01-08 01:00:00,195,2025-01-08 11:40:58,2025-01-08 11:42:26,168,14,578.0,13
4613070790,2025-01-08 01:00:00,195,2025-01-08 13:38:04,2025-01-08 13:38:43,39,1,89.9,1
4613404413,2025-01-08 01:00:00,195,2025-01-08 18:24:39,2025-01-08 18:25:20,81,13,307.5,13
4613050123,2025-01-08 01:00:00,195,2025-01-08 13:22:34,2025-01-08 13:24:40,206,16,466.4,15
4613457282,2025-01-08 01:00:00,195,2025-01-08 18:53:43,2025-01-08 18:54:07,64,1,12.9,1
4612840037,2025-01-08 01:00:00,195,2025-01-08 09:30:26,2025-01-08 09:31:48,122,5,545.6,5
4613155394,2025-01-08 01:00:00,195,2025-01-08 14:55:04,2025-01-08 14:57:57,253,2,52.8,2
4612855804,2025-01-08 01:00:00,195,2025-01-08 09:50:24,2025-01-08 09:50:47,23,4,102.0,4
4612946375,2025-01-08 01:00:00,195,2025-01-08 11:35:53,2025-01-08 11:37:01,148,33,541.8,13
4612824997,2025-01-08 01:00:00,195,2025-01-08 09:11:11,2025-01-08 09:15:06,395,12,378.5,10
4613203794,2025-01-08 01:00:00,195,2025-01-08 15:32:46,2025-01-08 15:33:59,113,13,705.7,7
4612824992,2025-01-08 01:00:00,195,2025-01-08 09:15:19,2025-01-08 09:15:50,31,2,287.0,2
4613070747,2025-01-08 01:00:00,195,2025-01-08 13:35:09,2025-01-08 13:35:23,14,1,11.9,1
4612920360,2025-01-08 01:00:00,195,2025-01-08 11:00:19,2025-01-08 11:07:43,724,3,163.4,3
4613335466,2025-01-08 01:00:00,195,2025-01-08 17:22:31,2025-01-08 17:24:26,195,11,630.1,11
4612920377,2025-01-08 01:00:00,195,2025-01-08 11:10:34,2025-01-08 11:10:51,17,20,56.0,1
4613006746,2025-01-08 01:00:00,195,2025-01-08 12:29:48,2025-01-08 12:30:43,95,22,914.0,20
4612920381,2025-01-08 01:00:00,195,2025-01-08 11:19:59,2025-01-08 11:21:22,163,17,861.9,14
4613389854,2025-01-08 01:00:00,195,2025-01-08 17:52:46,2025-01-08 17:54:00,154,3,140.7,2
4613006793,2025-01-08 01:00:00,195,2025-01-08 12:37:09,2025-01-08 12:45:15,806,12,409.3,11
4613515277,2025-01-08 01:00:00,195,2025-01-08 19:47:37,2025-01-08 19:48:52,115,21,1024.1,15
4613083427,2025-01-08 01:00:00,195,2025-01-08 13:57:27,2025-01-08 13:59:24,197,7,746.4,5
4613363098,2025-01-08 01:00:00,195,2025-01-08 17:38:36,2025-01-08 17:38:59,23,6,282.0,6
4613083473,2025-01-08 01:00:00,195,2025-01-08 13:51:04,2025-01-08 13:51:44,40,3,38.6,3
4613031984,2025-01-08 01:00:00,195,2025-01-08 13:08:15,2025-01-08 13:08:58,43,1,29.9,1
4613103575,2025-01-08 01:00:00,195,2025-01-08 14:04:56,2025-01-08 14:05:27,71,4,93.0,3
4613431338,2025-01-08 01:00:00,195,2025-01-08 18:34:59,2025-01-08 18:36:59,200,11,515.0,11
4613070750,2025-01-08 01:00:00,195,2025-01-08 13:35:31,2025-01-08 13:36:10,79,3,135.0,3
4612840043,2025-01-08 01:00:00,195,2025-01-08 09:39:30,2025-01-08 09:42:05,275,5,96.0,6
4612824971,2025-01-08 01:00:00,195,2025-01-08 09:09:41,2025-01-08 09:09:49,8,2,200.0,1
4613431367,2025-01-08 01:00:00,195,2025-01-08 18:17:45,2025-01-08 18:27:45,1000,5,160.7,5
4612792381,2025-01-08 01:00:00,195,2025-01-08 08:43:25,2025-01-08 08:45:04,179,2,24.2,2
4613019111,2025-01-08 01:00:00,195,2025-01-08 12:54:56,2025-01-08 12:56:50,194,46,1938.5,40
4612840055,2025-01-08 01:00:00,195,2025-01-08 09:41:17,2025-01-08 09:44:20,303,2,50.0,2
4613404466,2025-01-08 01:00:00,195,2025-01-08 18:15:59,2025-01-08 18:16:33,74,5,167.3,5
4612903085,2025-01-08 01:00:00,195,2025-01-08 10:59:23,2025-01-08 11:00:09,4086,1,15.9,1
4612903135,2025-01-08 01:00:00,195,2025-01-08 11:04:42,2025-01-08 11:04:43,1,1,-24.0,1
4612985430,2025-01-08 01:00:00,195,2025-01-08 12:23:35,2025-01-08 12:24:10,75,2,176.8,2
4613166875,2025-01-08 01:00:00,195,2025-01-08 15:18:06,2025-01-08 15:19:07,101,15,479.06,17
4613050122,2025-01-08 01:00:00,195,2025-01-08 13:21:30,2025-01-08 13:22:06,76,3,96.7,3
4613083439,2025-01-08 01:00:00,195,2025-01-08 13:47:11,2025-01-08 13:49:44,233,1,26.9,1
4613050133,2025-01-08 01:00:00,195,2025-01-08 13:24:24,2025-01-08 13:25:01,77,5,88.5,3
4613132916,2025-01-08 01:00:00,195,2025-01-08 14:25:00,2025-01-08 14:25:13,13,2,259.8,2
4613031988,2025-01-08 01:00:00,195,2025-01-08 13:05:23,2025-01-08 13:07:07,184,2,42.8,2
4612855808,2025-01-08 01:00:00,195,2025-01-08 09:49:30,2025-01-08 09:55:01,571,4,163.5,3
4613032030,2025-01-08 01:00:00,195,2025-01-08 13:12:19,2025-01-08 13:12:45,26,4,449.8,3
4613132846,2025-01-08 01:00:00,195,2025-01-08 14:28:05,2025-01-08 14:34:36,631,2,35.8,2
4613070753,2025-01-08 01:00:00,195,2025-01-08 13:40:43,2025-01-08 13:41:14,71,3,62.7,3
4613070838,2025-01-08 01:00:00,195,2025-01-08 13:38:28,2025-01-08 13:38:40,12,2,36.8,2
4612920345,2025-01-08 01:00:00,195,2025-01-08 11:02:15,2025-01-08 11:09:39,724,1,255.0,1
4613203757,2025-01-08 01:00:00,195,2025-01-08 15:40:09,2025-01-08 15:41:27,118,2,36.8,2
4612920393,2025-01-08 01:00:00,195,2025-01-08 11:08:50,2025-01-08 11:09:17,67,7,225.3,6
4613567384,2025-01-08 01:00:00,195,2025-01-08 21:12:52,2025-01-08 21:13:24,72,6,230.2,6
4612920404,2025-01-08 01:00:00,195,2025-01-08 11:22:54,2025-01-08 11:23:02,48,1,38.0,1
4613281245,2025-01-08 01:00:00,195,2025-01-08 16:45:22,2025-01-08 16:46:18,96,15,720.9,11
4612920366,2025-01-08 01:00:00,195,2025-01-08 10:53:50,2025-01-08 11:12:15,5865,14,582.6,14
4612855788,2025-01-08 01:00:00,195,2025-01-08 10:03:05,2025-01-08 10:06:23,318,1,16.0,1
4612920336,2025-01-08 01:00:00,195,2025-01-08 11:15:12,2025-01-08 11:15:24,12,1,155.0,1
4613335548,2025-01-08 01:00:00,195,2025-01-08 17:26:08,2025-01-08 17:26:23,15,2,170.0,2
4613050176,2025-01-08 01:00:00,195,2025-01-08 13:24:10,2025-01-08 13:24:46,36,1,39.9,1
4612920390,2025-01-08 01:00:00,195,2025-01-08 11:12:01,2025-01-08 11:12:31,30,5,117.8,5
4613032005,2025-01-08 01:00:00,195,2025-01-08 13:09:00,2025-01-08 13:11:10,210,4,45.9,4
4613335521,2025-01-08 01:00:00,195,2025-01-08 17:14:49,2025-01-08 17:15:45,96,11,471.9,11
4613031920,2025-01-08 01:00:00,195,2025-01-08 13:13:17,2025-01-08 13:13:37,20,1,19.9,1
4612887334,2025-01-08 01:00:00,195,2025-01-08 10:36:37,2025-01-08 10:37:31,94,12,409.16,13
4613019184,2025-01-08 01:00:00,195,2025-01-08 12:46:49,2025-01-08 12:50:32,383,3,69.4,3
4613389886,2025-01-08 01:00:00,195,2025-01-08 17:54:27,2025-01-08 18:04:48,5021,58,2099.6,53
4613103497,2025-01-08 01:00:00,195,2025-01-08 14:05:37,2025-01-08 14:07:09,172,3,161.7,3
4613558293,2025-01-08 01:00:00,195,2025-01-08 20:51:09,2025-01-08 20:53:41,232,10,331.8,7
4613070774,2025-01-08 01:00:00,195,2025-01-08 13:40:37,2025-01-08 13:41:00,63,2,80.8,2
4613363077,2025-01-08 01:00:00,195,2025-01-08 17:41:30,2025-01-08 17:45:05,375,27,1050.7,19
4613070771,2025-01-08 01:00:00,195,2025-01-08 13:38:24,2025-01-08 13:39:47,123,2,90.0,2
4612946373,2025-01-08 01:00:00,195,2025-01-08 11:42:41,2025-01-08 11:43:31,90,12,1170.0,10
4613166969,2025-01-08 01:00:00,195,2025-01-08 15:11:12,2025-01-08 15:11:19,7,3,300.0,1
4613363146,2025-01-08 01:00:00,195,2025-01-08 17:29:45,2025-01-08 17:38:25,880,1,21.9,1
4613166979,2025-01-08 01:00:00,195,2025-01-08 15:13:45,2025-01-08 15:14:12,67,4,115.3,4
4612903111,2025-01-08 01:00:00,195,2025-01-08 11:03:19,2025-01-08 11:04:45,126,36,969.0,28
4613229455,2025-01-08 01:00:00,195,2025-01-08 16:06:11,2025-01-08 16:06:12,1,1,-15.0,1
4613363123,2025-01-08 01:00:00,195,2025-01-08 17:33:10,2025-01-08 17:33:45,35,6,107.4,5
4613335488,2025-01-08 01:00:00,195,2025-01-08 17:22:44,2025-01-08 17:23:18,74,2,139.8,1
4612964132,2025-01-08 01:00:00,195,2025-01-08 12:04:38,2025-01-08 12:05:55,117,21,593.1,19
4613389851,2025-01-08 01:00:00,195,2025-01-08 18:01:12,2025-01-08 18:01:35,23,12,304.8,6
4613155415,2025-01-08 01:00:00,195,2025-01-08 15:03:00,2025-01-08 15:03:14,14,2,143.0,2
4613431357,2025-01-08 01:00:00,195,2025-01-08 18:25:07,2025-01-08 18:31:31,624,9,406.8,8
4613545889,2025-01-08 01:00:00,195,2025-01-08 20:43:31,2025-01-08 20:46:07,276,6,378.3,5
4613254935,2025-01-08 01:00:00,195,2025-01-08 16:14:15,2025-01-08 16:14:58,43,15,514.7,13
4613132957,2025-01-08 01:00:00,195,2025-01-08 14:31:08,2025-01-08 14:32:05,97,1,28.0,1
4613254917,2025-01-08 01:00:00,195,2025-01-08 16:16:31,2025-01-08 16:22:36,605,26,2213.9,26
4613006742,2025-01-08 01:00:00,195,2025-01-08 12:41:10,2025-01-08 12:41:38,28,6,198.2,6
4613254945,2025-01-08 01:00:00,195,2025-01-08 16:20:52,2025-01-08 16:24:00,348,43,2115.0,32
4613254994,2025-01-08 01:00:00,195,2025-01-08 16:11:19,2025-01-08 16:13:09,190,2,51.8,2
4613335469,2025-01-08 01:00:00,195,2025-01-08 17:10:09,2025-01-08 17:11:46,137,3,159.7,3
4612903126,2025-01-08 01:00:00,195,2025-01-08 10:53:56,2025-01-08 10:54:29,73,11,1115.1,9
4613431400,2025-01-08 01:00:00,195,2025-01-08 18:41:43,2025-01-08 18:42:10,67,3,179.7,3
4613229423,2025-01-08 01:00:00,195,2025-01-08 15:52:39,2025-01-08 15:53:10,71,4,214.6,4
4613281239,2025-01-08 01:00:00,195,2025-01-08 16:41:56,2025-01-08 16:44:00,244,39,1635.5,29
4613050187,2025-01-08 01:00:00,195,2025-01-08 13:22:29,2025-01-08 13:22:43,14,1,169.0,1
4613254989,2025-01-08 01:00:00,195,2025-01-08 16:09:50,2025-01-08 16:10:02,52,3,200.8,2
4613335533,2025-01-08 01:00:00,195,2025-01-08 17:07:17,2025-01-08 17:09:19,202,47,1919.0,33
4613229382,2025-01-08 01:00:00,195,2025-01-08 15:54:44,2025-01-08 15:55:33,89,1,77.0,1
4613031942,2025-01-08 01:00:00,195,2025-01-08 13:13:50,2025-01-08 13:14:27,77,6,511.0,5
4613363039,2025-01-08 01:00:00,195,2025-01-08 17:42:20,2025-01-08 17:46:33,413,12,763.8,10
4613389937,2025-01-08 01:00:00,195,2025-01-08 17:45:52,2025-01-08 17:50:12,460,6,464.8,5
4613431393,2025-01-08 01:00:00,195,2025-01-08 18:32:16,2025-01-08 18:33:04,88,12,483.4,9
4613031968,2025-01-08 01:00:00,195,2025-01-08 13:17:22,2025-01-08 13:18:41,119,2,44.0,2
4613155441,2025-01-08 01:00:00,195,2025-01-08 14:45:53,2025-01-08 14:49:05,352,1,42.9,1
4613389914,2025-01-08 01:00:00,195,2025-01-08 17:51:35,2025-01-08 17:53:33,198,46,2698.8,38
4613155446,2025-01-08 01:00:00,195,2025-01-08 14:49:02,2025-01-08 14:49:22,20,2,85.8,1
4613019195,2025-01-08 01:00:00,195,2025-01-08 12:55:56,2025-01-08 12:57:12,156,1,130.0,1
4613307661,2025-01-08 01:00:00,195,2025-01-08 17:03:40,2025-01-08 17:05:10,170,5,113.5,4
4613363052,2025-01-08 01:00:00,195,2025-01-08 17:41:08,2025-01-08 17:44:29,321,16,733.9,13
4613307713,2025-01-08 01:00:00,195,2025-01-08 17:06:52,2025-01-08 17:07:04,52,3,44.0,2
4613083454,2025-01-08 01:00:00,195,2025-01-08 13:50:18,2025-01-08 13:51:49,131,4,230.1,4
4613307719,2025-01-08 01:00:00,195,2025-01-08 17:02:12,2025-01-08 17:03:06,94,10,454.5,8
4613363142,2025-01-08 01:00:00,195,2025-01-08 17:41:07,2025-01-08 17:43:40,233,16,763.9,11
4613281180,2025-01-08 01:00:00,195,2025-01-08 16:30:22,2025-01-08 16:30:43,21,5,259.0,5
4613581532,2025-01-08 01:00:00,195,2025-01-08 21:48:05,2025-01-08 21:51:50,345,6,153.4,6
4613431371,2025-01-08 01:00:00,195,2025-01-08 18:28:53,2025-01-08 18:29:32,79,11,386.0,11
4613404443,2025-01-08 01:00:00,195,2025-01-08 18:17:49,2025-01-08 18:20:18,269,7,164.9,5
4613132929,2025-01-08 01:00:00,195,2025-01-08 14:45:24,2025-01-08 14:46:01,77,12,577.0,7
4612920343,2025-01-08 01:00:00,195,2025-01-08 10:55:10,2025-01-08 11:19:55,6445,4,52.0,4
4613203758,2025-01-08 01:00:00,195,2025-01-08 15:41:37,2025-01-08 15:42:55,118,4,201.6,3
4613155475,2025-01-08 01:00:00,195,2025-01-08 14:53:21,2025-01-08 14:55:51,230,1,16.0,1
4613254902,2025-01-08 01:00:00,195,2025-01-08 16:07:46,2025-01-08 16:17:11,965,14,543.7,14
4613050217,2025-01-08 01:00:00,195,2025-01-08 13:22:12,2025-01-08 13:22:30,18,6,74.7,3
4613307721,2025-01-08 01:00:00,195,2025-01-08 17:01:42,2025-01-08 17:02:01,59,2,74.8,2
4613155428,2025-01-08 01:00:00,195,2025-01-08 15:00:56,2025-01-08 15:01:41,85,9,391.0,6
4613307728,2025-01-08 01:00:00,195,2025-01-08 16:59:38,2025-01-08 17:00:47,4109,17,524.3,13
4613019119,2025-01-08 01:00:00,195,2025-01-08 13:00:41,2025-01-08 13:00:54,13,1,100.0,1
4613281244,2025-01-08 01:00:00,195,2025-01-08 16:40:41,2025-01-08 16:41:23,82,11,406.9,8
4613132923,2025-01-08 01:00:00,195,2025-01-08 14:37:48,2025-01-08 14:37:59,11,3,54.0,1
4613389917,2025-01-08 01:00:00,195,2025-01-08 17:53:36,2025-01-08 17:54:04,68,3,1385.0,2
4613457313,2025-01-08 01:00:00,195,2025-01-08 19:01:01,2025-01-08 19:03:15,214,65,2710.7,35
4613363041,2025-01-08 01:00:00,195,2025-01-08 17:42:46,2025-01-08 17:45:19,273,2,408.0,2
4613203751,2025-01-08 01:00:00,195,2025-01-08 15:35:48,2025-01-08 15:38:40,292,6,187.0,4
4613229380,2025-01-08 01:00:00,195,2025-01-08 15:55:51,2025-01-08 16:03:47,4796,6,195.4,5
4613050214,2025-01-08 01:00:00,195,2025-01-08 13:24:38,2025-01-08 13:25:13,75,4,98.4,4
4613307672,2025-01-08 01:00:00,195,2025-01-08 16:47:21,2025-01-08 16:48:30,109,5,231.7,5
4613203784,2025-01-08 01:00:00,195,2025-01-08 15:43:29,2025-01-08 15:43:42,13,2,140.0,2
4613335478,2025-01-08 01:00:00,195,2025-01-08 17:18:32,2025-01-08 17:20:37,205,6,239.4,4
4613031982,2025-01-08 01:00:00,195,2025-01-08 13:05:25,2025-01-08 13:07:55,230,17,736.0,16
4613335498,2025-01-08 01:00:00,195,2025-01-08 17:07:48,2025-01-08 17:13:24,576,1,60.0,1
4613229362,2025-01-08 01:00:00,195,2025-01-08 15:56:12,2025-01-08 15:56:59,47,1,369.0,1
4613389860,2025-01-08 01:00:00,195,2025-01-08 18:00:11,2025-01-08 18:01:29,118,1,17.9,1
4613031974,2025-01-08 01:00:00,195,2025-01-08 13:07:48,2025-01-08 13:09:22,174,3,105.22,4
4613363057,2025-01-08 01:00:00,195,2025-01-08 17:38:36,2025-01-08 17:40:09,173,5,59.8,5
4613254933,2025-01-08 01:00:00,195,2025-01-08 16:19:30,2025-01-08 16:24:41,511,11,386.8,5
4613363104,2025-01-08 01:00:00,195,2025-01-08 17:36:21,2025-01-08 17:37:11,90,15,468.5,13
4613480578,2025-01-08 01:00:00,195,2025-01-08 19:24:12,2025-01-08 19:24:55,43,1,31.9,1
4613431374,2025-01-08 01:00:00,195,2025-01-08 18:26:21,2025-01-08 18:27:08,87,14,400.0,12
4613389825,2025-01-08 01:00:00,195,2025-01-08 18:01:44,2025-01-08 18:04:43,299,2,70.8,2
4613404462,2025-01-08 01:00:00,195,2025-01-08 18:20:41,2025-01-08 18:23:04,263,11,384.0,11
4613083401,2025-01-08 01:00:00,195,2025-01-08 14:04:34,2025-01-08 14:04:50,16,1,26.9,1
4613166942,2025-01-08 01:00:00,195,2025-01-08 15:11:31,2025-01-08 15:14:11,280,15,1552.4,11
4613431365,2025-01-08 01:00:00,195,2025-01-08 18:28:43,2025-01-08 18:38:10,967,15,614.6,14
4613155470,2025-01-08 01:00:00,195,2025-01-08 14:51:43,2025-01-08 14:52:24,81,10,276.0,11
4613083448,2025-01-08 01:00:00,195,2025-01-08 13:50:00,2025-01-08 13:52:47,247,8,244.76,9
4613281264,2025-01-08 01:00:00,195,2025-01-08 16:34:22,2025-01-08 16:34:54,32,2,25.0,2
4613431379,2025-01-08 01:00:00,195,2025-01-08 18:37:22,2025-01-08 18:38:05,83,11,344.7,9
4613229439,2025-01-08 01:00:00,195,2025-01-08 15:58:04,2025-01-08 15:58:43,39,12,324.7,8
4613083424,2025-01-08 01:00:00,195,2025-01-08 13:56:45,2025-01-08 13:58:34,189,5,111.5,5
4613335482,2025-01-08 01:00:00,195,2025-01-08 17:08:54,2025-01-08 17:12:49,395,1,29.9,1
4613404479,2025-01-08 01:00:00,195,2025-01-08 18:16:34,2025-01-08 18:17:03,69,1,99.9,1
4613389934,2025-01-08 01:00:00,195,2025-01-08 17:52:29,2025-01-08 17:55:04,275,5,301.8,5
4613083381,2025-01-08 01:00:00,195,2025-01-08 14:02:09,2025-01-08 14:03:05,96,5,415.5,3
4613363121,2025-01-08 01:00:00,195,2025-01-08 17:32:07,2025-01-08 17:33:00,93,13,693.7,10
4613155462,2025-01-08 01:00:00,195,2025-01-08 14:53:15,2025-01-08 14:56:18,303,6,203.4,4
4613155440,2025-01-08 01:00:00,195,2025-01-08 14:47:40,2025-01-08 14:51:18,378,17,671.9,14
4613070817,2025-01-08 01:00:00,195,2025-01-08 13:42:54,2025-01-08 13:43:17,63,5,109.0,4
4613155457,2025-01-08 01:00:00,195,2025-01-08 14:47:29,2025-01-08 14:54:47,718,1,34.0,1
4613132904,2025-01-08 01:00:00,195,2025-01-08 14:26:42,2025-01-08 14:27:37,95,1,26.9,1
4613132943,2025-01-08 01:00:00,195,2025-01-08 14:36:31,2025-01-08 14:37:02,71,4,122.4,4
4613103520,2025-01-08 01:00:00,195,2025-01-08 14:08:03,2025-01-08 14:10:23,220,52,2878.4,45
4613229348,2025-01-08 01:00:00,195,2025-01-08 15:46:04,2025-01-08 15:49:39,335,1,10.9,1
4613254904,2025-01-08 01:00:00,195,2025-01-08 16:23:18,2025-01-08 16:27:29,411,6,157.8,6
4613229392,2025-01-08 01:00:00,195,2025-01-08 16:06:12,2025-01-08 16:07:16,104,10,567.4,8
4612824985,2025-01-08 01:00:00,195,2025-01-08 09:17:28,2025-01-08 09:17:37,9,1,100.0,1
4613404393,2025-01-08 01:00:00,195,2025-01-08 18:23:53,2025-01-08 18:24:43,90,17,848.6,16
4613254987,2025-01-08 01:00:00,195,2025-01-08 16:09:12,2025-01-08 16:09:33,21,2,207.9,2
4613155422,2025-01-08 01:00:00,195,2025-01-08 14:57:57,2025-01-08 14:59:39,182,29,1844.4,25
4613504578,2025-01-08 01:00:00,195,2025-01-08 19:27:10,2025-01-08 19:27:36,26,7,194.0,6
4613155391,2025-01-08 01:00:00,195,2025-01-08 15:01:15,2025-01-08 15:04:23,308,4,187.7,3
4613254991,2025-01-08 01:00:00,195,2025-01-08 16:17:55,2025-01-08 16:18:08,53,1,135.0,1
4613155409,2025-01-08 01:00:00,195,2025-01-08 15:02:41,2025-01-08 15:02:55,14,3,47.7,1
4612920370,2025-01-08 01:00:00,195,2025-01-08 11:20:24,2025-01-08 11:25:08,484,1,99.9,1
4613132883,2025-01-08 01:00:00,195,2025-01-08 14:26:34,2025-01-08 14:28:49,215,15,523.0,15
4613229414,2025-01-08 01:00:00,195,2025-01-08 16:05:48,2025-01-08 16:06:56,108,11,307.4,10
4613132922,2025-01-08 01:00:00,195,2025-01-08 14:38:17,2025-01-08 14:38:39,22,9,232.0,5
4613050160,2025-01-08 01:00:00,195,2025-01-08 13:25:40,2025-01-08 13:28:01,261,2,59.8,2
4613203798,2025-01-08 01:00:00,195,2025-01-08 15:38:43,2025-01-08 15:38:59,16,5,1136.0,5
4613229372,2025-01-08 01:00:00,195,2025-01-08 15:43:52,2025-01-08 15:48:43,491,10,325.3,10
4613254977,2025-01-08 01:00:00,195,2025-01-08 16:16:24,2025-01-08 16:16:34,10,2,5.0,2
4612985485,2025-01-08 01:00:00,195,2025-01-08 12:06:18,2025-01-08 12:08:03,185,10,585.0,10
4613281176,2025-01-08 01:00:00,195,2025-01-08 16:43:35,2025-01-08 16:44:04,69,1,3.9,1
4613389905,2025-01-08 01:00:00,195,2025-01-08 17:51:51,2025-01-08 17:52:23,72,6,127.1,5
4613281226,2025-01-08 01:00:00,195,2025-01-08 16:29:06,2025-01-08 16:29:23,17,2,115.8,2
4613558296,2025-01-08 01:00:00,195,2025-01-08 20:47:00,2025-01-08 20:49:38,238,18,404.9,5
4613389839,2025-01-08 01:00:00,195,2025-01-08 18:03:04,2025-01-08 18:03:35,31,8,1359.3,7
4613389927,2025-01-08 01:00:00,195,2025-01-08 17:55:39,2025-01-08 17:55:45,6,1,164.0,1
4613203739,2025-01-08 01:00:00,195,2025-01-08 15:37:42,2025-01-08 15:40:25,283,11,1307.75,12
4613019174,2025-01-08 01:00:00,195,2025-01-08 12:50:35,2025-01-08 12:52:57,222,1,15.9,1
4613203713,2025-01-08 01:00:00,195,2025-01-08 15:41:19,2025-01-08 15:43:48,229,11,380.34,12
4613363143,2025-01-08 01:00:00,195,2025-01-08 17:23:40,2025-01-08 17:29:16,576,5,744.8,5
4613254927,2025-01-08 01:00:00,195,2025-01-08 16:09:40,2025-01-08 16:10:07,67,5,391.9,5
4612792418,2025-01-08 01:00:00,195,2025-01-08 08:29:50,2025-01-08 08:40:27,1077,2,21.0,2
4613307657,2025-01-08 01:00:00,195,2025-01-08 16:45:20,2025-01-08 16:48:16,296,12,471.2,9
4613166978,2025-01-08 01:00:00,195,2025-01-08 15:13:21,2025-01-08 15:13:30,9,1,32.0,1
4613335492,2025-01-08 01:00:00,195,2025-01-08 17:20:54,2025-01-08 17:22:36,182,5,402.8,4
4613103540,2025-01-08 01:00:00,195,2025-01-08 14:13:38,2025-01-08 14:14:01,63,1,11.0,1
4613389843,2025-01-08 01:00:00,195,2025-01-08 18:06:04,2025-01-08 18:06:46,42,10,372.4,10
4613203752,2025-01-08 01:00:00,195,2025-01-08 15:41:13,2025-01-08 15:47:04,591,10,432.1,10
4613363097,2025-01-08 01:00:00,195,2025-01-08 17:35:55,2025-01-08 17:36:17,62,5,151.7,4
4613515305,2025-01-08 01:00:00,195,2025-01-08 19:49:59,2025-01-08 19:51:34,175,9,270.8,8
4613431437,2025-01-08 01:00:00,195,2025-01-08 18:43:59,2025-01-08 18:44:02,43,0,-50.0,1
4613166988,2025-01-08 01:00:00,195,2025-01-08 15:13:19,2025-01-08 15:14:23,104,23,414.9,14
4613155451,2025-01-08 01:00:00,195,2025-01-08 14:51:37,2025-01-08 14:53:30,193,5,362.6,4
4612855784,2025-01-08 01:00:00,195,2025-01-08 09:53:12,2025-01-08 09:54:28,116,15,570.1,15
4613229452,2025-01-08 01:00:00,195,2025-01-08 16:02:22,2025-01-08 16:02:24,2,1,-15.0,1
4613307675,2025-01-08 01:00:00,195,2025-01-08 16:57:28,2025-01-08 17:00:12,4284,8,345.7,7
4613281230,2025-01-08 01:00:00,195,2025-01-08 16:42:32,2025-01-08 16:47:09,477,10,499.0,5
4612840069,2025-01-08 01:00:00,195,2025-01-08 09:39:09,2025-01-08 09:39:34,25,5,297.5,5
4613363081,2025-01-08 01:00:00,195,2025-01-08 17:34:50,2025-01-08 17:36:38,188,39,1159.3,27
4613335480,2025-01-08 01:00:00,195,2025-01-08 17:15:44,2025-01-08 17:22:45,701,10,1559.3,7
4613363107,2025-01-08 01:00:00,195,2025-01-08 17:46:24,2025-01-08 17:46:48,24,10,345.0,6
4612871107,2025-01-08 01:00:00,195,2025-01-08 10:22:02,2025-01-08 10:24:12,210,2,49.7,2
4613404469,2025-01-08 01:00:00,195,2025-01-08 18:21:22,2025-01-08 18:25:39,417,11,1013.9,9
4613281247,2025-01-08 01:00:00,195,2025-01-08 16:42:02,2025-01-08 16:43:20,118,11,401.0,7
4613132880,2025-01-08 01:00:00,195,2025-01-08 14:33:01,2025-01-08 14:35:32,231,1,189.0,1
4613083468,2025-01-08 01:00:00,195,2025-01-08 13:53:58,2025-01-08 13:55:21,163,3,137.0,3
4613335545,2025-01-08 01:00:00,195,2025-01-08 17:25:34,2025-01-08 17:25:55,21,3,154.5,3
4613389884,2025-01-08 01:00:00,195,2025-01-08 17:52:45,2025-01-08 17:58:48,603,21,1713.7,21
4613335474,2025-01-08 01:00:00,195,2025-01-08 17:07:44,2025-01-08 17:13:16,572,1,29.9,1
4612903100,2025-01-08 01:00:00,195,2025-01-08 10:56:42,2025-01-08 11:05:37,4895,14,550.8,14
4613404396,2025-01-08 01:00:00,195,2025-01-08 18:21:03,2025-01-08 18:22:01,98,12,361.8,12
4613389883,2025-01-08 01:00:00,195,2025-01-08 17:52:03,2025-01-08 17:54:18,215,2,44.8,2
4612824961,2025-01-08 01:00:00,195,2025-01-08 09:17:58,2025-01-08 09:21:38,380,4,60.6,4
4613363127,2025-01-08 01:00:00,195,2025-01-08 17:45:54,2025-01-08 17:47:22,168,42,1611.3,33
4612887313,2025-01-08 01:00:00,195,2025-01-08 10:35:08,2025-01-08 10:39:50,442,4,464.3,4
4613431326,2025-01-08 01:00:00,195,2025-01-08 18:28:57,2025-01-08 18:32:33,376,11,735.8,6
4613545888,2025-01-08 01:00:00,195,2025-01-08 20:38:58,2025-01-08 20:45:58,700,2,216.7,2
4613457277,2025-01-08 01:00:00,195,2025-01-08 18:44:52,2025-01-08 18:47:20,268,26,943.0,15
4612985428,2025-01-08 01:00:00,195,2025-01-08 12:26:15,2025-01-08 12:27:14,99,4,145.6,4
4613480583,2025-01-08 01:00:00,195,2025-01-08 19:13:06,2025-01-08 19:15:10,204,17,543.2,16
4612920338,2025-01-08 01:00:00,195,2025-01-08 11:17:52,2025-01-08 11:18:04,52,2,100.0,2
4613504553,2025-01-08 01:00:00,195,2025-01-08 19:29:59,2025-01-08 19:30:17,58,3,280.0,3
4612985443,2025-01-08 01:00:00,195,2025-01-08 12:22:21,2025-01-08 12:22:51,30,1,11.6,1
4613588210,2025-01-08 01:00:00,195,2025-01-08 22:27:15,2025-01-08 22:34:20,705,11,349.8,11
4613498076,2025-01-08 01:00:00,195,2025-01-08 19:40:49,2025-01-08 19:42:35,186,41,2279.0,36
4613480508,2025-01-08 01:00:00,195,2025-01-08 19:07:02,2025-01-08 19:07:24,22,1,499.0,1
4612964146,2025-01-08 01:00:00,195,2025-01-08 11:55:55,2025-01-08 11:56:16,61,2,91.8,2
4613457327,2025-01-08 01:00:00,195,2025-01-08 19:00:36,2025-01-08 19:02:00,164,25,1073.0,18
4613006744,2025-01-08 01:00:00,195,2025-01-08 12:27:50,2025-01-08 12:28:54,104,12,510.46,13
4613498085,2025-01-08 01:00:00,195,2025-01-08 19:46:03,2025-01-08 19:46:16,13,1,158.0,1
4613019146,2025-01-08 01:00:00,195,2025-01-08 12:53:12,2025-01-08 12:54:40,128,4,100.1,3
4613504530,2025-01-08 01:00:00,195,2025-01-08 19:31:22,2025-01-08 19:32:01,79,4,136.3,4
4613480567,2025-01-08 01:00:00,195,2025-01-08 19:26:01,2025-01-08 19:26:33,32,6,476.26,8
4613515306,2025-01-08 01:00:00,195,2025-01-08 19:45:47,2025-01-08 19:51:25,578,27,1420.0,24
4613083415,2025-01-08 01:00:00,195,2025-01-08 14:02:35,2025-01-08 14:02:44,9,1,45.0,1
4613532348,2025-01-08 01:00:00,195,2025-01-08 20:10:00,2025-01-08 20:12:36,236,4,66.9,4
4613032031,2025-01-08 01:00:00,195,2025-01-08 13:07:25,2025-01-08 13:08:25,100,22,827.0,10
4613558255,2025-01-08 01:00:00,195,2025-01-08 20:59:26,2025-01-08 21:03:06,4380,6,229.4,5
4612792421,2025-01-08 01:00:00,195,2025-01-08 08:36:52,2025-01-08 08:37:46,94,14,385.6,12
4613558265,2025-01-08 01:00:00,195,2025-01-08 21:04:38,2025-01-08 21:07:33,295,14,510.6,11
4613083477,2025-01-08 01:00:00,195,2025-01-08 13:47:53,2025-01-08 13:49:53,200,3,102.0,3
4613575278,2025-01-08 01:00:00,195,2025-01-08 21:45:57,2025-01-08 21:46:21,64,8,197.4,7
4612809473,2025-01-08 01:00:00,195,2025-01-08 09:01:06,2025-01-08 09:06:19,513,2,54.8,2
4613585535,2025-01-08 01:00:00,195,2025-01-08 22:11:40,2025-01-08 22:14:01,261,7,472.1,7
4613083396,2025-01-08 01:00:00,195,2025-01-08 14:02:23,2025-01-08 14:02:53,30,6,244.6,5
4613515324,2025-01-08 01:00:00,195,2025-01-08 20:05:17,2025-01-08 20:06:00,83,13,785.0,10
4612887305,2025-01-08 01:00:00,195,2025-01-08 10:30:51,2025-01-08 10:33:58,307,2,19.7,2
4613585558,2025-01-08 01:00:00,195,2025-01-08 22:24:55,2025-01-08 22:26:47,192,3,259.0,3
4613457291,2025-01-08 01:00:00,195,2025-01-08 18:54:17,2025-01-08 18:56:07,190,14,421.4,10
4613457262,2025-01-08 01:00:00,195,2025-01-08 19:02:17,2025-01-08 19:03:29,112,11,331.9,10
4612964123,2025-01-08 01:00:00,195,2025-01-08 11:52:35,2025-01-08 11:53:21,86,11,527.2,11
4613480504,2025-01-08 01:00:00,195,2025-01-08 19:20:24,2025-01-08 19:20:46,22,6,307.0,5
4613103551,2025-01-08 01:00:00,195,2025-01-08 14:24:07,2025-01-08 14:24:53,46,5,189.5,2
4613480582,2025-01-08 01:00:00,195,2025-01-08 19:19:30,2025-01-08 19:21:30,200,8,298.8,7
4612964114,2025-01-08 01:00:00,195,2025-01-08 11:47:40,2025-01-08 11:55:02,762,12,263.6,12
4613515318,2025-01-08 01:00:00,195,2025-01-08 20:00:48,2025-01-08 20:01:27,79,1,119.9,1
4613532392,2025-01-08 01:00:00,195,2025-01-08 20:12:38,2025-01-08 20:12:46,8,2,316.0,1
4613558278,2025-01-08 01:00:00,195,2025-01-08 21:06:30,2025-01-08 21:07:28,98,23,903.5,19
4613006783,2025-01-08 01:00:00,195,2025-01-08 12:43:20,2025-01-08 12:46:00,280,4,274.6,2
4613545878,2025-01-08 01:00:00,195,2025-01-08 20:45:26,2025-01-08 20:45:36,10,1,135.0,1
4612809476,2025-01-08 01:00:00,195,2025-01-08 09:01:21,2025-01-08 09:06:32,511,1,30.0,1
4613457335,2025-01-08 01:00:00,195,2025-01-08 19:03:10,2025-01-08 19:05:02,192,18,1126.0,14
4613050163,2025-01-08 01:00:00,195,2025-01-08 13:30:20,2025-01-08 13:31:22,102,2,29.1,2
4613545884,2025-01-08 01:00:00,195,2025-01-08 20:31:25,2025-01-08 20:36:39,514,9,242.7,7
4613567402,2025-01-08 01:00:00,195,2025-01-08 21:23:02,2025-01-08 21:24:21,119,31,955.7,18
4613575236,2025-01-08 01:00:00,195,2025-01-08 21:43:01,2025-01-08 21:45:20,219,1,29.9,1
4613103498,2025-01-08 01:00:00,195,2025-01-08 14:05:55,2025-01-08 14:06:27,72,1,26.9,1
4613581547,2025-01-08 01:00:00,195,2025-01-08 21:49:47,2025-01-08 21:50:29,82,7,745.8,7
4612985505,2025-01-08 01:00:00,195,2025-01-08 12:08:27,2025-01-08 12:09:01,74,6,295.0,6
4613532359,2025-01-08 01:00:00,195,2025-01-08 20:16:35,2025-01-08 20:17:25,90,8,171.0,8
4613103457,2025-01-08 01:00:00,195,2025-01-08 14:07:36,2025-01-08 14:08:12,76,2,51.3,2
4613567350,2025-01-08 01:00:00,195,2025-01-08 20:56:49,2025-01-08 21:08:12,5163,15,753.0,15
4613070799,2025-01-08 01:00:00,195,2025-01-08 13:30:55,2025-01-08 13:32:13,158,29,1525.0,16
4613480526,2025-01-08 01:00:00,195,2025-01-08 19:06:15,2025-01-08 19:07:51,136,30,1466.0,27
4613070772,2025-01-08 01:00:00,195,2025-01-08 13:32:41,2025-01-08 13:33:07,66,1,21.9,1
4613480466,2025-01-08 01:00:00,195,2025-01-08 19:14:33,2025-01-08 19:16:10,177,2,44.8,2
4613019169,2025-01-08 01:00:00,195,2025-01-08 12:57:12,2025-01-08 12:58:30,118,7,438.4,7
4613585543,2025-01-08 01:00:00,195,2025-01-08 22:20:14,2025-01-08 22:26:16,602,17,718.0,17
4613070841,2025-01-08 01:00:00,195,2025-01-08 13:38:44,2025-01-08 13:38:53,9,3,69.0,3
4613515309,2025-01-08 01:00:00,195,2025-01-08 19:57:33,2025-01-08 19:58:40,107,3,58.7,3
4613457246,2025-01-08 01:00:00,195,2025-01-08 18:45:58,2025-01-08 18:48:08,250,10,384.7,8
4613532407,2025-01-08 01:00:00,195,2025-01-08 20:24:23,2025-01-08 20:27:39,316,3,438.8,3
4612824945,2025-01-08 01:00:00,195,2025-01-08 09:23:37,2025-01-08 09:27:19,382,10,240.46,11
4613480493,2025-01-08 01:00:00,195,2025-01-08 19:14:52,2025-01-08 19:16:29,177,7,149.6,6
4613050205,2025-01-08 01:00:00,195,2025-01-08 13:30:02,2025-01-08 13:30:15,13,5,89.0,3
4613457340,2025-01-08 01:00:00,195,2025-01-08 19:04:01,2025-01-08 19:04:13,12,4,143.0,4
4612964105,2025-01-08 01:00:00,195,2025-01-08 11:52:35,2025-01-08 11:53:42,107,1,14.9,1
4613480521,2025-01-08 01:00:00,195,2025-01-08 19:21:22,2025-01-08 19:23:23,201,46,1678.8,29
4613498081,2025-01-08 01:00:00,195,2025-01-08 19:45:59,2025-01-08 19:46:50,91,14,592.9,12
4613515289,2025-01-08 01:00:00,195,2025-01-08 19:47:02,2025-01-08 19:48:21,119,3,240.2,2
4613006725,2025-01-08 01:00:00,195,2025-01-08 12:25:34,2025-01-08 12:28:49,315,2,21.0,2
4613532341,2025-01-08 01:00:00,195,2025-01-08 20:18:40,2025-01-08 20:19:49,109,3,165.4,3
4613019170,2025-01-08 01:00:00,195,2025-01-08 12:53:26,2025-01-08 12:54:34,108,1,10.9,1
4613558308,2025-01-08 01:00:00,195,2025-01-08 20:53:15,2025-01-08 20:53:31,16,5,165.0,4
4613006708,2025-01-08 01:00:00,195,2025-01-08 12:31:47,2025-01-08 12:34:49,302,14,716.6,7
4613457311,2025-01-08 01:00:00,195,2025-01-08 18:56:24,2025-01-08 18:57:35,111,26,787.4,23
4613480548,2025-01-08 01:00:00,195,2025-01-08 19:21:22,2025-01-08 19:21:34,12,1,25.9,1
4613480530,2025-01-08 01:00:00,195,2025-01-08 19:15:27,2025-01-08 19:16:08,81,10,328.06,10
4613031939,2025-01-08 01:00:00,195,2025-01-08 13:16:08,2025-01-08 13:19:30,322,3,68.8,3
4613558288,2025-01-08 01:00:00,195,2025-01-08 20:55:16,2025-01-08 20:58:38,322,8,185.5,7
4613103556,2025-01-08 01:00:00,195,2025-01-08 14:06:18,2025-01-08 14:08:22,204,42,2467.7,38
4613575243,2025-01-08 01:00:00,195,2025-01-08 21:31:31,2025-01-08 21:33:16,185,29,948.8,28
4613103545,2025-01-08 01:00:00,195,2025-01-08 14:09:41,2025-01-08 14:11:19,178,27,760.1,22
4613581553,2025-01-08 01:00:00,195,2025-01-08 22:02:44,2025-01-08 22:03:37,93,19,1276.0,13
4613070738,2025-01-08 01:00:00,195,2025-01-08 13:29:46,2025-01-08 13:33:14,368,13,721.6,12
4613480527,2025-01-08 01:00:00,195,2025-01-08 19:14:58,2025-01-08 19:15:17,59,4,191.0,4
4613132901,2025-01-08 01:00:00,195,2025-01-08 14:35:38,2025-01-08 14:41:19,581,6,306.4,6
4613515293,2025-01-08 01:00:00,195,2025-01-08 19:47:05,2025-01-08 19:48:51,146,14,481.7,12
4612840065,2025-01-08 01:00:00,195,2025-01-08 09:32:54,2025-01-08 09:33:12,58,4,80.0,4
4613532373,2025-01-08 01:00:00,195,2025-01-08 20:12:21,2025-01-08 20:13:59,138,15,693.9,12
4613166910,2025-01-08 01:00:00,195,2025-01-08 15:18:24,2025-01-08 15:19:39,115,1,5.0,1
4613545904,2025-01-08 01:00:00,195,2025-01-08 20:33:19,2025-01-08 20:33:24,5,1,33.0,1
4613567410,2025-01-08 01:00:00,195,2025-01-08 21:13:29,2025-01-08 21:13:37,8,1,-502.0,1
4613585525,2025-01-08 01:00:00,195,2025-01-08 22:05:40,2025-01-08 22:11:41,601,6,100.6,6
4613254948,2025-01-08 01:00:00,195,2025-01-08 16:26:52,2025-01-08 16:27:18,66,2,49.7,2
4612887326,2025-01-08 01:00:00,195,2025-01-08 10:28:57,2025-01-08 10:30:06,149,3,87.0,3
4612887331,2025-01-08 01:00:00,195,2025-01-08 10:45:25,2025-01-08 10:45:46,21,3,820.5,3
4612946361,2025-01-08 01:00:00,195,2025-01-08 11:34:58,2025-01-08 11:35:44,86,11,368.6,8
4613229359,2025-01-08 01:00:00,195,2025-01-08 16:02:36,2025-01-08 16:05:43,307,1,11.9,1
4612946349,2025-01-08 01:00:00,195,2025-01-08 11:31:00,2025-01-08 11:31:22,22,1,52.2,1
4613545902,2025-01-08 01:00:00,195,2025-01-08 20:36:52,2025-01-08 20:37:04,52,1,24.9,1
4613006772,2025-01-08 01:00:00,195,2025-01-08 12:23:59,2025-01-08 12:32:07,848,10,409.8,10
4613166928,2025-01-08 01:00:00,195,2025-01-08 15:19:50,2025-01-08 15:21:32,182,30,954.0,23
4613050137,2025-01-08 01:00:00,195,2025-01-08 13:27:43,2025-01-08 13:28:18,75,2,35.3,2
4612985480,2025-01-08 01:00:00,195,2025-01-08 12:00:21,2025-01-08 12:12:44,1223,3,112.7,3
4613083413,2025-01-08 01:00:00,195,2025-01-08 14:03:59,2025-01-08 14:04:52,93,16,697.7,14
4613166931,2025-01-08 01:00:00,195,2025-01-08 15:11:56,2025-01-08 15:14:55,299,11,329.9,11
4613083486,2025-01-08 01:00:00,195,2025-01-08 13:55:08,2025-01-08 13:55:29,21,4,310.6,3
4613585554,2025-01-08 01:00:00,195,2025-01-08 22:22:40,2025-01-08 22:24:30,190,2,44.0,2
4613103504,2025-01-08 01:00:00,195,2025-01-08 14:20:58,2025-01-08 14:24:18,360,3,69.7,3
4613229427,2025-01-08 01:00:00,195,2025-01-08 15:51:04,2025-01-08 15:51:10,6,1,15.0,1
4613103570,2025-01-08 01:00:00,195,2025-01-08 14:06:54,2025-01-08 14:07:31,77,5,121.4,4
4612985471,2025-01-08 01:00:00,195,2025-01-08 12:18:28,2025-01-08 12:21:26,298,9,287.6,8
4612824964,2025-01-08 01:00:00,195,2025-01-08 09:23:06,2025-01-08 09:26:26,320,9,986.1,8
4613307704,2025-01-08 01:00:00,195,2025-01-08 16:46:41,2025-01-08 16:47:41,100,14,213.0,9
4612840063,2025-01-08 01:00:00,195,2025-01-08 09:37:25,2025-01-08 09:37:44,19,3,52.0,4
4612840076,2025-01-08 01:00:00,195,2025-01-08 09:40:33,2025-01-08 09:41:11,78,6,154.2,5
4612964126,2025-01-08 01:00:00,195,2025-01-08 11:51:38,2025-01-08 11:52:32,94,10,261.3,11
4613281236,2025-01-08 01:00:00,195,2025-01-08 16:39:13,2025-01-08 16:40:23,110,12,891.3,9
4612964109,2025-01-08 01:00:00,195,2025-01-08 11:49:26,2025-01-08 12:01:50,5224,4,207.2,4
4612985497,2025-01-08 01:00:00,195,2025-01-08 12:09:30,2025-01-08 12:11:52,222,52,1684.67,31
4613006699,2025-01-08 01:00:00,195,2025-01-08 12:27:04,2025-01-08 12:28:25,121,2,47.8,2
4613389819,2025-01-08 01:00:00,195,2025-01-08 18:05:32,2025-01-08 18:06:26,94,5,259.8,5
4613083443,2025-01-08 01:00:00,195,2025-01-08 13:57:42,2025-01-08 13:58:00,58,1,21.9,1
4613567404,2025-01-08 01:00:00,195,2025-01-08 21:14:42,2025-01-08 21:14:52,10,1,146.0,1
4613155455,2025-01-08 01:00:00,195,2025-01-08 14:44:42,2025-01-08 14:52:59,817,10,558.9,10
4613363124,2025-01-08 01:00:00,195,2025-01-08 17:31:15,2025-01-08 17:31:36,21,5,122.0,4
4612777424,2025-01-08 01:00:00,195,2025-01-08 08:15:16,2025-01-08 08:16:53,137,19,1014.5,16
4612964112,2025-01-08 01:00:00,195,2025-01-08 11:53:51,2025-01-08 11:56:15,264,3,68.6,3
4612840034,2025-01-08 01:00:00,195,2025-01-08 09:34:17,2025-01-08 09:39:47,530,28,858.0,22
4613404472,2025-01-08 01:00:00,195,2025-01-08 18:17:36,2025-01-08 18:18:08,72,5,148.5,4
4612855785,2025-01-08 01:00:00,195,2025-01-08 09:52:07,2025-01-08 09:52:33,26,3,119.0,3
4613532349,2025-01-08 01:00:00,195,2025-01-08 20:20:19,2025-01-08 20:23:54,335,2,159.8,1
4612920365,2025-01-08 01:00:00,195,2025-01-08 11:11:30,2025-01-08 11:19:51,821,5,244.0,4
4613155398,2025-01-08 01:00:00,195,2025-01-08 14:59:12,2025-01-08 15:07:37,4825,5,330.5,4
4612964095,2025-01-08 01:00:00,195,2025-01-08 11:59:01,2025-01-08 12:01:18,4217,14,604.0,9
4613006769,2025-01-08 01:00:00,195,2025-01-08 12:47:12,2025-01-08 12:47:34,22,1,336.0,3
4613019105,2025-01-08 01:00:00,195,2025-01-08 12:48:32,2025-01-08 12:48:59,27,7,396.6,7
4613132906,2025-01-08 01:00:00,195,2025-01-08 14:43:57,2025-01-08 14:46:42,285,2,156.0,2
4613006743,2025-01-08 01:00:00,195,2025-01-08 12:44:47,2025-01-08 12:45:19,72,3,109.8,3
4613545936,2025-01-08 01:00:00,195,2025-01-08 20:29:51,2025-01-08 20:30:22,71,4,171.2,4
4613050237,2025-01-08 01:00:00,195,2025-01-08 13:22:07,2025-01-08 13:22:20,13,1,100.0,1
4613203802,2025-01-08 01:00:00,195,2025-01-08 15:44:42,2025-01-08 15:44:48,6,1,150.0,1
4613050206,2025-01-08 01:00:00,195,2025-01-08 13:27:12,2025-01-08 13:27:37,25,7,434.0,6
4613050181,2025-01-08 01:00:00,195,2025-01-08 13:22:07,2025-01-08 13:22:41,34,2,29.8,2
4613031976,2025-01-08 01:00:00,195,2025-01-08 13:03:20,2025-01-08 13:05:09,189,6,186.0,6
4613281232,2025-01-08 01:00:00,195,2025-01-08 16:43:58,2025-01-08 16:46:05,247,3,72.8,3
4613083419,2025-01-08 01:00:00,195,2025-01-08 14:01:21,2025-01-08 14:02:25,104,17,667.6,15
4613050167,2025-01-08 01:00:00,195,2025-01-08 13:20:05,2025-01-08 13:21:12,107,1,39.8,1
4613050247,2025-01-08 01:00:00,195,2025-01-08 13:26:28,2025-01-08 13:26:44,16,1,405.0,1
4613335472,2025-01-08 01:00:00,195,2025-01-08 17:07:00,2025-01-08 17:08:55,155,16,560.4,15
4612824983,2025-01-08 01:00:00,195,2025-01-08 09:25:12,2025-01-08 09:25:50,38,9,293.42,9
4613050203,2025-01-08 01:00:00,195,2025-01-08 13:25:19,2025-01-08 13:26:17,98,23,473.0,15
4612871138,2025-01-08 01:00:00,195,2025-01-08 10:14:05,2025-01-08 10:14:46,41,4,224.0,4
4613281234,2025-01-08 01:00:00,195,2025-01-08 16:46:01,2025-01-08 16:46:26,25,6,293.0,4
4612946337,2025-01-08 01:00:00,195,2025-01-08 11:22:45,2025-01-08 11:32:00,955,6,450.5,3
4613532422,2025-01-08 01:00:00,195,2025-01-08 20:13:19,2025-01-08 20:23:36,1017,4,572.3,4
4613050154,2025-01-08 01:00:00,195,2025-01-08 13:19:53,2025-01-08 13:20:36,83,1,4.3,1
4613363116,2025-01-08 01:00:00,195,2025-01-08 17:36:52,2025-01-08 17:37:41,89,7,662.0,5
4613070788,2025-01-08 01:00:00,195,2025-01-08 13:30:47,2025-01-08 13:37:58,711,1,19.8,1
4613032012,2025-01-08 01:00:00,195,2025-01-08 13:12:14,2025-01-08 13:16:05,391,3,158.8,2
4612824954,2025-01-08 01:00:00,195,2025-01-08 09:12:40,2025-01-08 09:17:48,508,4,183.8,3
4613431363,2025-01-08 01:00:00,195,2025-01-08 18:36:23,2025-01-08 18:38:49,226,28,1809.9,24
4612777461,2025-01-08 01:00:00,195,2025-01-08 08:22:34,2025-01-08 08:23:37,103,3,94.6,3
4613585536,2025-01-08 01:00:00,195,2025-01-08 22:23:16,2025-01-08 22:26:53,337,3,247.8,3
4612871148,2025-01-08 01:00:00,195,2025-01-08 10:12:40,2025-01-08 10:13:05,65,9,197.0,7
4613404407,2025-01-08 01:00:00,195,2025-01-08 18:21:30,2025-01-08 18:21:53,23,7,415.0,5
4612964131,2025-01-08 01:00:00,195,2025-01-08 12:00:43,2025-01-08 12:01:40,97,17,891.0,16
4613083482,2025-01-08 01:00:00,195,2025-01-08 13:56:28,2025-01-08 13:58:35,207,7,527.9,7
4613083442,2025-01-08 01:00:00,195,2025-01-08 13:56:50,2025-01-08 13:58:17,167,4,166.9,4
4613389896,2025-01-08 01:00:00,195,2025-01-08 17:55:28,2025-01-08 17:57:03,175,27,1143.0,20
4613070816,2025-01-08 01:00:00,195,2025-01-08 13:41:05,2025-01-08 13:41:31,26,10,242.0,8
4613515303,2025-01-08 01:00:00,195,2025-01-08 20:03:59,2025-01-08 20:05:25,166,4,265.7,2
4613070819,2025-01-08 01:00:00,195,2025-01-08 13:46:41,2025-01-08 13:47:21,80,11,333.1,11
4613389845,2025-01-08 01:00:00,195,2025-01-08 18:06:56,2025-01-08 18:07:08,52,1,31.9,1
4612824962,2025-01-08 01:00:00,195,2025-01-08 09:11:34,2025-01-08 09:15:29,395,3,87.7,2
4612777451,2025-01-08 01:00:00,195,2025-01-08 08:07:20,2025-01-08 08:13:08,588,3,67.7,3
4612887298,2025-01-08 01:00:00,195,2025-01-08 10:05:57,2025-01-08 10:28:59,2302,6,313.2,4
4613363109,2025-01-08 01:00:00,195,2025-01-08 17:42:28,2025-01-08 17:43:50,122,16,964.0,14
4612964154,2025-01-08 01:00:00,195,2025-01-08 12:05:26,2025-01-08 12:07:04,178,29,881.7,28
4613031946,2025-01-08 01:00:00,195,2025-01-08 13:15:45,2025-01-08 13:16:17,72,11,448.0,10
4613050145,2025-01-08 01:00:00,195,2025-01-08 13:29:48,2025-01-08 13:31:35,187,4,125.3,3
4613404489,2025-01-08 01:00:00,195,2025-01-08 18:08:54,2025-01-08 18:12:23,369,7,371.7,6
4613032028,2025-01-08 01:00:00,195,2025-01-08 13:09:50,2025-01-08 13:10:10,60,3,87.0,2
4612903131,2025-01-08 01:00:00,195,2025-01-08 10:56:29,2025-01-08 10:56:35,6,0,600.0,1
4613083490,2025-01-08 01:00:00,195,2025-01-08 14:04:16,2025-01-08 14:05:07,91,22,694.1,7
4613132938,2025-01-08 01:00:00,195,2025-01-08 14:29:31,2025-01-08 14:30:09,78,7,242.2,6
4613083398,2025-01-08 01:00:00,195,2025-01-08 14:02:07,2025-01-08 14:03:01,94,1,87.0,1
4613575256,2025-01-08 01:00:00,195,2025-01-08 21:29:18,2025-01-08 21:31:29,211,2,8.0,1
4613103474,2025-01-08 01:00:00,195,2025-01-08 14:04:28,2025-01-08 14:07:21,293,21,1044.8,20
4613132874,2025-01-08 01:00:00,195,2025-01-08 14:28:33,2025-01-08 14:31:14,281,8,333.0,6
4613050199,2025-01-08 01:00:00,195,2025-01-08 13:24:21,2025-01-08 13:25:17,96,13,512.3,13
4612964152,2025-01-08 01:00:00,195,2025-01-08 11:56:21,2025-01-08 11:56:42,21,3,99.7,3
4612946357,2025-01-08 01:00:00,195,2025-01-08 11:33:00,2025-01-08 11:33:29,29,5,317.4,4
4613203777,2025-01-08 01:00:00,195,2025-01-08 15:31:06,2025-01-08 15:31:37,31,4,47.0,2
4613083380,2025-01-08 01:00:00,195,2025-01-08 14:00:37,2025-01-08 14:01:33,96,2,142.8,2
4613532357,2025-01-08 01:00:00,195,2025-01-08 20:13:07,2025-01-08 20:14:58,151,2,233.8,1
4613103475,2025-01-08 01:00:00,195,2025-01-08 14:18:00,2025-01-08 14:22:26,426,17,544.9,15
4613229425,2025-01-08 01:00:00,195,2025-01-08 15:51:39,2025-01-08 15:51:56,17,3,225.7,3
4613050246,2025-01-08 01:00:00,195,2025-01-08 13:25:48,2025-01-08 13:25:52,4,1,19.0,1
4613006751,2025-01-08 01:00:00,195,2025-01-08 12:28:56,2025-01-08 12:29:45,89,12,434.0,11
4612777432,2025-01-08 01:00:00,195,2025-01-08 08:11:43,2025-01-08 08:12:26,83,3,73.5,3
4613254971,2025-01-08 01:00:00,195,2025-01-08 16:21:35,2025-01-08 16:21:58,23,2,36.0,1
4612946390,2025-01-08 01:00:00,195,2025-01-08 11:45:47,2025-01-08 11:46:31,84,9,555.2,9
4613581549,2025-01-08 01:00:00,195,2025-01-08 21:48:47,2025-01-08 21:49:27,80,16,438.3,13
4613019190,2025-01-08 01:00:00,195,2025-01-08 12:54:41,2025-01-08 12:55:45,104,2,36.4,2
4613254905,2025-01-08 01:00:00,195,2025-01-08 16:24:11,2025-01-08 16:25:52,141,8,260.1,7
4613006792,2025-01-08 01:00:00,195,2025-01-08 12:25:02,2025-01-08 12:29:43,441,19,727.1,13
4613032011,2025-01-08 01:00:00,195,2025-01-08 13:09:09,2025-01-08 13:13:01,392,1,24.9,1
4613006753,2025-01-08 01:00:00,195,2025-01-08 12:37:09,2025-01-08 12:37:47,38,14,703.8,12
4613229421,2025-01-08 01:00:00,195,2025-01-08 15:47:39,2025-01-08 15:48:28,89,17,636.21,14
4613050158,2025-01-08 01:00:00,195,2025-01-08 13:28:09,2025-01-08 13:28:37,28,3,80.5,3
4613031993,2025-01-08 01:00:00,195,2025-01-08 13:08:55,2025-01-08 13:10:37,182,5,90.6,4
4613070808,2025-01-08 01:00:00,195,2025-01-08 13:40:31,2025-01-08 13:41:03,72,6,142.3,6
4613229377,2025-01-08 01:00:00,195,2025-01-08 15:43:47,2025-01-08 15:47:54,407,15,955.2,12
4613070776,2025-01-08 01:00:00,195,2025-01-08 13:39:30,2025-01-08 13:40:19,89,6,94.4,4
4613083426,2025-01-08 01:00:00,195,2025-01-08 13:54:30,2025-01-08 13:56:06,176,6,388.1,4
4613166985,2025-01-08 01:00:00,195,2025-01-08 15:09:26,2025-01-08 15:10:21,95,10,506.5,9
4613229428,2025-01-08 01:00:00,195,2025-01-08 15:49:02,2025-01-08 15:49:45,43,17,617.1,17
4612765942,2025-01-08 01:00:00,195,2025-01-08 08:03:11,2025-01-08 08:03:32,21,2,76.7,2
4613480551,2025-01-08 01:00:00,195,2025-01-08 19:16:56,2025-01-08 19:18:01,145,5,173.5,3
4612871111,2025-01-08 01:00:00,195,2025-01-08 10:05:26,2025-01-08 10:08:39,313,1,14.9,1
4613281252,2025-01-08 01:00:00,195,2025-01-08 16:39:08,2025-01-08 16:39:09,1,1,-18.0,1
4612903138,2025-01-08 01:00:00,195,2025-01-08 10:51:02,2025-01-08 10:53:01,199,12,799.5,12
4613083508,2025-01-08 01:00:00,195,2025-01-08 13:56:46,2025-01-08 13:57:28,82,10,313.0,6
4612887296,2025-01-08 01:00:00,195,2025-01-08 10:44:36,2025-01-08 10:44:48,12,1,22.0,1
4613431348,2025-01-08 01:00:00,195,2025-01-08 18:27:36,2025-01-08 18:30:42,306,6,398.8,5
4612964103,2025-01-08 01:00:00,195,2025-01-08 11:48:05,2025-01-08 11:51:54,349,19,824.6,15
4613480573,2025-01-08 01:00:00,195,2025-01-08 19:07:44,2025-01-08 19:15:38,794,33,1339.2,24
4613050193,2025-01-08 01:00:00,195,2025-01-08 13:19:41,2025-01-08 13:21:05,164,41,984.1,10
4613404433,2025-01-08 01:00:00,195,2025-01-08 18:11:11,2025-01-08 18:11:24,13,1,17.9,1
4613031975,2025-01-08 01:00:00,195,2025-01-08 13:12:13,2025-01-08 13:12:37,24,2,43.7,2
4613070814,2025-01-08 01:00:00,195,2025-01-08 13:33:35,2025-01-08 13:34:27,92,13,347.1,10
4613019151,2025-01-08 01:00:00,195,2025-01-08 12:58:43,2025-01-08 13:02:41,4398,15,540.5,13
4613404417,2025-01-08 01:00:00,195,2025-01-08 18:11:58,2025-01-08 18:12:25,67,1,109.9,1
4613103467,2025-01-08 01:00:00,195,2025-01-08 14:06:59,2025-01-08 14:07:25,66,1,42.9,1
4613515243,2025-01-08 01:00:00,195,2025-01-08 19:58:39,2025-01-08 20:00:02,4163,2,59.8,2
4613070810,2025-01-08 01:00:00,195,2025-01-08 13:39:06,2025-01-08 13:39:29,23,4,106.9,3
4613166948,2025-01-08 01:00:00,195,2025-01-08 15:07:46,2025-01-08 15:08:29,83,1,100.0,1
4613050240,2025-01-08 01:00:00,195,2025-01-08 13:22:45,2025-01-08 13:22:57,12,1,100.0,1
4612792389,2025-01-08 01:00:00,195,2025-01-08 08:30:04,2025-01-08 08:35:16,512,1,24.9,1
4612792377,2025-01-08 01:00:00,195,2025-01-08 08:45:20,2025-01-08 08:46:25,105,1,22.9,1
4613254947,2025-01-08 01:00:00,195,2025-01-08 16:25:42,2025-01-08 16:26:16,74,8,219.5,6
4612920358,2025-01-08 01:00:00,195,2025-01-08 11:07:55,2025-01-08 11:09:42,187,2,35.9,2
4613031922,2025-01-08 01:00:00,195,2025-01-08 13:17:03,2025-01-08 13:17:54,51,2,57.2,2
4612920344,2025-01-08 01:00:00,195,2025-01-08 11:12:44,2025-01-08 11:17:11,467,16,881.4,8
4613229405,2025-01-08 01:00:00,195,2025-01-08 15:53:31,2025-01-08 15:53:57,26,2,611.3,2
4612985467,2025-01-08 01:00:00,195,2025-01-08 12:18:43,2025-01-08 12:21:42,299,3,153.4,3
4612840052,2025-01-08 01:00:00,195,2025-01-08 09:41:22,2025-01-08 09:45:12,390,2,58.0,2
4613050218,2025-01-08 01:00:00,195,2025-01-08 13:22:49,2025-01-08 13:23:16,67,10,299.6,9
4613281201,2025-01-08 01:00:00,195,2025-01-08 16:28:26,2025-01-08 16:31:30,304,1,16.9,1
4613083488,2025-01-08 01:00:00,195,2025-01-08 13:51:32,2025-01-08 13:52:04,72,3,159.7,3
4613532413,2025-01-08 01:00:00,195,2025-01-08 20:19:58,2025-01-08 20:22:34,276,2,109.8,1
4613103491,2025-01-08 01:00:00,195,2025-01-08 14:07:24,2025-01-08 14:08:33,109,2,44.8,2
4613431419,2025-01-08 01:00:00,195,2025-01-08 18:33:20,2025-01-08 18:33:46,26,8,441.0,6
4613070763,2025-01-08 01:00:00,195,2025-01-08 13:44:00,2025-01-08 13:44:52,52,1,29.9,1
4612824960,2025-01-08 01:00:00,195,2025-01-08 09:22:52,2025-01-08 09:27:18,466,2,39.8,2
4613050241,2025-01-08 01:00:00,195,2025-01-08 13:23:27,2025-01-08 13:23:40,13,1,100.0,1
4613404460,2025-01-08 01:00:00,195,2025-01-08 18:24:23,2025-01-08 18:26:06,183,1,100.0,1
4612855793,2025-01-08 01:00:00,195,2025-01-08 10:01:12,2025-01-08 10:02:44,132,29,953.07,24
4613575273,2025-01-08 01:00:00,195,2025-01-08 21:37:08,2025-01-08 21:38:19,111,17,357.0,14
4612871158,2025-01-08 01:00:00,195,2025-01-08 10:06:59,2025-01-08 10:07:14,55,2,164.9,2
4613155466,2025-01-08 01:00:00,195,2025-01-08 14:53:32,2025-01-08 14:53:36,4,1,20.0,1
4612903092,2025-01-08 01:00:00,195,2025-01-08 10:35:13,2025-01-08 10:49:02,1389,3,102.0,2
4612903107,2025-01-08 01:00:00,195,2025-01-08 10:46:56,2025-01-08 10:47:47,91,10,352.1,10
4612985512,2025-01-08 01:00:00,195,2025-01-08 12:17:34,2025-01-08 12:18:21,87,10,712.1,8
4613155410,2025-01-08 01:00:00,195,2025-01-08 14:58:55,2025-01-08 15:00:21,4166,18,1054.1,15
4613019127,2025-01-08 01:00:00,195,2025-01-08 13:01:20,2025-01-08 13:01:32,12,1,100.0,1
4613532378,2025-01-08 01:00:00,195,2025-01-08 20:15:43,2025-01-08 20:16:34,91,17,1155.7,13
4613050204,2025-01-08 01:00:00,195,2025-01-08 13:19:57,2025-01-08 13:20:30,73,2,94.8,2
4613132915,2025-01-08 01:00:00,195,2025-01-08 14:27:15,2025-01-08 14:28:35,120,17,639.4,11
4613032002,2025-01-08 01:00:00,195,2025-01-08 13:11:26,2025-01-08 13:12:19,93,3,57.2,3
4612946339,2025-01-08 01:00:00,195,2025-01-08 11:26:27,2025-01-08 11:35:05,878,13,874.7,12
4613103547,2025-01-08 01:00:00,195,2025-01-08 14:15:01,2025-01-08 14:16:22,121,27,1007.0,16
4613203727,2025-01-08 01:00:00,195,2025-01-08 15:37:58,2025-01-08 15:40:01,243,11,803.0,6
4612792424,2025-01-08 01:00:00,195,2025-01-08 08:38:27,2025-01-08 08:39:05,78,5,132.0,5
4613031966,2025-01-08 01:00:00,195,2025-01-08 13:19:08,2025-01-08 13:19:45,37,6,110.0,5
4612809483,2025-01-08 01:00:00,195,2025-01-08 08:50:20,2025-01-08 08:50:29,9,1,20.0,1
4613254942,2025-01-08 01:00:00,195,2025-01-08 16:18:27,2025-01-08 16:19:03,76,9,260.0,9
4612964108,2025-01-08 01:00:00,195,2025-01-08 11:44:35,2025-01-08 11:52:22,787,2,59.8,2
4612964140,2025-01-08 01:00:00,195,2025-01-08 11:49:40,2025-01-08 11:50:59,119,14,691.6,13
4613006713,2025-01-08 01:00:00,195,2025-01-08 12:30:40,2025-01-08 12:32:03,163,1,36.8,1
4613229373,2025-01-08 01:00:00,195,2025-01-08 15:51:52,2025-01-08 15:54:35,283,7,403.4,3
4613019189,2025-01-08 01:00:00,195,2025-01-08 12:40:46,2025-01-08 12:49:14,868,23,975.6,23
4613575244,2025-01-08 01:00:00,195,2025-01-08 21:38:51,2025-01-08 21:42:49,398,6,245.5,6
4613070741,2025-01-08 01:00:00,195,2025-01-08 13:39:12,2025-01-08 13:40:46,134,3,177.7,3
4613229438,2025-01-08 01:00:00,195,2025-01-08 15:57:12,2025-01-08 15:58:01,89,19,339.9,15
4613166944,2025-01-08 01:00:00,195,2025-01-08 15:14:01,2025-01-08 15:14:30,29,1,29.9,1
4613006780,2025-01-08 01:00:00,195,2025-01-08 12:28:21,2025-01-08 12:31:04,283,3,114.2,3
4613281231,2025-01-08 01:00:00,195,2025-01-08 16:40:33,2025-01-08 16:43:08,275,27,1067.1,27
4613281204,2025-01-08 01:00:00,195,2025-01-08 16:33:50,2025-01-08 16:37:40,390,6,124.3,4
4613307742,2025-01-08 01:00:00,195,2025-01-08 16:52:34,2025-01-08 16:53:01,67,11,520.9,10
4613504528,2025-01-08 01:00:00,195,2025-01-08 19:28:24,2025-01-08 19:29:31,107,2,124.8,2
4613281225,2025-01-08 01:00:00,195,2025-01-08 16:32:36,2025-01-08 16:34:57,221,4,107.6,2
4613281221,2025-01-08 01:00:00,195,2025-01-08 16:33:29,2025-01-08 16:35:05,176,3,64.7,3
4613389828,2025-01-08 01:00:00,195,2025-01-08 18:04:49,2025-01-08 18:06:19,170,1,299.0,1
4613006718,2025-01-08 01:00:00,195,2025-01-08 12:35:15,2025-01-08 12:36:21,106,5,175.4,4
4613431349,2025-01-08 01:00:00,195,2025-01-08 18:31:14,2025-01-08 18:34:19,305,3,409.7,3
4613335468,2025-01-08 01:00:00,195,2025-01-08 17:17:46,2025-01-08 17:21:50,404,10,308.6,8
4613203728,2025-01-08 01:00:00,195,2025-01-08 15:31:57,2025-01-08 15:33:55,198,1,39.9,1
4613588216,2025-01-08 01:00:00,195,2025-01-08 22:41:21,2025-01-08 22:41:57,36,4,204.4,4
4613307668,2025-01-08 01:00:00,195,2025-01-08 17:00:40,2025-01-08 17:03:25,285,17,1672.8,17
4613389933,2025-01-08 01:00:00,195,2025-01-08 17:47:14,2025-01-08 17:47:55,41,1,99.9,1
4613389853,2025-01-08 01:00:00,195,2025-01-08 17:47:37,2025-01-08 17:52:29,492,1,359.0,1
4613019135,2025-01-08 01:00:00,195,2025-01-08 12:46:15,2025-01-08 12:49:24,309,7,131.8,4
4613166957,2025-01-08 01:00:00,195,2025-01-08 15:09:00,2025-01-08 15:11:54,254,2,45.8,1
4613389900,2025-01-08 01:00:00,195,2025-01-08 17:47:09,2025-01-08 17:49:37,228,54,2499.02,52
4613203737,2025-01-08 01:00:00,195,2025-01-08 15:33:36,2025-01-08 15:34:44,108,2,171.2,2
4613083387,2025-01-08 01:00:00,195,2025-01-08 14:00:33,2025-01-08 14:01:44,111,5,141.4,3
4613281202,2025-01-08 01:00:00,195,2025-01-08 16:26:34,2025-01-08 16:31:05,471,36,1531.4,28
4613363128,2025-01-08 01:00:00,195,2025-01-08 17:44:21,2025-01-08 17:44:34,13,1,99.9,1
4613281173,2025-01-08 01:00:00,195,2025-01-08 16:41:42,2025-01-08 16:42:53,111,1,3.9,1
4613103539,2025-01-08 01:00:00,195,2025-01-08 14:11:51,2025-01-08 14:12:09,58,2,58.9,2
4613363047,2025-01-08 01:00:00,195,2025-01-08 17:40:47,2025-01-08 17:41:01,54,1,37.9,1
4613404511,2025-01-08 01:00:00,195,2025-01-08 18:08:24,2025-01-08 18:09:11,87,14,315.8,11
4613431415,2025-01-08 01:00:00,195,2025-01-08 18:34:32,2025-01-08 18:35:00,68,6,244.4,6
4613567398,2025-01-08 01:00:00,195,2025-01-08 21:24:25,2025-01-08 21:25:08,83,7,318.9,8
4613155448,2025-01-08 01:00:00,195,2025-01-08 14:49:31,2025-01-08 14:50:12,81,1,59.9,1
4613155404,2025-01-08 01:00:00,195,2025-01-08 14:56:21,2025-01-08 14:59:35,314,2,83.0,2
4613132852,2025-01-08 01:00:00,195,2025-01-08 14:44:01,2025-01-08 14:45:25,124,4,185.12,4
4613103469,2025-01-08 01:00:00,195,2025-01-08 14:24:02,2025-01-08 14:25:03,101,1,24.9,1
4613203779,2025-01-08 01:00:00,195,2025-01-08 15:44:05,2025-01-08 15:45:27,122,19,757.9,19
4613254908,2025-01-08 01:00:00,195,2025-01-08 16:14:42,2025-01-08 16:18:40,398,21,1901.6,12
4613254940,2025-01-08 01:00:00,195,2025-01-08 16:10:32,2025-01-08 16:11:21,89,8,453.3,8
4613588209,2025-01-08 01:00:00,195,2025-01-08 22:35:01,2025-01-08 22:42:26,725,19,515.64,12
4613229422,2025-01-08 01:00:00,195,2025-01-08 15:50:14,2025-01-08 15:50:50,36,10,427.0,10
4613203708,2025-01-08 01:00:00,195,2025-01-08 15:43:04,2025-01-08 15:45:29,225,7,225.9,6
4613307681,2025-01-08 01:00:00,195,2025-01-08 16:50:02,2025-01-08 16:52:29,227,1,69.9,1
4613203733,2025-01-08 01:00:00,195,2025-01-08 15:30:13,2025-01-08 15:33:01,288,1,11.9,1
4613335520,2025-01-08 01:00:00,195,2025-01-08 17:09:39,2025-01-08 17:10:42,103,8,198.0,8
4613203748,2025-01-08 01:00:00,195,2025-01-08 15:39:58,2025-01-08 15:41:07,149,14,730.4,14
4613132897,2025-01-08 01:00:00,195,2025-01-08 14:45:59,2025-01-08 14:47:23,164,1,24.9,1
4613581564,2025-01-08 01:00:00,195,2025-01-08 21:51:39,2025-01-08 21:51:51,12,1,39.0,1
4613203786,2025-01-08 01:00:00,195,2025-01-08 15:45:34,2025-01-08 15:45:56,22,7,193.6,3
4613203729,2025-01-08 01:00:00,195,2025-01-08 15:33:12,2025-01-08 15:35:26,214,2,199.8,1
4613166972,2025-01-08 01:00:00,195,2025-01-08 15:09:31,2025-01-08 15:09:56,25,7,169.4,6
4613229450,2025-01-08 01:00:00,195,2025-01-08 15:48:04,2025-01-08 15:48:28,24,3,160.8,2
4613254924,2025-01-08 01:00:00,195,2025-01-08 16:07:43,2025-01-08 16:08:04,61,4,249.3,4
4613254952,2025-01-08 01:00:00,195,2025-01-08 16:10:31,2025-01-08 16:10:54,23,6,205.0,6
4613254985,2025-01-08 01:00:00,195,2025-01-08 16:10:20,2025-01-08 16:11:01,81,1,492.0,1
4613070856,2025-01-08 01:00:00,195,2025-01-08 13:35:16,2025-01-08 13:35:38,22,1,-130.0,1
4613229398,2025-01-08 01:00:00,195,2025-01-08 16:07:22,2025-01-08 16:07:25,3,1,35.0,1
4613254903,2025-01-08 01:00:00,195,2025-01-08 16:17:51,2025-01-08 16:22:59,508,3,71.6,3
4613307701,2025-01-08 01:00:00,195,2025-01-08 16:59:18,2025-01-08 17:00:58,4140,5,257.5,5
4613307759,2025-01-08 01:00:00,195,2025-01-08 17:05:02,2025-01-08 17:06:09,107,28,1252.2,18
4613281203,2025-01-08 01:00:00,195,2025-01-08 16:31:38,2025-01-08 16:32:26,88,6,152.4,6
4613307680,2025-01-08 01:00:00,195,2025-01-08 16:58:47,2025-01-08 16:59:16,69,1,42.9,1
4613335526,2025-01-08 01:00:00,195,2025-01-08 17:05:53,2025-01-08 17:08:33,280,50,1697.0,43
4612792394,2025-01-08 01:00:00,195,2025-01-08 08:39:29,2025-01-08 08:41:16,187,1,34.9,1
4613363095,2025-01-08 01:00:00,195,2025-01-08 17:34:22,2025-01-08 17:35:06,84,15,575.46,16
4613335511,2025-01-08 01:00:00,195,2025-01-08 17:20:51,2025-01-08 17:22:08,157,17,679.0,13
4613404455,2025-01-08 01:00:00,195,2025-01-08 18:11:35,2025-01-08 18:12:11,76,1,99.9,1
4613335519,2025-01-08 01:00:00,195,2025-01-08 17:19:13,2025-01-08 17:20:35,122,22,1181.4,18
4613155399,2025-01-08 01:00:00,195,2025-01-08 14:59:37,2025-01-08 15:00:59,4122,2,199.8,1
4613404403,2025-01-08 01:00:00,195,2025-01-08 18:13:44,2025-01-08 18:14:26,82,15,503.5,13
4613155397,2025-01-08 01:00:00,195,2025-01-08 14:56:26,2025-01-08 14:59:35,309,2,149.8,2
4613515327,2025-01-08 01:00:00,195,2025-01-08 20:05:11,2025-01-08 20:06:38,127,2,19.8,1
4613254944,2025-01-08 01:00:00,195,2025-01-08 16:25:17,2025-01-08 16:25:19,2,1,5.0,1
4613203730,2025-01-08 01:00:00,195,2025-01-08 15:35:33,2025-01-08 15:36:09,76,4,99.6,4
4613281277,2025-01-08 01:00:00,195,2025-01-08 16:37:35,2025-01-08 16:38:59,124,27,1565.9,23
4613281240,2025-01-08 01:00:00,195,2025-01-08 16:44:43,2025-01-08 16:46:24,181,49,2334.0,32
4613281219,2025-01-08 01:00:00,195,2025-01-08 16:28:45,2025-01-08 16:32:11,366,12,325.5,9
4613335525,2025-01-08 01:00:00,195,2025-01-08 17:12:02,2025-01-08 17:13:52,150,8,516.5,7
4613254954,2025-01-08 01:00:00,195,2025-01-08 16:11:59,2025-01-08 16:13:39,180,31,987.0,23
4613019160,2025-01-08 01:00:00,195,2025-01-08 12:46:01,2025-01-08 12:48:56,255,1,25.1,1
4613254965,2025-01-08 01:00:00,195,2025-01-08 16:09:44,2025-01-08 16:09:52,8,1,160.0,1
4613389878,2025-01-08 01:00:00,195,2025-01-08 17:45:47,2025-01-08 17:49:40,393,6,201.0,6
4613254996,2025-01-08 01:00:00,195,2025-01-08 16:16:35,2025-01-08 16:17:31,96,1,8.0,1
4613389817,2025-01-08 01:00:00,195,2025-01-08 18:03:04,2025-01-08 18:05:10,206,22,682.4,15
4613229365,2025-01-08 01:00:00,195,2025-01-08 15:50:49,2025-01-08 15:51:46,97,3,74.5,3
4613389892,2025-01-08 01:00:00,195,2025-01-08 17:50:56,2025-01-08 17:52:02,146,21,1512.3,17
4613281272,2025-01-08 01:00:00,195,2025-01-08 16:27:30,2025-01-08 16:29:26,196,23,605.0,21
4612809474,2025-01-08 01:00:00,195,2025-01-08 08:59:55,2025-01-08 09:05:02,4547,7,337.3,7
4613335537,2025-01-08 01:00:00,195,2025-01-08 17:16:42,2025-01-08 17:17:12,70,8,375.0,7
4613363112,2025-01-08 01:00:00,195,2025-01-08 17:27:48,2025-01-08 17:27:52,4,1,5.0,1
4613404478,2025-01-08 01:00:00,195,2025-01-08 18:21:53,2025-01-08 18:23:58,205,2,57.9,2
4613431384,2025-01-08 01:00:00,195,2025-01-08 18:42:20,2025-01-08 18:43:36,116,20,1320.1,11
4613132882,2025-01-08 01:00:00,195,2025-01-08 14:35:40,2025-01-08 14:38:45,305,11,472.9,9
4613404448,2025-01-08 01:00:00,195,2025-01-08 18:17:51,2025-01-08 18:20:09,258,5,273.5,6
4613203714,2025-01-08 01:00:00,195,2025-01-08 15:26:08,2025-01-08 15:32:16,608,1,239.0,1
4613019205,2025-01-08 01:00:00,195,2025-01-08 12:57:44,2025-01-08 12:58:29,85,2,61.0,2
4613229426,2025-01-08 01:00:00,195,2025-01-08 15:52:01,2025-01-08 15:52:22,21,6,140.0,5
4613404483,2025-01-08 01:00:00,195,2025-01-08 18:24:09,2025-01-08 18:26:53,244,2,84.8,2
4613363034,2025-01-08 01:00:00,195,2025-01-08 17:40:38,2025-01-08 17:41:16,78,4,75.6,4
4613404425,2025-01-08 01:00:00,195,2025-01-08 18:23:51,2025-01-08 18:25:12,161,27,1485.0,24
4613431423,2025-01-08 01:00:00,195,2025-01-08 18:32:13,2025-01-08 18:32:38,25,10,116.0,6
4613155477,2025-01-08 01:00:00,195,2025-01-08 14:51:02,2025-01-08 14:51:06,4,2,-2.0,2
4613155411,2025-01-08 01:00:00,195,2025-01-08 15:01:05,2025-01-08 15:02:32,127,25,638.4,16
4613457323,2025-01-08 01:00:00,195,2025-01-08 18:48:03,2025-01-08 18:50:22,219,32,1517.0,31
4613132945,2025-01-08 01:00:00,195,2025-01-08 14:37:15,2025-01-08 14:42:18,503,110,5432.08,72
4613335540,2025-01-08 01:00:00,195,2025-01-08 17:10:49,2025-01-08 17:11:04,55,4,172.0,4
4613335518,2025-01-08 01:00:00,195,2025-01-08 17:12:43,2025-01-08 17:14:38,195,39,1387.5,32
4613254934,2025-01-08 01:00:00,195,2025-01-08 16:19:19,2025-01-08 16:19:30,11,2,12.0,2
4613389826,2025-01-08 01:00:00,195,2025-01-08 18:04:29,2025-01-08 18:07:44,315,22,1826.1,21
4613431404,2025-01-08 01:00:00,195,2025-01-08 18:37:54,2025-01-08 18:38:29,75,5,102.0,5
4613389838,2025-01-08 01:00:00,195,2025-01-08 18:01:46,2025-01-08 18:02:56,110,24,865.7,15
4612840042,2025-01-08 01:00:00,195,2025-01-08 09:28:51,2025-01-08 09:39:18,1067,3,147.6,3
4613155385,2025-01-08 01:00:00,195,2025-01-08 14:55:19,2025-01-08 14:56:25,106,2,39.3,2
4613404408,2025-01-08 01:00:00,195,2025-01-08 18:23:51,2025-01-08 18:24:22,71,8,502.0,8
4613155416,2025-01-08 01:00:00,195,2025-01-08 15:00:53,2025-01-08 15:00:56,3,1,30.0,1
4613254955,2025-01-08 01:00:00,195,2025-01-08 16:08:47,2025-01-08 16:09:09,62,6,388.5,5
4613132942,2025-01-08 01:00:00,195,2025-01-08 14:30:29,2025-01-08 14:30:56,27,5,231.4,5
4613155405,2025-01-08 01:00:00,195,2025-01-08 14:55:21,2025-01-08 14:59:59,438,2,82.8,2
4613155472,2025-01-08 01:00:00,195,2025-01-08 14:54:33,2025-01-08 14:55:05,72,4,136.2,4
4613083417,2025-01-08 01:00:00,195,2025-01-08 14:00:59,2025-01-08 14:01:07,48,1,286.0,1
4613229396,2025-01-08 01:00:00,195,2025-01-08 16:04:49,2025-01-08 16:05:43,94,8,256.7,5
4613155420,2025-01-08 01:00:00,195,2025-01-08 15:07:11,2025-01-08 15:07:21,10,2,65.0,2
4613307694,2025-01-08 01:00:00,195,2025-01-08 17:00:50,2025-01-08 17:07:37,687,54,2675.46,55
4613307708,2025-01-08 01:00:00,195,2025-01-08 16:54:15,2025-01-08 16:55:06,91,13,1226.0,8
4613389836,2025-01-08 01:00:00,195,2025-01-08 18:06:45,2025-01-08 18:07:13,68,9,386.32,7
4613166900,2025-01-08 01:00:00,195,2025-01-08 15:21:13,2025-01-08 15:22:04,91,3,68.7,3
4613389858,2025-01-08 01:00:00,195,2025-01-08 17:59:23,2025-01-08 18:00:04,4081,1,9.9,1
4612824970,2025-01-08 01:00:00,195,2025-01-08 09:14:53,2025-01-08 09:15:20,67,6,147.0,5
4613363140,2025-01-08 01:00:00,195,2025-01-08 17:39:23,2025-01-08 17:40:56,133,5,187.5,4
4613166947,2025-01-08 01:00:00,195,2025-01-08 15:12:52,2025-01-08 15:13:44,92,2,84.7,2
4613404502,2025-01-08 01:00:00,195,2025-01-08 18:07:41,2025-01-08 18:10:57,316,17,1010.4,15
4613431377,2025-01-08 01:00:00,195,2025-01-08 18:35:53,2025-01-08 18:36:22,69,6,117.6,4
4613166872,2025-01-08 01:00:00,195,2025-01-08 15:15:34,2025-01-08 15:16:22,88,5,254.0,5
4613132868,2025-01-08 01:00:00,195,2025-01-08 14:29:53,2025-01-08 14:31:06,153,3,79.7,3
4613166893,2025-01-08 01:00:00,195,2025-01-08 15:19:18,2025-01-08 15:19:51,33,2,83.7,2
4613567372,2025-01-08 01:00:00,195,2025-01-08 20:53:14,2025-01-08 21:21:07,6793,1,14.9,1
4613203782,2025-01-08 01:00:00,195,2025-01-08 15:42:12,2025-01-08 15:43:14,102,16,840.0,12
4613203803,2025-01-08 01:00:00,195,2025-01-08 15:42:54,2025-01-08 15:43:12,58,3,31.0,3
4613229448,2025-01-08 01:00:00,195,2025-01-08 16:03:33,2025-01-08 16:03:53,20,3,149.7,2
4613132849,2025-01-08 01:00:00,195,2025-01-08 14:36:48,2025-01-08 14:37:59,111,2,33.8,2
4613254993,2025-01-08 01:00:00,195,2025-01-08 16:15:20,2025-01-08 16:16:28,108,3,342.8,2
4613203723,2025-01-08 01:00:00,195,2025-01-08 15:32:24,2025-01-08 15:45:40,1316,78,4581.3,55
4613389922,2025-01-08 01:00:00,195,2025-01-08 17:59:41,2025-01-08 18:00:12,4071,5,318.6,4
4613031940,2025-01-08 01:00:00,195,2025-01-08 13:16:10,2025-01-08 13:16:52,42,2,164.8,2
4613363067,2025-01-08 01:00:00,195,2025-01-08 17:45:14,2025-01-08 17:47:19,205,8,664.7,8
4613307690,2025-01-08 01:00:00,195,2025-01-08 16:58:29,2025-01-08 17:00:45,4216,8,324.7,8
4613363075,2025-01-08 01:00:00,195,2025-01-08 17:34:18,2025-01-08 17:40:04,586,4,69.6,3
4613203764,2025-01-08 01:00:00,195,2025-01-08 15:31:03,2025-01-08 15:31:50,47,5,93.8,4
4613431330,2025-01-08 01:00:00,195,2025-01-08 18:44:05,2025-01-08 18:45:23,118,6,354.01,7
4613307687,2025-01-08 01:00:00,195,2025-01-08 16:48:51,2025-01-08 16:50:25,174,4,86.0,4
4613404497,2025-01-08 01:00:00,195,2025-01-08 18:07:01,2025-01-08 18:08:30,129,33,1656.0,22
4613050230,2025-01-08 01:00:00,195,2025-01-08 13:19:50,2025-01-08 13:19:52,2,1,-380.0,1
4613558260,2025-01-08 01:00:00,195,2025-01-08 20:59:00,2025-01-08 21:01:11,4211,1,14.9,1
4613203738,2025-01-08 01:00:00,195,2025-01-08 15:40:59,2025-01-08 15:41:25,66,2,32.8,2
4613558263,2025-01-08 01:00:00,195,2025-01-08 21:00:31,2025-01-08 21:03:05,274,5,79.5,3
4612871123,2025-01-08 01:00:00,195,2025-01-08 10:04:57,2025-01-08 10:08:40,383,4,102.5,4
4613457307,2025-01-08 01:00:00,195,2025-01-08 18:52:25,2025-01-08 18:53:27,102,12,528.5,6
4613254946,2025-01-08 01:00:00,195,2025-01-08 16:19:45,2025-01-08 16:20:47,102,12,504.2,12
4613480550,2025-01-08 01:00:00,195,2025-01-08 19:09:16,2025-01-08 19:14:57,541,10,259.2,9
4613515241,2025-01-08 01:00:00,195,2025-01-08 20:00:11,2025-01-08 20:03:17,306,25,907.6,22
4613558256,2025-01-08 01:00:00,195,2025-01-08 20:57:17,2025-01-08 20:58:41,124,3,111.7,3
4613281222,2025-01-08 01:00:00,195,2025-01-08 16:22:41,2025-01-08 16:33:59,1118,16,1213.7,16
4613480523,2025-01-08 01:00:00,195,2025-01-08 19:08:16,2025-01-08 19:08:41,25,2,334.0,2
4612855805,2025-01-08 01:00:00,195,2025-01-08 09:50:42,2025-01-08 09:51:55,113,13,279.0,12
4613504548,2025-01-08 01:00:00,195,2025-01-08 19:27:35,2025-01-08 19:28:20,85,3,180.7,3
4613431413,2025-01-08 01:00:00,195,2025-01-08 18:25:24,2025-01-08 18:26:53,129,36,1037.1,30
4613532350,2025-01-08 01:00:00,195,2025-01-08 20:07:11,2025-01-08 20:09:14,203,6,316.6,6
4612824952,2025-01-08 01:00:00,195,2025-01-08 09:05:31,2025-01-08 09:11:41,610,10,606.41,11
4613532379,2025-01-08 01:00:00,195,2025-01-08 20:19:22,2025-01-08 20:20:24,102,24,873.7,18
4613155453,2025-01-08 01:00:00,195,2025-01-08 14:46:58,2025-01-08 14:48:55,197,1,42.9,1
4613558322,2025-01-08 01:00:00,195,2025-01-08 20:55:11,2025-01-08 20:55:37,26,3,61.0,2
4612985431,2025-01-08 01:00:00,195,2025-01-08 12:24:21,2025-01-08 12:26:23,202,14,951.7,12
4613590096,2025-01-08 01:00:00,195,2025-01-08 22:29:59,2025-01-08 22:48:22,1863,11,334.0,6
4613166896,2025-01-08 01:00:00,195,2025-01-08 15:20:13,2025-01-08 15:21:25,112,1,9.9,1
4613457234,2025-01-08 01:00:00,195,2025-01-08 19:05:16,2025-01-08 19:05:25,9,1,150.0,1
4613545882,2025-01-08 01:00:00,195,2025-01-08 20:29:49,2025-01-08 20:29:56,7,2,45.0,2
4613457348,2025-01-08 01:00:00,195,2025-01-08 19:01:33,2025-01-08 19:03:18,185,41,1731.7,33
4613166905,2025-01-08 01:00:00,195,2025-01-08 15:24:02,2025-01-08 15:24:46,44,2,79.8,2
4613588221,2025-01-08 01:00:00,195,2025-01-08 22:30:15,2025-01-08 22:43:11,1296,2,270.0,1
4612985489,2025-01-08 01:00:00,195,2025-01-08 12:07:40,2025-01-08 12:17:30,990,5,341.0,5
4613575245,2025-01-08 01:00:00,195,2025-01-08 21:33:23,2025-01-08 21:35:15,192,6,494.2,6
4613132926,2025-01-08 01:00:00,195,2025-01-08 14:40:01,2025-01-08 14:43:20,319,59,3420.6,50
4613581529,2025-01-08 01:00:00,195,2025-01-08 22:05:09,2025-01-08 22:07:23,214,1,9.8,1
4612840039,2025-01-08 01:00:00,195,2025-01-08 09:27:08,2025-01-08 09:28:28,120,4,84.5,3
4613457283,2025-01-08 01:00:00,195,2025-01-08 18:48:47,2025-01-08 18:50:11,164,6,210.4,6
4613132912,2025-01-08 01:00:00,195,2025-01-08 14:25:18,2025-01-08 14:26:02,84,13,769.8,11
4613498091,2025-01-08 01:00:00,195,2025-01-08 19:39:19,2025-01-08 19:40:00,81,7,396.7,7
4612964117,2025-01-08 01:00:00,195,2025-01-08 11:49:47,2025-01-08 11:55:00,553,2,56.0,2
4613515237,2025-01-08 01:00:00,195,2025-01-08 19:57:47,2025-01-08 19:58:33,86,1,16.9,1
4613307730,2025-01-08 01:00:00,195,2025-01-08 17:04:19,2025-01-08 17:05:39,120,12,694.8,11
4613567356,2025-01-08 01:00:00,195,2025-01-08 21:16:48,2025-01-08 21:17:57,109,4,404.4,4
4613558298,2025-01-08 01:00:00,195,2025-01-08 20:48:21,2025-01-08 20:49:53,132,32,816.9,22
4613585549,2025-01-08 01:00:00,195,2025-01-08 22:22:42,2025-01-08 22:25:16,274,5,223.0,5
4613389835,2025-01-08 01:00:00,195,2025-01-08 18:03:43,2025-01-08 18:05:26,183,41,1533.0,37
4613581552,2025-01-08 01:00:00,195,2025-01-08 21:52:44,2025-01-08 21:52:59,15,2,150.0,2
4613050168,2025-01-08 01:00:00,195,2025-01-08 13:21:20,2025-01-08 13:22:46,126,3,209.0,3
4613585562,2025-01-08 01:00:00,195,2025-01-08 22:14:19,2025-01-08 22:14:49,30,1,1470.0,1
4613363147,2025-01-08 01:00:00,195,2025-01-08 17:42:29,2025-01-08 17:45:31,302,5,188.6,5
4613480532,2025-01-08 01:00:00,195,2025-01-08 19:13:27,2025-01-08 19:13:52,25,6,240.7,6
4612840060,2025-01-08 01:00:00,195,2025-01-08 09:29:30,2025-01-08 09:30:10,80,9,374.3,9
4613498063,2025-01-08 01:00:00,195,2025-01-08 19:40:45,2025-01-08 19:42:13,168,3,200.1,3
4613431436,2025-01-08 01:00:00,195,2025-01-08 18:44:57,2025-01-08 18:45:12,55,1,146.0,1
4613532421,2025-01-08 01:00:00,195,2025-01-08 19:53:58,2025-01-08 20:09:29,5571,13,1046.1,12
4613031978,2025-01-08 01:00:00,195,2025-01-08 13:12:44,2025-01-08 13:15:59,315,29,1334.0,22
4613575237,2025-01-08 01:00:00,195,2025-01-08 21:45:30,2025-01-08 21:47:45,215,2,19.9,2
4613155387,2025-01-08 01:00:00,195,2025-01-08 14:59:18,2025-01-08 15:00:59,4141,1,219.0,1
4613581535,2025-01-08 01:00:00,195,2025-01-08 22:02:26,2025-01-08 22:03:06,80,1,89.4,1
4613588215,2025-01-08 01:00:00,195,2025-01-08 22:39:58,2025-01-08 22:41:14,156,17,755.7,13
4613480556,2025-01-08 01:00:00,195,2025-01-08 19:06:05,2025-01-08 19:08:54,249,17,651.2,12
4613132890,2025-01-08 01:00:00,195,2025-01-08 14:39:10,2025-01-08 14:40:20,110,1,28.9,1
4613567378,2025-01-08 01:00:00,195,2025-01-08 21:08:50,2025-01-08 21:18:34,984,48,2015.0,24
4613019182,2025-01-08 01:00:00,195,2025-01-08 12:50:07,2025-01-08 12:58:31,824,3,284.6,3
4613504510,2025-01-08 01:00:00,195,2025-01-08 19:29:44,2025-01-08 19:30:46,102,4,213.0,4
4613132946,2025-01-08 01:00:00,195,2025-01-08 14:44:07,2025-01-08 14:44:13,6,1,100.0,1
4613498060,2025-01-08 01:00:00,195,2025-01-08 19:41:45,2025-01-08 19:43:14,169,3,161.6,3
4612985474,2025-01-08 01:00:00,195,2025-01-08 12:18:17,2025-01-08 12:22:51,434,15,497.1,14
4613558304,2025-01-08 01:00:00,195,2025-01-08 20:47:11,2025-01-08 20:50:23,312,49,1767.2,33
4613132955,2025-01-08 01:00:00,195,2025-01-08 14:36:05,2025-01-08 14:36:07,2,0,-50.0,1
4613558327,2025-01-08 01:00:00,195,2025-01-08 20:52:33,2025-01-08 20:56:36,403,1,229.9,1
4612792412,2025-01-08 01:00:00,195,2025-01-08 08:29:24,2025-01-08 08:30:14,90,7,258.7,5
4613504521,2025-01-08 01:00:00,195,2025-01-08 19:29:16,2025-01-08 19:30:32,116,10,559.5,10
4613166977,2025-01-08 01:00:00,195,2025-01-08 15:14:16,2025-01-08 15:14:36,20,8,293.0,7
4613480481,2025-01-08 01:00:00,195,2025-01-08 19:13:14,2025-01-08 19:14:14,100,1,120.0,1
4613545914,2025-01-08 01:00:00,195,2025-01-08 20:39:10,2025-01-08 20:39:25,15,3,87.3,2
4613588206,2025-01-08 01:00:00,195,2025-01-08 22:24:41,2025-01-08 22:38:56,1415,4,269.8,4
4613203745,2025-01-08 01:00:00,195,2025-01-08 15:39:10,2025-01-08 15:39:59,49,1,29.9,1
4613585541,2025-01-08 01:00:00,195,2025-01-08 22:02:57,2025-01-08 22:11:03,846,6,176.1,5
4612985482,2025-01-08 01:00:00,195,2025-01-08 12:04:42,2025-01-08 12:18:00,1358,5,98.4,5
4613457331,2025-01-08 01:00:00,195,2025-01-08 18:59:04,2025-01-08 18:59:30,26,6,163.0,6
4613254932,2025-01-08 01:00:00,195,2025-01-08 16:17:43,2025-01-08 16:19:19,176,4,86.1,4
4613480497,2025-01-08 01:00:00,195,2025-01-08 19:12:46,2025-01-08 19:14:46,200,46,2169.0,31
4612946381,2025-01-08 01:00:00,195,2025-01-08 11:37:01,2025-01-08 11:37:16,15,63,2352.8,42
4613480518,2025-01-08 01:00:00,195,2025-01-08 19:23:25,2025-01-08 19:23:56,31,13,495.9,11
4613254972,2025-01-08 01:00:00,195,2025-01-08 16:20:26,2025-01-08 16:20:58,32,2,47.5,2
4613515315,2025-01-08 01:00:00,195,2025-01-08 19:51:08,2025-01-08 19:53:17,209,5,129.9,5
4612946355,2025-01-08 01:00:00,195,2025-01-08 11:21:40,2025-01-08 11:28:05,665,18,1086.8,18
4613532374,2025-01-08 01:00:00,195,2025-01-08 20:14:04,2025-01-08 20:15:34,130,25,824.5,19
4613431399,2025-01-08 01:00:00,195,2025-01-08 18:41:11,2025-01-08 18:41:38,27,7,291.8,6
4613457235,2025-01-08 01:00:00,195,2025-01-08 19:05:32,2025-01-08 19:06:08,76,14,780.6,9
4613581546,2025-01-08 01:00:00,195,2025-01-08 21:43:48,2025-01-08 22:03:31,5983,2,50.0,1
4613504580,2025-01-08 01:00:00,195,2025-01-08 19:28:29,2025-01-08 19:28:47,18,2,138.0,2
4613155412,2025-01-08 01:00:00,195,2025-01-08 15:03:53,2025-01-08 15:04:45,92,6,684.5,4
4613545912,2025-01-08 01:00:00,195,2025-01-08 20:34:19,2025-01-08 20:34:49,30,6,207.7,6
4613019228,2025-01-08 01:00:00,195,2025-01-08 12:54:34,2025-01-08 12:55:02,68,8,305.6,5
4612792387,2025-01-08 01:00:00,195,2025-01-08 08:42:21,2025-01-08 08:43:57,136,5,118.5,5
4613155452,2025-01-08 01:00:00,195,2025-01-08 14:49:37,2025-01-08 14:52:37,300,7,196.1,7
4612792422,2025-01-08 01:00:00,195,2025-01-08 08:40:44,2025-01-08 08:40:57,13,2,29.0,2
4613006702,2025-01-08 01:00:00,195,2025-01-08 12:44:44,2025-01-08 12:46:12,168,4,311.7,3
4612809457,2025-01-08 01:00:00,195,2025-01-08 09:03:28,2025-01-08 09:04:57,129,3,176.8,2
4613166878,2025-01-08 01:00:00,195,2025-01-08 15:21:08,2025-01-08 15:22:07,99,12,477.0,10
4612840064,2025-01-08 01:00:00,195,2025-01-08 09:35:35,2025-01-08 09:36:40,105,6,175.4,5
4613070734,2025-01-08 01:00:00,195,2025-01-08 13:43:05,2025-01-08 13:45:54,249,3,88.9,3
4612855772,2025-01-08 01:00:00,195,2025-01-08 10:02:24,2025-01-08 10:04:56,232,5,148.8,4
4613203780,2025-01-08 01:00:00,195,2025-01-08 15:39:56,2025-01-08 15:40:24,68,7,135.3,4
4612887337,2025-01-08 01:00:00,195,2025-01-08 10:45:48,2025-01-08 10:46:53,105,22,1073.9,18
4613575246,2025-01-08 01:00:00,195,2025-01-08 21:34:00,2025-01-08 21:35:36,136,4,75.8,4
4612985463,2025-01-08 01:00:00,195,2025-01-08 12:24:27,2025-01-08 12:24:31,4,0,270.0,1
4613335464,2025-01-08 01:00:00,195,2025-01-08 17:14:07,2025-01-08 17:20:59,652,1,36.8,1
4613019133,2025-01-08 01:00:00,195,2025-01-08 12:54:55,2025-01-08 12:55:43,88,2,29.7,2
4613070783,2025-01-08 01:00:00,195,2025-01-08 13:38:44,2025-01-08 13:42:52,408,1,14.9,1
4613050202,2025-01-08 01:00:00,195,2025-01-08 13:18:27,2025-01-08 13:19:48,121,29,837.3,18
4613363130,2025-01-08 01:00:00,195,2025-01-08 17:44:37,2025-01-08 17:45:17,80,12,720.0,11
4613050136,2025-01-08 01:00:00,195,2025-01-08 13:28:55,2025-01-08 13:29:37,82,1,17.9,1
4613006726,2025-01-08 01:00:00,195,2025-01-08 12:26:14,2025-01-08 12:28:25,211,49,2009.9,44
4613031996,2025-01-08 01:00:00,195,2025-01-08 13:09:57,2025-01-08 13:11:13,156,3,59.2,3
4613155434,2025-01-08 01:00:00,195,2025-01-08 14:51:51,2025-01-08 14:53:45,194,5,234.4,4
4613083455,2025-01-08 01:00:00,195,2025-01-08 13:49:31,2025-01-08 13:51:11,180,4,52.9,4
4612777438,2025-01-08 01:00:00,195,2025-01-08 08:20:17,2025-01-08 08:20:42,25,7,161.0,7
4613103518,2025-01-08 01:00:00,195,2025-01-08 14:07:59,2025-01-08 14:05:22,-237,3,150.0,2
4613166883,2025-01-08 01:00:00,195,2025-01-08 15:15:19,2025-01-08 15:15:42,23,1,147.0,1
4613070773,2025-01-08 01:00:00,195,2025-01-08 13:31:30,2025-01-08 13:32:31,101,2,27.8,1
4613581530,2025-01-08 01:00:00,195,2025-01-08 21:43:32,2025-01-08 21:50:19,687,7,329.4,6
4612809462,2025-01-08 01:00:00,195,2025-01-08 08:47:17,2025-01-08 08:48:18,101,2,33.8,1
4613307767,2025-01-08 01:00:00,195,2025-01-08 16:58:15,2025-01-08 16:58:24,9,1,201.0,2
4612920352,2025-01-08 01:00:00,195,2025-01-08 11:22:37,2025-01-08 11:26:20,383,1,29.9,1
4612777425,2025-01-08 01:00:00,195,2025-01-08 08:17:20,2025-01-08 08:18:23,103,9,586.7,9
4612946367,2025-01-08 01:00:00,195,2025-01-08 11:39:07,2025-01-08 11:39:32,25,8,340.1,5
4613335532,2025-01-08 01:00:00,195,2025-01-08 17:17:11,2025-01-08 17:17:21,10,3,392.0,1
4612946374,2025-01-08 01:00:00,195,2025-01-08 11:40:09,2025-01-08 11:40:18,9,2,58.0,2
4613050174,2025-01-08 01:00:00,195,2025-01-08 13:23:12,2025-01-08 13:24:05,93,1,29.9,1
4613019139,2025-01-08 01:00:00,195,2025-01-08 12:59:19,2025-01-08 13:00:15,4096,8,279.9,5
4613389891,2025-01-08 01:00:00,195,2025-01-08 17:52:18,2025-01-08 17:53:22,104,2,200.0,1
4613006762,2025-01-08 01:00:00,195,2025-01-08 12:30:20,2025-01-08 12:30:35,15,1,25.9,1
4612855806,2025-01-08 01:00:00,195,2025-01-08 09:47:48,2025-01-08 09:48:39,91,3,94.7,3
4613083375,2025-01-08 01:00:00,195,2025-01-08 13:59:57,2025-01-08 14:00:31,4074,1,42.9,1
4613363088,2025-01-08 01:00:00,195,2025-01-08 17:40:58,2025-01-08 17:41:43,85,11,439.7,6
4613103542,2025-01-08 01:00:00,195,2025-01-08 14:13:12,2025-01-08 14:13:28,16,1,110.0,1
4613585553,2025-01-08 01:00:00,195,2025-01-08 22:03:59,2025-01-08 22:09:57,598,2,178.0,2
4612809461,2025-01-08 01:00:00,195,2025-01-08 08:50:54,2025-01-08 08:52:05,151,2,50.6,2
4613155421,2025-01-08 01:00:00,195,2025-01-08 14:55:14,2025-01-08 14:56:19,105,22,1125.7,18
4612840048,2025-01-08 01:00:00,195,2025-01-08 09:26:54,2025-01-08 09:38:02,1148,2,69.0,2
4612985429,2025-01-08 01:00:00,195,2025-01-08 12:22:09,2025-01-08 12:23:04,95,2,54.8,2
4612871136,2025-01-08 01:00:00,195,2025-01-08 10:18:09,2025-01-08 10:20:37,228,47,3011.0,44
4613254928,2025-01-08 01:00:00,195,2025-01-08 16:25:28,2025-01-08 16:26:41,113,1,29.0,1
4612964157,2025-01-08 01:00:00,195,2025-01-08 11:50:17,2025-01-08 11:50:28,11,1,22.0,1
4613103511,2025-01-08 01:00:00,195,2025-01-08 14:06:57,2025-01-08 14:07:57,100,2,39.8,1
4613019238,2025-01-08 01:00:00,195,2025-01-08 13:02:01,2025-01-08 13:02:34,33,8,420.3,7
4613307686,2025-01-08 01:00:00,195,2025-01-08 16:42:22,2025-01-08 16:48:03,581,8,288.46,9
4613031947,2025-01-08 01:00:00,195,2025-01-08 13:13:10,2025-01-08 13:17:09,399,4,299.2,3
4612946341,2025-01-08 01:00:00,195,2025-01-08 11:37:21,2025-01-08 11:38:54,133,1,24.9,1
4613083466,2025-01-08 01:00:00,195,2025-01-08 13:41:47,2025-01-08 13:54:06,1259,3,70.2,3
4613307707,2025-01-08 01:00:00,195,2025-01-08 16:48:27,2025-01-08 16:48:46,19,2,68.0,1
4613050220,2025-01-08 01:00:00,195,2025-01-08 13:22:32,2025-01-08 13:22:42,10,1,19.0,1
4613457350,2025-01-08 01:00:00,195,2025-01-08 18:51:14,2025-01-08 18:53:43,229,67,2452.5,36
4612985432,2025-01-08 01:00:00,195,2025-01-08 12:22:57,2025-01-08 12:23:27,70,2,82.3,2
4613404464,2025-01-08 01:00:00,195,2025-01-08 18:23:32,2025-01-08 18:26:39,307,29,1329.0,23
4613050215,2025-01-08 01:00:00,195,2025-01-08 13:23:25,2025-01-08 13:24:32,107,16,773.1,10
4613019124,2025-01-08 01:00:00,195,2025-01-08 13:03:56,2025-01-08 13:04:09,53,1,100.0,1
4613031990,2025-01-08 01:00:00,195,2025-01-08 13:09:08,2025-01-08 13:09:47,39,1,19.9,1
4613070759,2025-01-08 01:00:00,195,2025-01-08 13:40:00,2025-01-08 13:43:06,306,17,1114.7,15
4613083478,2025-01-08 01:00:00,195,2025-01-08 13:53:52,2025-01-08 13:56:07,255,7,157.3,6
4613050148,2025-01-08 01:00:00,195,2025-01-08 13:22:14,2025-01-08 13:23:30,116,2,112.8,2
4613083440,2025-01-08 01:00:00,195,2025-01-08 13:52:47,2025-01-08 13:55:12,265,7,543.0,5
4613567363,2025-01-08 01:00:00,195,2025-01-08 21:13:57,2025-01-08 21:17:09,352,19,765.91,15
4613103531,2025-01-08 01:00:00,195,2025-01-08 14:17:53,2025-01-08 14:17:56,3,1,16.0,1
4613083408,2025-01-08 01:00:00,195,2025-01-08 14:04:11,2025-01-08 14:05:07,96,1,7.9,1
4613070780,2025-01-08 01:00:00,195,2025-01-08 13:43:25,2025-01-08 13:44:16,91,2,35.4,2
4612985481,2025-01-08 01:00:00,195,2025-01-08 12:16:55,2025-01-08 12:22:15,560,13,926.0,13
4612855780,2025-01-08 01:00:00,195,2025-01-08 09:54:29,2025-01-08 09:57:31,302,2,60.8,2
4613103554,2025-01-08 01:00:00,195,2025-01-08 14:18:20,2025-01-08 14:18:38,18,3,213.7,3
4612824946,2025-01-08 01:00:00,195,2025-01-08 09:13:06,2025-01-08 09:20:46,740,33,1208.3,23
4613515287,2025-01-08 01:00:00,195,2025-01-08 20:02:12,2025-01-08 20:03:47,135,2,29.8,2
4612985436,2025-01-08 01:00:00,195,2025-01-08 12:22:22,2025-01-08 12:23:00,78,3,41.7,1
4613070798,2025-01-08 01:00:00,195,2025-01-08 13:46:09,2025-01-08 13:46:44,35,1,129.9,1
4612964096,2025-01-08 01:00:00,195,2025-01-08 11:45:31,2025-01-08 11:47:55,224,3,110.3,2
4613019136,2025-01-08 01:00:00,195,2025-01-08 12:50:09,2025-01-08 12:52:55,246,4,69.6,3
4613050219,2025-01-08 01:00:00,195,2025-01-08 13:20:36,2025-01-08 13:20:59,23,4,117.8,4
4612887318,2025-01-08 01:00:00,195,2025-01-08 10:33:07,2025-01-08 10:33:14,7,1,100.0,1
4613103573,2025-01-08 01:00:00,195,2025-01-08 14:05:24,2025-01-08 14:06:12,88,12,776.0,9
4613498049,2025-01-08 01:00:00,195,2025-01-08 19:40:44,2025-01-08 19:43:46,302,11,532.7,11
4613050196,2025-01-08 01:00:00,195,2025-01-08 13:29:28,2025-01-08 13:30:02,74,11,282.0,6
4612985501,2025-01-08 01:00:00,195,2025-01-08 12:13:13,2025-01-08 12:13:58,45,11,287.6,9
4612824949,2025-01-08 01:00:00,195,2025-01-08 09:20:21,2025-01-08 09:22:18,197,6,101.3,6
4613031945,2025-01-08 01:00:00,195,2025-01-08 13:17:08,2025-01-08 13:17:32,24,3,146.7,3
4612777430,2025-01-08 01:00:00,195,2025-01-08 08:14:05,2025-01-08 08:14:46,41,11,435.72,9
4612985457,2025-01-08 01:00:00,195,2025-01-08 12:26:12,2025-01-08 12:26:36,24,4,168.6,4
4612840061,2025-01-08 01:00:00,195,2025-01-08 09:30:13,2025-01-08 09:31:10,97,3,464.0,2
4613545947,2025-01-08 01:00:00,195,2025-01-08 20:12:26,2025-01-08 20:44:45,3219,8,193.1,8
4613006774,2025-01-08 01:00:00,195,2025-01-08 12:31:33,2025-01-08 12:35:50,417,16,246.4,4
4613050147,2025-01-08 01:00:00,195,2025-01-08 13:27:37,2025-01-08 13:28:17,80,3,119.4,3
4613006765,2025-01-08 01:00:00,195,2025-01-08 12:28:51,2025-01-08 12:29:06,55,1,146.0,1
4613031970,2025-01-08 01:00:00,195,2025-01-08 13:18:58,2025-01-08 13:19:05,47,2,294.0,1
4613050124,2025-01-08 01:00:00,195,2025-01-08 13:29:27,2025-01-08 13:30:16,89,1,28.1,1
4613083456,2025-01-08 01:00:00,195,2025-01-08 13:56:25,2025-01-08 14:01:11,4486,12,528.2,10
4613050165,2025-01-08 01:00:00,195,2025-01-08 13:22:59,2025-01-08 13:24:02,143,1,29.9,1
4613532383,2025-01-08 01:00:00,195,2025-01-08 20:24:41,2025-01-08 20:25:01,60,1,249.0,1
4613070845,2025-01-08 01:00:00,195,2025-01-08 13:39:40,2025-01-08 13:40:15,75,6,192.7,6
4613050222,2025-01-08 01:00:00,195,2025-01-08 13:26:13,2025-01-08 13:26:55,42,15,192.1,11
4613070854,2025-01-08 01:00:00,195,2025-01-08 13:42:27,2025-01-08 13:42:44,17,2,288.0,1
4613031991,2025-01-08 01:00:00,195,2025-01-08 13:11:24,2025-01-08 13:12:52,128,4,97.1,4
4612840075,2025-01-08 01:00:00,195,2025-01-08 09:46:06,2025-01-08 09:46:41,35,9,134.0,8
4612809472,2025-01-08 01:00:00,195,2025-01-08 08:44:04,2025-01-08 09:00:48,5644,1,27.0,1
4612903141,2025-01-08 01:00:00,195,2025-01-08 11:04:45,2025-01-08 11:06:04,159,2,213.8,2
4613457349,2025-01-08 01:00:00,195,2025-01-08 18:53:47,2025-01-08 18:54:40,93,11,420.6,9
4612985442,2025-01-08 01:00:00,195,2025-01-08 12:22:19,2025-01-08 12:22:25,6,1,35.0,1
4612840044,2025-01-08 01:00:00,195,2025-01-08 09:38:11,2025-01-08 09:40:43,232,3,55.7,3
4613019143,2025-01-08 01:00:00,195,2025-01-08 13:01:59,2025-01-08 13:02:23,64,3,81.7,3
4613083433,2025-01-08 01:00:00,195,2025-01-08 13:53:28,2025-01-08 13:54:16,88,2,21.3,2
4613019207,2025-01-08 01:00:00,195,2025-01-08 12:48:52,2025-01-08 12:50:17,165,16,465.7,15
4612871110,2025-01-08 01:00:00,195,2025-01-08 10:08:10,2025-01-08 10:11:43,333,8,340.0,6
4613103502,2025-01-08 01:00:00,195,2025-01-08 14:14:05,2025-01-08 14:17:17,312,8,199.0,8
4613575284,2025-01-08 01:00:00,195,2025-01-08 21:22:08,2025-01-08 21:32:36,1028,18,1266.6,18
4612777458,2025-01-08 01:00:00,195,2025-01-08 08:15:50,2025-01-08 08:21:06,556,9,316.1,9
4612871122,2025-01-08 01:00:00,195,2025-01-08 10:12:06,2025-01-08 10:22:39,1033,2,146.8,2
4612840051,2025-01-08 01:00:00,195,2025-01-08 09:44:32,2025-01-08 09:46:25,193,3,25.0,3
4613070793,2025-01-08 01:00:00,195,2025-01-08 13:36:52,2025-01-08 13:38:20,168,2,318.9,2
4612824991,2025-01-08 01:00:00,195,2025-01-08 09:16:07,2025-01-08 09:18:49,242,1,-117.0,1
4612920402,2025-01-08 01:00:00,195,2025-01-08 11:23:26,2025-01-08 11:24:06,80,8,239.0,8
4612887325,2025-01-08 01:00:00,195,2025-01-08 10:33:24,2025-01-08 10:33:44,20,1,149.0,1
4613457328,2025-01-08 01:00:00,195,2025-01-08 18:54:05,2025-01-08 18:54:35,30,4,133.6,3
4613006794,2025-01-08 01:00:00,195,2025-01-08 12:38:03,2025-01-08 12:39:09,106,1,27.9,1
4612903079,2025-01-08 01:00:00,195,2025-01-08 10:44:50,2025-01-08 10:50:17,567,15,750.3,10
4613070837,2025-01-08 01:00:00,195,2025-01-08 13:44:02,2025-01-08 13:45:58,156,36,1457.4,33
4612840066,2025-01-08 01:00:00,195,2025-01-08 09:34:58,2025-01-08 09:35:11,53,3,189.0,3
4612792404,2025-01-08 01:00:00,195,2025-01-08 08:21:04,2025-01-08 08:29:20,816,3,61.6,3
4612887311,2025-01-08 01:00:00,195,2025-01-08 10:27:35,2025-01-08 10:31:35,400,9,686.0,8
4612840070,2025-01-08 01:00:00,195,2025-01-08 09:44:40,2025-01-08 09:44:52,12,2,49.0,2
4613588211,2025-01-08 01:00:00,195,2025-01-08 22:26:59,2025-01-08 22:32:20,561,2,53.8,2
4613050141,2025-01-08 01:00:00,195,2025-01-08 13:19:29,2025-01-08 13:20:11,82,6,297.3,6
4613006696,2025-01-08 01:00:00,195,2025-01-08 12:39:15,2025-01-08 12:44:35,520,2,26.8,2
4613083377,2025-01-08 01:00:00,195,2025-01-08 14:03:48,2025-01-08 14:04:09,61,1,10.4,1
4612985459,2025-01-08 01:00:00,195,2025-01-08 12:20:41,2025-01-08 12:20:45,4,0,60.0,1
4613083412,2025-01-08 01:00:00,195,2025-01-08 13:59:48,2025-01-08 14:00:10,4062,2,119.9,2
4613083458,2025-01-08 01:00:00,195,2025-01-08 13:52:38,2025-01-08 13:53:58,120,9,759.6,9
4613103581,2025-01-08 01:00:00,195,2025-01-08 14:12:28,2025-01-08 14:12:40,12,1,59.0,1
4613498055,2025-01-08 01:00:00,195,2025-01-08 19:43:28,2025-01-08 19:44:38,110,2,69.8,1
4613070784,2025-01-08 01:00:00,195,2025-01-08 13:35:37,2025-01-08 13:38:38,301,2,19.9,1
4613083409,2025-01-08 01:00:00,195,2025-01-08 14:03:43,2025-01-08 14:04:05,62,2,41.1,2
4613019118,2025-01-08 01:00:00,195,2025-01-08 12:48:05,2025-01-08 12:48:20,15,2,310.0,1
4613019236,2025-01-08 01:00:00,195,2025-01-08 13:01:15,2025-01-08 13:01:59,44,2,106.6,2
4613019212,2025-01-08 01:00:00,195,2025-01-08 13:02:23,2025-01-08 13:02:47,24,8,174.2,3
4613070729,2025-01-08 01:00:00,195,2025-01-08 13:38:06,2025-01-08 13:38:40,34,2,36.6,2
4613050129,2025-01-08 01:00:00,195,2025-01-08 13:25:13,2025-01-08 13:25:51,38,2,149.8,2
4613457245,2025-01-08 01:00:00,195,2025-01-08 18:46:51,2025-01-08 18:50:51,400,9,151.5,5
4613083484,2025-01-08 01:00:00,195,2025-01-08 13:56:15,2025-01-08 13:58:40,225,51,1822.5,39
4613070850,2025-01-08 01:00:00,195,2025-01-08 13:43:23,2025-01-08 13:43:33,10,4,96.0,4
4613083378,2025-01-08 01:00:00,195,2025-01-08 14:01:45,2025-01-08 14:02:34,89,3,92.6,3
4613083503,2025-01-08 01:00:00,195,2025-01-08 13:53:44,2025-01-08 13:54:02,58,4,339.6,2
4612809493,2025-01-08 01:00:00,195,2025-01-08 08:43:26,2025-01-08 09:02:08,5882,1,-9.0,1
4613050184,2025-01-08 01:00:00,195,2025-01-08 13:28:27,2025-01-08 13:31:10,283,10,256.3,6
4612809465,2025-01-08 01:00:00,195,2025-01-08 08:52:26,2025-01-08 09:05:24,5298,2,21.2,2
4613532387,2025-01-08 01:00:00,195,2025-01-08 20:16:10,2025-01-08 20:16:52,42,7,422.4,6
4612964128,2025-01-08 01:00:00,195,2025-01-08 11:57:27,2025-01-08 11:57:46,19,3,299.7,1
4612777449,2025-01-08 01:00:00,195,2025-01-08 08:11:15,2025-01-08 08:11:29,14,1,26.9,1
4612985502,2025-01-08 01:00:00,195,2025-01-08 12:15:38,2025-01-08 12:16:27,89,14,611.2,13
4612809468,2025-01-08 01:00:00,195,2025-01-08 08:48:35,2025-01-08 09:00:28,5193,3,85.12,4
4612985465,2025-01-08 01:00:00,195,2025-01-08 12:19:32,2025-01-08 12:19:47,15,2,200.0,1
4612840078,2025-01-08 01:00:00,195,2025-01-08 09:33:23,2025-01-08 09:33:28,5,1,165.0,1
4613006719,2025-01-08 01:00:00,195,2025-01-08 12:26:35,2025-01-08 12:29:37,302,11,236.1,10
4613504556,2025-01-08 01:00:00,195,2025-01-08 19:36:28,2025-01-08 19:39:41,313,10,430.7,10
4613019153,2025-01-08 01:00:00,195,2025-01-08 12:50:21,2025-01-08 12:52:40,219,1,119.9,1
4612871129,2025-01-08 01:00:00,195,2025-01-08 10:06:55,2025-01-08 10:23:00,1645,26,982.0,20
4613019154,2025-01-08 01:00:00,195,2025-01-08 12:52:51,2025-01-08 12:53:35,84,3,106.7,3
4612777439,2025-01-08 01:00:00,195,2025-01-08 08:19:45,2025-01-08 08:20:02,57,5,131.0,4
4613083480,2025-01-08 01:00:00,195,2025-01-08 13:50:16,2025-01-08 13:52:49,233,13,185.0,8
4612903154,2025-01-08 01:00:00,195,2025-01-08 10:48:52,2025-01-08 10:52:25,373,13,534.0,5
4613103516,2025-01-08 01:00:00,195,2025-01-08 14:10:32,2025-01-08 14:11:24,92,22,946.7,18
4613567406,2025-01-08 01:00:00,195,2025-01-08 21:06:55,2025-01-08 21:07:02,47,1,144.0,1
4613103506,2025-01-08 01:00:00,195,2025-01-08 14:18:03,2025-01-08 14:20:24,221,6,409.0,6
4613006710,2025-01-08 01:00:00,195,2025-01-08 12:41:20,2025-01-08 12:44:12,292,21,912.9,7
4612824951,2025-01-08 01:00:00,195,2025-01-08 09:18:08,2025-01-08 09:22:32,424,15,648.3,11
4612840054,2025-01-08 01:00:00,195,2025-01-08 09:28:28,2025-01-08 09:28:49,21,4,58.0,4
4612920337,2025-01-08 01:00:00,195,2025-01-08 11:26:46,2025-01-08 11:27:15,69,1,288.0,1
4613050209,2025-01-08 01:00:00,195,2025-01-08 13:26:37,2025-01-08 13:27:04,67,3,173.7,3
4613155436,2025-01-08 01:00:00,195,2025-01-08 14:54:23,2025-01-08 15:00:18,4595,1,16.9,1
4613504538,2025-01-08 01:00:00,195,2025-01-08 19:22:47,2025-01-08 19:29:07,660,37,1586.84,38
4613132871,2025-01-08 01:00:00,195,2025-01-08 14:40:51,2025-01-08 14:42:22,171,3,125.6,3
4613032014,2025-01-08 01:00:00,195,2025-01-08 13:06:38,2025-01-08 13:09:05,267,11,472.4,10
4613132934,2025-01-08 01:00:00,195,2025-01-08 14:28:08,2025-01-08 14:28:14,6,1,11.0,1
4612871135,2025-01-08 01:00:00,195,2025-01-08 10:20:46,2025-01-08 10:21:12,66,6,319.0,6
4613132843,2025-01-08 01:00:00,195,2025-01-08 14:25:09,2025-01-08 14:26:23,114,1,36.9,1
4613103560,2025-01-08 01:00:00,195,2025-01-08 14:16:21,2025-01-08 14:16:52,31,9,500.0,9
4613166950,2025-01-08 01:00:00,195,2025-01-08 15:01:54,2025-01-08 15:08:08,654,6,464.5,3
4613581528,2025-01-08 01:00:00,195,2025-01-08 21:44:16,2025-01-08 21:47:47,331,1,359.0,1
4613281265,2025-01-08 01:00:00,195,2025-01-08 16:36:31,2025-01-08 16:37:09,78,12,313.0,8
4612824965,2025-01-08 01:00:00,195,2025-01-08 09:06:40,2025-01-08 09:10:33,393,19,520.9,17
4613335517,2025-01-08 01:00:00,195,2025-01-08 17:11:29,2025-01-08 17:12:15,86,13,996.6,8
4613019109,2025-01-08 01:00:00,195,2025-01-08 12:51:08,2025-01-08 12:51:40,32,4,114.0,4
4613389840,2025-01-08 01:00:00,195,2025-01-08 18:04:37,2025-01-08 18:04:59,22,4,101.4,4
4612824981,2025-01-08 01:00:00,195,2025-01-08 09:16:50,2025-01-08 09:17:22,72,8,242.5,7
4613431364,2025-01-08 01:00:00,195,2025-01-08 18:39:18,2025-01-08 18:41:16,198,11,439.0,11
4613504558,2025-01-08 01:00:00,195,2025-01-08 19:36:40,2025-01-08 19:37:40,100,19,1079.0,17
4613155478,2025-01-08 01:00:00,195,2025-01-08 14:50:25,2025-01-08 14:50:45,20,2,231.0,2
4613006698,2025-01-08 01:00:00,195,2025-01-08 12:31:28,2025-01-08 12:32:22,94,1,42.9,1
4613254915,2025-01-08 01:00:00,195,2025-01-08 16:09:15,2025-01-08 16:14:33,518,6,200.6,4
4613019156,2025-01-08 01:00:00,195,2025-01-08 12:45:34,2025-01-08 12:49:40,406,10,586.6,9
4613254970,2025-01-08 01:00:00,195,2025-01-08 16:16:42,2025-01-08 16:17:37,95,25,1512.6,19
4613070755,2025-01-08 01:00:00,195,2025-01-08 13:39:06,2025-01-08 13:40:36,130,10,297.8,9
4613431376,2025-01-08 01:00:00,195,2025-01-08 18:29:39,2025-01-08 18:30:23,84,6,401.1,4
4613567380,2025-01-08 01:00:00,195,2025-01-08 21:18:11,2025-01-08 21:20:50,239,15,740.0,11
4613404415,2025-01-08 01:00:00,195,2025-01-08 18:16:19,2025-01-08 18:16:41,22,5,296.3,5
4613070831,2025-01-08 01:00:00,195,2025-01-08 13:40:10,2025-01-08 13:41:08,98,14,703.9,10
4613155406,2025-01-08 01:00:00,195,2025-01-08 14:59:59,2025-01-08 15:00:31,4072,2,28.7,2
4613103509,2025-01-08 01:00:00,195,2025-01-08 14:08:08,2025-01-08 14:08:50,42,2,40.0,2
4613203785,2025-01-08 01:00:00,195,2025-01-08 15:46:08,2025-01-08 15:47:16,108,13,467.0,10
4612809467,2025-01-08 01:00:00,195,2025-01-08 09:00:19,2025-01-08 09:03:36,317,2,26.8,2
4613307669,2025-01-08 01:00:00,195,2025-01-08 17:04:35,2025-01-08 17:06:17,182,6,145.7,6
4613480536,2025-01-08 01:00:00,195,2025-01-08 19:17:28,2025-01-08 19:18:08,80,14,336.0,11
4613307748,2025-01-08 01:00:00,195,2025-01-08 16:49:42,2025-01-08 16:53:31,389,52,3886.2,31
4612985461,2025-01-08 01:00:00,195,2025-01-08 12:22:41,2025-01-08 12:22:54,13,1,27.0,1
4613335527,2025-01-08 01:00:00,195,2025-01-08 17:22:02,2025-01-08 17:26:23,421,59,3350.7,36
4613103569,2025-01-08 01:00:00,195,2025-01-08 14:21:03,2025-01-08 14:21:59,56,20,861.2,18
4613431351,2025-01-08 01:00:00,195,2025-01-08 18:39:27,2025-01-08 18:45:28,601,26,1951.3,25
4612964136,2025-01-08 01:00:00,195,2025-01-08 12:05:58,2025-01-08 12:06:16,58,5,95.0,5
4613166906,2025-01-08 01:00:00,195,2025-01-08 15:16:46,2025-01-08 15:19:03,257,9,796.2,9
4613558261,2025-01-08 01:00:00,195,2025-01-08 21:02:09,2025-01-08 21:03:52,143,5,68.7,2
4613132908,2025-01-08 01:00:00,195,2025-01-08 14:30:27,2025-01-08 14:30:54,27,4,65.4,5
4613031928,2025-01-08 01:00:00,195,2025-01-08 13:13:09,2025-01-08 13:14:23,114,11,437.3,8
4613203804,2025-01-08 01:00:00,195,2025-01-08 15:43:36,2025-01-08 15:44:25,89,11,261.0,11
4613070820,2025-01-08 01:00:00,195,2025-01-08 13:45:00,2025-01-08 13:46:32,132,32,1030.2,26
4613203805,2025-01-08 01:00:00,195,2025-01-08 15:44:56,2025-01-08 15:45:43,87,15,562.5,14
4613083382,2025-01-08 01:00:00,195,2025-01-08 14:03:53,2025-01-08 14:04:19,66,2,69.8,2
4613431331,2025-01-08 01:00:00,195,2025-01-08 18:34:27,2025-01-08 18:38:13,386,19,1425.8,17
4613480554,2025-01-08 01:00:00,195,2025-01-08 19:06:57,2025-01-08 19:07:15,58,1,24.9,1
4613431385,2025-01-08 01:00:00,195,2025-01-08 18:43:45,2025-01-08 18:44:24,79,8,347.8,7
4613103478,2025-01-08 01:00:00,195,2025-01-08 14:12:51,2025-01-08 14:17:25,474,2,648.0,2
4613132931,2025-01-08 01:00:00,195,2025-01-08 14:25:43,2025-01-08 14:26:28,85,6,301.0,5
4612809456,2025-01-08 01:00:00,195,2025-01-08 08:59:47,2025-01-08 09:01:40,4193,6,431.5,6
4613132958,2025-01-08 01:00:00,195,2025-01-08 14:45:04,2025-01-08 14:46:07,103,0,-300.0,1
4612809459,2025-01-08 01:00:00,195,2025-01-08 08:56:53,2025-01-08 08:59:26,273,4,59.4,4
4613229357,2025-01-08 01:00:00,195,2025-01-08 16:03:11,2025-01-08 16:04:09,98,4,263.3,4
4613545905,2025-01-08 01:00:00,195,2025-01-08 20:39:23,2025-01-08 20:40:09,86,8,231.1,6
4613307677,2025-01-08 01:00:00,195,2025-01-08 16:46:18,2025-01-08 16:49:52,334,18,1108.2,14
4613006786,2025-01-08 01:00:00,195,2025-01-08 12:39:23,2025-01-08 12:39:53,30,2,36.8,2
4613363110,2025-01-08 01:00:00,195,2025-01-08 17:44:00,2025-01-08 17:45:12,112,22,938.9,21
4612964115,2025-01-08 01:00:00,195,2025-01-08 11:57:11,2025-01-08 11:59:55,244,1,30.0,1
4613155401,2025-01-08 01:00:00,195,2025-01-08 14:56:03,2025-01-08 14:56:34,31,6,103.0,5
4613050201,2025-01-08 01:00:00,195,2025-01-08 13:20:38,2025-01-08 13:21:37,99,15,889.6,10
4613132898,2025-01-08 01:00:00,195,2025-01-08 14:38:53,2025-01-08 14:43:52,499,1,0.0,1
4613567409,2025-01-08 01:00:00,195,2025-01-08 21:22:19,2025-01-08 21:22:40,21,2,292.0,1
4613166949,2025-01-08 01:00:00,195,2025-01-08 15:08:27,2025-01-08 15:10:46,219,6,318.1,6
4613050135,2025-01-08 01:00:00,195,2025-01-08 13:22:48,2025-01-08 13:23:42,94,2,93.7,2
4613229406,2025-01-08 01:00:00,195,2025-01-08 15:49:57,2025-01-08 15:50:55,98,14,892.7,14
4613050208,2025-01-08 01:00:00,195,2025-01-08 13:29:18,2025-01-08 13:29:37,19,2,159.8,2
4613307757,2025-01-08 01:00:00,195,2025-01-08 16:56:29,2025-01-08 16:57:58,129,37,1338.0,28
4613050155,2025-01-08 01:00:00,195,2025-01-08 13:29:29,2025-01-08 13:30:26,97,2,69.8,2
4613335476,2025-01-08 01:00:00,195,2025-01-08 17:15:28,2025-01-08 17:18:09,281,5,209.0,5
4613457257,2025-01-08 01:00:00,195,2025-01-08 18:55:47,2025-01-08 18:57:08,161,1,28.9,1
4613335502,2025-01-08 01:00:00,195,2025-01-08 17:18:45,2025-01-08 17:19:06,61,1,49.9,1
4613070765,2025-01-08 01:00:00,195,2025-01-08 13:44:10,2025-01-08 13:45:14,104,3,149.2,3
4613363054,2025-01-08 01:00:00,195,2025-01-08 17:42:48,2025-01-08 17:44:54,206,18,961.7,18
4613070853,2025-01-08 01:00:00,195,2025-01-08 13:46:59,2025-01-08 13:47:15,56,1,155.0,1
4613431397,2025-01-08 01:00:00,195,2025-01-08 18:39:22,2025-01-08 18:40:14,92,15,686.9,13
4612792432,2025-01-08 01:00:00,195,2025-01-08 08:34:24,2025-01-08 08:40:11,587,1,34.9,1
4613431352,2025-01-08 01:00:00,195,2025-01-08 18:42:23,2025-01-08 18:44:43,220,10,418.4,8
4613545881,2025-01-08 01:00:00,195,2025-01-08 20:29:58,2025-01-08 20:31:55,197,9,924.3,9
4613166888,2025-01-08 01:00:00,195,2025-01-08 15:14:50,2025-01-08 15:19:28,478,44,1166.6,36
4612809479,2025-01-08 01:00:00,195,2025-01-08 08:44:52,2025-01-08 08:52:11,759,3,47.0,2
4613254929,2025-01-08 01:00:00,195,2025-01-08 16:06:32,2025-01-08 16:08:53,221,9,305.1,9
4612792433,2025-01-08 01:00:00,195,2025-01-08 08:37:07,2025-01-08 08:38:36,129,2,36.8,2
4613363125,2025-01-08 01:00:00,195,2025-01-08 17:41:49,2025-01-08 17:43:50,201,52,1354.3,39
4612871125,2025-01-08 01:00:00,195,2025-01-08 10:22:04,2025-01-08 10:27:11,507,1,98.0,1
4613431408,2025-01-08 01:00:00,195,2025-01-08 18:26:59,2025-01-08 18:28:12,153,29,568.7,22
4613480563,2025-01-08 01:00:00,195,2025-01-08 19:09:06,2025-01-08 19:12:01,295,24,1123.71,25
4613404390,2025-01-08 01:00:00,195,2025-01-08 18:11:22,2025-01-08 18:12:02,80,9,311.2,9
4612903082,2025-01-08 01:00:00,195,2025-01-08 11:00:16,2025-01-08 11:04:05,389,7,304.4,6
4613254926,2025-01-08 01:00:00,195,2025-01-08 16:09:21,2025-01-08 16:12:53,332,1,60.0,1
4612887329,2025-01-08 01:00:00,195,2025-01-08 10:33:57,2025-01-08 10:34:14,57,3,109.7,2
4613281276,2025-01-08 01:00:00,195,2025-01-08 16:37:34,2025-01-08 16:41:00,366,25,562.7,18
4612903153,2025-01-08 01:00:00,195,2025-01-08 10:57:20,2025-01-08 11:01:39,4419,8,314.6,7
4613229344,2025-01-08 01:00:00,195,2025-01-08 15:50:01,2025-01-08 15:53:59,358,4,158.6,2
4613558325,2025-01-08 01:00:00,195,2025-01-08 20:48:24,2025-01-08 20:50:05,181,2,219.8,1
4613389876,2025-01-08 01:00:00,195,2025-01-08 18:00:28,2025-01-08 18:02:28,200,68,3881.5,68
4612946400,2025-01-08 01:00:00,195,2025-01-08 11:43:35,2025-01-08 11:44:27,92,3,436.0,4
4613363049,2025-01-08 01:00:00,195,2025-01-08 17:45:21,2025-01-08 17:47:10,189,4,232.6,3
4613019113,2025-01-08 01:00:00,195,2025-01-08 12:47:43,2025-01-08 12:47:55,12,1,22.0,1
4613229374,2025-01-08 01:00:00,195,2025-01-08 15:58:24,2025-01-08 16:03:58,4534,20,1164.2,20
4613050189,2025-01-08 01:00:00,195,2025-01-08 13:22:46,2025-01-08 13:24:46,200,36,2025.0,28
4613255001,2025-01-08 01:00:00,195,2025-01-08 16:19:12,2025-01-08 16:24:09,497,14,376.0,13
4613504571,2025-01-08 01:00:00,195,2025-01-08 19:35:59,2025-01-08 19:36:13,54,1,349.0,1
4613229409,2025-01-08 01:00:00,195,2025-01-08 15:48:10,2025-01-08 15:49:49,139,20,718.0,15
4613019152,2025-01-08 01:00:00,195,2025-01-08 12:46:48,2025-01-08 12:48:26,178,8,172.8,7
4613281214,2025-01-08 01:00:00,195,2025-01-08 16:32:39,2025-01-08 16:33:50,111,3,114.7,3
4613019150,2025-01-08 01:00:00,195,2025-01-08 12:48:43,2025-01-08 12:50:33,190,3,111.7,3
4613335538,2025-01-08 01:00:00,195,2025-01-08 17:09:48,2025-01-08 17:10:32,84,11,309.2,10
4613166980,2025-01-08 01:00:00,195,2025-01-08 15:12:27,2025-01-08 15:13:17,90,14,536.3,12
4613389818,2025-01-08 01:00:00,195,2025-01-08 18:05:51,2025-01-08 18:06:54,103,6,187.5,6
4613567348,2025-01-08 01:00:00,195,2025-01-08 21:11:21,2025-01-08 21:16:39,518,11,455.6,4
4613389890,2025-01-08 01:00:00,195,2025-01-08 17:49:20,2025-01-08 18:02:56,5336,20,1022.7,11
4613229379,2025-01-08 01:00:00,195,2025-01-08 15:42:20,2025-01-08 16:00:55,5835,19,701.8,19
4613363045,2025-01-08 01:00:00,195,2025-01-08 17:45:29,2025-01-08 17:46:57,128,8,320.2,6
4613019177,2025-01-08 01:00:00,195,2025-01-08 13:02:18,2025-01-08 13:03:28,110,3,66.7,3
4613363056,2025-01-08 01:00:00,195,2025-01-08 17:40:24,2025-01-08 17:40:59,35,2,37.8,2
4613335490,2025-01-08 01:00:00,195,2025-01-08 17:06:33,2025-01-08 17:11:43,510,7,656.9,7
4613431410,2025-01-08 01:00:00,195,2025-01-08 18:28:18,2025-01-08 18:28:51,33,14,1051.2,14
4613545940,2025-01-08 01:00:00,195,2025-01-08 20:27:46,2025-01-08 20:36:04,858,27,1321.53,23
4613281207,2025-01-08 01:00:00,195,2025-01-08 16:32:56,2025-01-08 16:38:12,556,3,341.2,3
4613404445,2025-01-08 01:00:00,195,2025-01-08 18:24:41,2025-01-08 18:26:47,206,7,241.4,7
4613404400,2025-01-08 01:00:00,195,2025-01-08 18:14:29,2025-01-08 18:15:30,101,14,642.2,14
4613019186,2025-01-08 01:00:00,195,2025-01-08 12:58:37,2025-01-08 13:00:43,4206,4,378.7,3
4613166956,2025-01-08 01:00:00,195,2025-01-08 15:06:33,2025-01-08 15:08:12,179,2,57.0,2
4613155427,2025-01-08 01:00:00,195,2025-01-08 15:01:51,2025-01-08 15:02:02,51,4,259.0,2
4613132840,2025-01-08 01:00:00,195,2025-01-08 14:27:35,2025-01-08 14:28:54,119,1,42.9,1
4613480570,2025-01-08 01:00:00,195,2025-01-08 19:00:48,2025-01-08 19:07:36,688,1,24.9,1
4613132861,2025-01-08 01:00:00,195,2025-01-08 14:35:48,2025-01-08 14:37:20,172,2,94.8,2
4613166932,2025-01-08 01:00:00,195,2025-01-08 15:08:13,2025-01-08 15:12:44,431,20,259.5,17
4613389823,2025-01-08 01:00:00,195,2025-01-08 18:04:20,2025-01-08 18:06:09,189,7,366.5,7
4613019197,2025-01-08 01:00:00,195,2025-01-08 12:43:35,2025-01-08 12:50:44,709,16,530.0,8
4613155435,2025-01-08 01:00:00,195,2025-01-08 14:50:48,2025-01-08 14:51:42,94,3,79.7,3
4613254964,2025-01-08 01:00:00,195,2025-01-08 16:25:28,2025-01-08 16:26:24,96,13,486.1,13
4613132847,2025-01-08 01:00:00,195,2025-01-08 14:34:44,2025-01-08 14:36:22,178,4,165.6,4
4613480488,2025-01-08 01:00:00,195,2025-01-08 19:02:45,2025-01-08 19:07:17,472,3,740.4,2
4613254936,2025-01-08 01:00:00,195,2025-01-08 16:11:25,2025-01-08 16:11:32,7,1,30.0,1
4613281249,2025-01-08 01:00:00,195,2025-01-08 16:39:04,2025-01-08 16:39:36,32,2,114.8,2
4613307709,2025-01-08 01:00:00,195,2025-01-08 16:52:37,2025-01-08 16:53:32,95,12,319.0,11
4613019162,2025-01-08 01:00:00,195,2025-01-08 12:59:46,2025-01-08 13:02:22,4276,15,371.4,11
4613389879,2025-01-08 01:00:00,195,2025-01-08 17:52:52,2025-01-08 18:01:40,4888,37,1982.5,37
4613307710,2025-01-08 01:00:00,195,2025-01-08 16:50:27,2025-01-08 16:51:05,78,8,335.9,6
4613389855,2025-01-08 01:00:00,195,2025-01-08 17:57:08,2025-01-08 17:59:16,208,1,5.9,1
4613498073,2025-01-08 01:00:00,195,2025-01-08 19:38:38,2025-01-08 19:41:24,286,4,150.8,4
4613431360,2025-01-08 01:00:00,195,2025-01-08 18:37:03,2025-01-08 18:39:20,217,1,25.0,1
4613335522,2025-01-08 01:00:00,195,2025-01-08 17:14:07,2025-01-08 17:14:41,34,10,220.8,9
4613103534,2025-01-08 01:00:00,195,2025-01-08 14:23:24,2025-01-08 14:23:51,27,3,50.5,3
4613335529,2025-01-08 01:00:00,195,2025-01-08 17:16:05,2025-01-08 17:16:24,19,4,68.0,4
4613457258,2025-01-08 01:00:00,195,2025-01-08 18:51:16,2025-01-08 18:52:30,114,4,411.7,4
4613363064,2025-01-08 01:00:00,195,2025-01-08 17:42:28,2025-01-08 17:45:09,281,1,173.4,1
4613103479,2025-01-08 01:00:00,195,2025-01-08 14:08:00,2025-01-08 14:08:49,49,1,15.5,1
4613363100,2025-01-08 01:00:00,195,2025-01-08 17:32:22,2025-01-08 17:32:42,20,3,166.6,3
4613504517,2025-01-08 01:00:00,195,2025-01-08 19:26:55,2025-01-08 19:29:10,255,5,196.8,5
4613431378,2025-01-08 01:00:00,195,2025-01-08 18:34:46,2025-01-08 18:35:47,101,13,809.0,13
4612792431,2025-01-08 01:00:00,195,2025-01-08 08:40:44,2025-01-08 08:41:10,66,2,43.7,2
4613404439,2025-01-08 01:00:00,195,2025-01-08 18:14:33,2025-01-08 18:17:17,284,6,287.4,6
4613504570,2025-01-08 01:00:00,195,2025-01-08 19:36:22,2025-01-08 19:37:40,118,38,1591.2,22
4613166943,2025-01-08 01:00:00,195,2025-01-08 15:08:25,2025-01-08 15:12:22,397,9,536.7,9
4612809484,2025-01-08 01:00:00,195,2025-01-08 08:51:40,2025-01-08 08:52:31,91,6,241.4,6
4613281224,2025-01-08 01:00:00,195,2025-01-08 16:35:21,2025-01-08 16:39:47,426,64,3024.3,64
4613480537,2025-01-08 01:00:00,195,2025-01-08 19:25:36,2025-01-08 19:25:53,17,3,422.9,3
4613307699,2025-01-08 01:00:00,195,2025-01-08 16:53:59,2025-01-08 16:58:38,479,6,386.9,6
4612871108,2025-01-08 01:00:00,195,2025-01-08 10:25:58,2025-01-08 10:27:27,169,10,405.9,10
4613335544,2025-01-08 01:00:00,195,2025-01-08 17:26:42,2025-01-08 17:27:35,93,14,300.2,6
4613515253,2025-01-08 01:00:00,195,2025-01-08 20:00:43,2025-01-08 20:01:18,75,2,110.0,2
4613335484,2025-01-08 01:00:00,195,2025-01-08 17:06:09,2025-01-08 17:08:34,225,5,350.8,5
4612920342,2025-01-08 01:00:00,195,2025-01-08 11:09:45,2025-01-08 11:13:39,394,8,278.6,7
4613281241,2025-01-08 01:00:00,195,2025-01-08 16:41:17,2025-01-08 16:41:35,18,4,99.6,1
4613558282,2025-01-08 01:00:00,195,2025-01-08 20:55:36,2025-01-08 20:55:52,16,3,188.9,3
4613335514,2025-01-08 01:00:00,195,2025-01-08 17:23:30,2025-01-08 17:25:19,189,9,408.1,6
4612985498,2025-01-08 01:00:00,195,2025-01-08 12:16:34,2025-01-08 12:18:11,177,54,1086.4,17
4613431403,2025-01-08 01:00:00,195,2025-01-08 18:38:42,2025-01-08 18:39:17,75,9,319.4,6
4613515257,2025-01-08 01:00:00,195,2025-01-08 20:01:34,2025-01-08 20:02:35,101,7,77.0,4
4613132935,2025-01-08 01:00:00,195,2025-01-08 14:35:12,2025-01-08 14:36:26,114,15,952.8,11
4613006695,2025-01-08 01:00:00,195,2025-01-08 12:28:35,2025-01-08 12:31:01,266,6,492.2,4
4613254920,2025-01-08 01:00:00,195,2025-01-08 16:13:56,2025-01-08 16:17:25,369,5,126.3,5
4613558301,2025-01-08 01:00:00,195,2025-01-08 20:49:46,2025-01-08 21:04:13,5467,7,253.0,7
4613335477,2025-01-08 01:00:00,195,2025-01-08 17:21:39,2025-01-08 17:22:46,107,5,122.5,4
4613006705,2025-01-08 01:00:00,195,2025-01-08 12:41:54,2025-01-08 12:46:20,466,3,48.7,2
4613389906,2025-01-08 01:00:00,195,2025-01-08 17:52:28,2025-01-08 17:53:13,85,7,188.3,8
4613532355,2025-01-08 01:00:00,195,2025-01-08 20:07:23,2025-01-08 20:09:32,209,6,323.3,6
4613389869,2025-01-08 01:00:00,195,2025-01-08 17:56:54,2025-01-08 17:59:56,302,7,236.3,7
4613006788,2025-01-08 01:00:00,195,2025-01-08 12:34:12,2025-01-08 12:36:51,239,7,420.0,5
4613363103,2025-01-08 01:00:00,195,2025-01-08 17:31:49,2025-01-08 17:32:18,69,6,40.0,5
4613457353,2025-01-08 01:00:00,195,2025-01-08 18:54:48,2025-01-08 18:55:32,84,7,282.0,6
4613404499,2025-01-08 01:00:00,195,2025-01-08 18:10:25,2025-01-08 18:14:51,426,9,226.5,8
4613050157,2025-01-08 01:00:00,195,2025-01-08 13:16:43,2025-01-08 13:20:20,377,19,477.0,19
4613404394,2025-01-08 01:00:00,195,2025-01-08 18:20:03,2025-01-08 18:20:22,19,2,85.4,2
4613558303,2025-01-08 01:00:00,195,2025-01-08 20:47:22,2025-01-08 20:48:05,83,8,301.0,6
4613155473,2025-01-08 01:00:00,195,2025-01-08 14:50:26,2025-01-08 14:51:02,76,7,618.9,7
4613050182,2025-01-08 01:00:00,195,2025-01-08 13:19:58,2025-01-08 13:21:45,187,7,225.1,7
4613166908,2025-01-08 01:00:00,195,2025-01-08 15:19:45,2025-01-08 15:23:36,391,26,808.0,19
4613504535,2025-01-08 01:00:00,195,2025-01-08 19:31:18,2025-01-08 19:35:26,408,4,85.6,3
4613203812,2025-01-08 01:00:00,195,2025-01-08 15:35:01,2025-01-08 15:35:14,13,1,18.0,1
4613050178,2025-01-08 01:00:00,195,2025-01-08 13:26:40,2025-01-08 13:28:19,179,1,20.9,1
4613254957,2025-01-08 01:00:00,195,2025-01-08 16:15:26,2025-01-08 16:15:43,17,4,232.8,4
4613545920,2025-01-08 01:00:00,195,2025-01-08 20:45:41,2025-01-08 20:47:01,160,21,924.0,19
4613254962,2025-01-08 01:00:00,195,2025-01-08 16:15:02,2025-01-08 16:15:23,21,2,54.8,2
4613031924,2025-01-08 01:00:00,195,2025-01-08 13:16:14,2025-01-08 13:16:53,39,2,35.5,2
4613335491,2025-01-08 01:00:00,195,2025-01-08 17:13:06,2025-01-08 17:17:45,439,22,949.7,15
4613515234,2025-01-08 01:00:00,195,2025-01-08 19:59:52,2025-01-08 20:00:27,4075,1,26.9,1
4613166884,2025-01-08 01:00:00,195,2025-01-08 15:15:59,2025-01-08 15:16:15,56,3,300.0,2
4613031992,2025-01-08 01:00:00,195,2025-01-08 13:07:38,2025-01-08 13:08:44,106,2,248.9,2
4613132925,2025-01-08 01:00:00,195,2025-01-08 14:36:04,2025-01-08 14:37:09,105,28,770.1,13
4613585548,2025-01-08 01:00:00,195,2025-01-08 21:51:42,2025-01-08 22:11:58,6016,5,466.0,5
4613203792,2025-01-08 01:00:00,195,2025-01-08 15:34:07,2025-01-08 15:34:58,51,20,467.0,17
4613083392,2025-01-08 01:00:00,195,2025-01-08 14:00:44,2025-01-08 14:01:25,81,3,94.7,3
4613229407,2025-01-08 01:00:00,195,2025-01-08 15:55:31,2025-01-08 15:56:51,120,11,615.6,10
4613532342,2025-01-08 01:00:00,195,2025-01-08 20:13:03,2025-01-08 20:17:46,443,11,578.2,7
4613335495,2025-01-08 01:00:00,195,2025-01-08 17:16:03,2025-01-08 17:18:20,217,30,2073.0,30
4613070795,2025-01-08 01:00:00,195,2025-01-08 13:33:56,2025-01-08 13:36:42,286,3,72.3,2
4613335542,2025-01-08 01:00:00,195,2025-01-08 17:13:50,2025-01-08 17:14:06,56,9,114.0,6
4613457233,2025-01-08 01:00:00,195,2025-01-08 19:05:53,2025-01-08 19:06:07,54,1,139.0,1
4613404503,2025-01-08 01:00:00,195,2025-01-08 18:01:45,2025-01-08 18:13:44,1199,7,327.7,7
4613070835,2025-01-08 01:00:00,195,2025-01-08 13:48:31,2025-01-08 13:48:49,18,2,415.5,3
4613404491,2025-01-08 01:00:00,195,2025-01-08 18:06:10,2025-01-08 18:08:01,191,9,392.5,6
4613575260,2025-01-08 01:00:00,195,2025-01-08 21:31:40,2025-01-08 21:32:11,71,2,130.0,2
4613404487,2025-01-08 01:00:00,195,2025-01-08 18:09:54,2025-01-08 18:12:27,273,5,146.5,5
4612777433,2025-01-08 01:00:00,195,2025-01-08 08:18:33,2025-01-08 08:19:10,77,3,215.6,2
4613203767,2025-01-08 01:00:00,195,2025-01-08 15:28:19,2025-01-08 15:29:17,98,26,723.0,19
4613480568,2025-01-08 01:00:00,195,2025-01-08 19:26:36,2025-01-08 19:27:06,70,5,121.0,5
4613254980,2025-01-08 01:00:00,195,2025-01-08 16:27:08,2025-01-08 16:27:22,14,2,24.8,2
4612824972,2025-01-08 01:00:00,195,2025-01-08 09:12:48,2025-01-08 09:13:30,82,14,652.0,9
4613281174,2025-01-08 01:00:00,195,2025-01-08 16:38:20,2025-01-08 16:40:34,214,9,683.7,9
4613457319,2025-01-08 01:00:00,195,2025-01-08 18:45:32,2025-01-08 18:46:31,99,21,904.9,20
4613229381,2025-01-08 01:00:00,195,2025-01-08 15:49:23,2025-01-08 15:54:15,492,12,533.0,12
4612855768,2025-01-08 01:00:00,195,2025-01-08 10:01:34,2025-01-08 10:03:46,212,7,137.6,5
4613307702,2025-01-08 01:00:00,195,2025-01-08 17:01:37,2025-01-08 17:07:34,597,5,179.5,3
4613498075,2025-01-08 01:00:00,195,2025-01-08 19:46:46,2025-01-08 19:47:24,78,12,278.4,11
4613307763,2025-01-08 01:00:00,195,2025-01-08 16:50:31,2025-01-08 16:50:46,15,2,294.0,1
4612824998,2025-01-08 01:00:00,195,2025-01-08 09:05:05,2025-01-08 09:11:03,598,2,48.9,2
4613389850,2025-01-08 01:00:00,195,2025-01-08 18:01:14,2025-01-08 18:01:45,31,9,682.0,7
4613504587,2025-01-08 01:00:00,195,2025-01-08 19:36:47,2025-01-08 19:37:36,89,6,180.4,5
4613431375,2025-01-08 01:00:00,195,2025-01-08 18:31:36,2025-01-08 18:33:06,170,8,908.5,8
4612824966,2025-01-08 01:00:00,195,2025-01-08 09:10:23,2025-01-08 09:10:27,4,1,30.0,1
4613431361,2025-01-08 01:00:00,195,2025-01-08 18:30:10,2025-01-08 18:36:22,612,10,295.0,5
4613504534,2025-01-08 01:00:00,195,2025-01-08 19:32:15,2025-01-08 19:33:26,111,36,1725.4,36
4613404388,2025-01-08 01:00:00,195,2025-01-08 18:15:10,2025-01-08 18:15:52,42,18,614.2,6
4612920388,2025-01-08 01:00:00,195,2025-01-08 11:11:27,2025-01-08 11:11:49,22,2,35.0,2
4613155463,2025-01-08 01:00:00,195,2025-01-08 14:43:58,2025-01-08 14:52:38,880,24,1076.0,25
4613515328,2025-01-08 01:00:00,195,2025-01-08 20:04:31,2025-01-08 20:06:55,224,4,304.6,2
4613132936,2025-01-08 01:00:00,195,2025-01-08 14:32:08,2025-01-08 14:32:32,24,4,65.0,3
4612946364,2025-01-08 01:00:00,195,2025-01-08 11:30:36,2025-01-08 11:31:19,83,8,161.3,8
4613203793,2025-01-08 01:00:00,195,2025-01-08 15:31:37,2025-01-08 15:32:35,98,17,751.5,13
4613480516,2025-01-08 01:00:00,195,2025-01-08 19:15:52,2025-01-08 19:16:40,88,8,414.0,8
4613203741,2025-01-08 01:00:00,195,2025-01-08 15:41:30,2025-01-08 15:42:21,91,4,757.0,3
4613050198,2025-01-08 01:00:00,195,2025-01-08 13:22:04,2025-01-08 13:23:29,125,22,2636.0,16
4613281189,2025-01-08 01:00:00,195,2025-01-08 16:44:45,2025-01-08 16:46:26,181,1,6.7,2
4613567385,2025-01-08 01:00:00,195,2025-01-08 21:07:43,2025-01-08 21:09:08,165,24,1293.0,23
4613254958,2025-01-08 01:00:00,195,2025-01-08 16:26:53,2025-01-08 16:27:23,70,2,169.8,2
4613050211,2025-01-08 01:00:00,195,2025-01-08 13:27:51,2025-01-08 13:28:22,71,7,234.2,7
4613281220,2025-01-08 01:00:00,195,2025-01-08 16:35:26,2025-01-08 16:38:59,333,19,909.8,17
4613545894,2025-01-08 01:00:00,195,2025-01-08 20:32:56,2025-01-08 20:43:15,1059,5,184.96,6
4613307714,2025-01-08 01:00:00,195,2025-01-08 17:00:34,2025-01-08 17:00:59,25,4,101.0,4
4613032025,2025-01-08 01:00:00,195,2025-01-08 13:11:44,2025-01-08 13:12:05,61,6,307.3,4
4613335501,2025-01-08 01:00:00,195,2025-01-08 17:20:30,2025-01-08 17:24:26,396,3,56.0,2
4613558287,2025-01-08 01:00:00,195,2025-01-08 20:56:08,2025-01-08 20:56:38,30,5,9.0,5
4613404490,2025-01-08 01:00:00,195,2025-01-08 18:06:40,2025-01-08 18:08:29,189,3,50.2,3
4613032036,2025-01-08 01:00:00,195,2025-01-08 13:09:38,2025-01-08 13:10:33,95,13,487.7,12
4613132876,2025-01-08 01:00:00,195,2025-01-08 14:27:18,2025-01-08 14:28:25,107,1,26.9,1
4612777437,2025-01-08 01:00:00,195,2025-01-08 08:20:54,2025-01-08 08:22:41,187,1,47.6,1
4613166880,2025-01-08 01:00:00,195,2025-01-08 15:23:22,2025-01-08 15:24:00,78,11,368.0,7
4613132872,2025-01-08 01:00:00,195,2025-01-08 14:24:00,2025-01-08 14:27:11,311,1,69.9,1
4613166937,2025-01-08 01:00:00,195,2025-01-08 15:02:17,2025-01-08 15:09:56,739,22,685.8,15
4613575253,2025-01-08 01:00:00,195,2025-01-08 21:38:56,2025-01-08 21:42:43,387,7,157.0,7
4613166968,2025-01-08 01:00:00,195,2025-01-08 15:14:26,2025-01-08 15:15:02,76,6,502.0,6
4613132956,2025-01-08 01:00:00,195,2025-01-08 14:36:36,2025-01-08 14:36:39,3,0,50.0,1
4613203791,2025-01-08 01:00:00,195,2025-01-08 15:31:21,2025-01-08 15:31:30,9,2,28.0,2
4612777446,2025-01-08 01:00:00,195,2025-01-08 08:18:01,2025-01-08 08:18:47,46,4,119.0,3
4613166925,2025-01-08 01:00:00,195,2025-01-08 15:24:40,2025-01-08 15:25:20,80,10,510.0,8
4613281273,2025-01-08 01:00:00,195,2025-01-08 16:34:43,2025-01-08 16:35:15,72,6,229.0,4
4613229416,2025-01-08 01:00:00,195,2025-01-08 16:02:09,2025-01-08 16:03:04,95,8,314.0,6
4613457295,2025-01-08 01:00:00,195,2025-01-08 18:51:48,2025-01-08 18:58:49,701,39,784.4,26
4613389902,2025-01-08 01:00:00,195,2025-01-08 17:53:18,2025-01-08 17:53:47,29,5,199.5,4
4613254938,2025-01-08 01:00:00,195,2025-01-08 16:16:45,2025-01-08 16:17:45,100,23,268.0,6
4613431335,2025-01-08 01:00:00,195,2025-01-08 18:30:03,2025-01-08 18:33:37,334,12,461.9,12
4612777465,2025-01-08 01:00:00,195,2025-01-08 08:19:55,2025-01-08 08:23:01,346,11,354.0,11
4613404412,2025-01-08 01:00:00,195,2025-01-08 18:20:54,2025-01-08 18:21:16,62,3,81.0,3
4613307745,2025-01-08 01:00:00,195,2025-01-08 16:56:51,2025-01-08 16:57:57,106,26,1288.3,21
4613404419,2025-01-08 01:00:00,195,2025-01-08 18:12:33,2025-01-08 18:14:35,202,38,1619.7,31
4613480572,2025-01-08 01:00:00,195,2025-01-08 19:24:12,2025-01-08 19:27:25,313,21,966.8,14
4613132864,2025-01-08 01:00:00,195,2025-01-08 14:37:30,2025-01-08 14:38:47,117,1,66.9,1
4613307751,2025-01-08 01:00:00,195,2025-01-08 16:58:25,2025-01-08 16:58:34,9,1,35.0,1
4613229393,2025-01-08 01:00:00,195,2025-01-08 16:02:10,2025-01-08 16:02:47,37,9,186.6,9
4612871118,2025-01-08 01:00:00,195,2025-01-08 10:06:31,2025-01-08 10:09:02,271,13,661.6,13
4613254943,2025-01-08 01:00:00,195,2025-01-08 16:12:32,2025-01-08 16:13:25,93,7,419.0,3
4613307729,2025-01-08 01:00:00,195,2025-01-08 16:54:05,2025-01-08 16:55:25,120,12,433.0,10
4613431435,2025-01-08 01:00:00,195,2025-01-08 18:37:27,2025-01-08 18:37:56,29,1,158.0,1
4613515294,2025-01-08 01:00:00,195,2025-01-08 19:54:52,2025-01-08 19:57:22,270,6,179.2,6
4613431381,2025-01-08 01:00:00,195,2025-01-08 18:36:29,2025-01-08 18:37:03,74,9,387.0,9
4613335465,2025-01-08 01:00:00,195,2025-01-08 17:12:03,2025-01-08 17:16:30,427,7,356.3,7
4613480475,2025-01-08 01:00:00,195,2025-01-08 19:12:12,2025-01-08 19:13:08,96,1,18.9,1
4612920392,2025-01-08 01:00:00,195,2025-01-08 11:10:03,2025-01-08 11:10:37,34,7,208.9,7
4613558271,2025-01-08 01:00:00,195,2025-01-08 21:00:39,2025-01-08 21:00:52,13,3,202.0,3
4613335508,2025-01-08 01:00:00,195,2025-01-08 17:01:39,2025-01-08 17:08:01,662,11,457.9,10
4613558291,2025-01-08 01:00:00,195,2025-01-08 20:49:51,2025-01-08 20:54:40,489,5,96.5,5
4613581534,2025-01-08 01:00:00,195,2025-01-08 22:03:02,2025-01-08 22:04:37,135,8,178.2,6
4613457252,2025-01-08 01:00:00,195,2025-01-08 19:00:02,2025-01-08 19:01:17,115,5,242.3,5
4613166895,2025-01-08 01:00:00,195,2025-01-08 15:20:04,2025-01-08 15:21:01,97,3,114.7,3
4613457294,2025-01-08 01:00:00,195,2025-01-08 18:51:59,2025-01-08 18:54:35,276,1,28.9,1
4613006750,2025-01-08 01:00:00,195,2025-01-08 12:35:52,2025-01-08 12:36:19,67,5,205.0,5
4613498046,2025-01-08 01:00:00,195,2025-01-08 19:44:46,2025-01-08 19:45:36,90,3,259.7,3
4613166935,2025-01-08 01:00:00,195,2025-01-08 15:08:23,2025-01-08 15:09:30,107,4,102.7,4
4613515281,2025-01-08 01:00:00,195,2025-01-08 19:58:46,2025-01-08 19:59:01,55,2,328.0,1
4613457247,2025-01-08 01:00:00,195,2025-01-08 18:48:53,2025-01-08 18:50:31,178,1,99.9,1
4613575254,2025-01-08 01:00:00,195,2025-01-08 21:41:52,2025-01-08 21:43:16,164,5,652.8,5
4613431398,2025-01-08 01:00:00,195,2025-01-08 18:44:32,2025-01-08 18:45:14,82,13,374.5,13
4613588205,2025-01-08 01:00:00,195,2025-01-08 22:39:14,2025-01-08 22:45:00,586,8,271.7,8
4613050152,2025-01-08 01:00:00,195,2025-01-08 13:21:37,2025-01-08 13:22:07,70,2,53.7,2
4613480489,2025-01-08 01:00:00,195,2025-01-08 19:16:52,2025-01-08 19:22:00,548,9,227.3,7
4613155469,2025-01-08 01:00:00,195,2025-01-08 14:52:38,2025-01-08 14:53:42,104,7,413.0,6
4613480485,2025-01-08 01:00:00,195,2025-01-08 19:14:23,2025-01-08 19:16:17,194,4,205.4,3
4613457286,2025-01-08 01:00:00,195,2025-01-08 18:50:26,2025-01-08 18:53:06,280,13,677.0,13
4613457322,2025-01-08 01:00:00,195,2025-01-08 18:50:34,2025-01-08 18:50:40,6,1,25.0,1
4613281181,2025-01-08 01:00:00,195,2025-01-08 16:32:02,2025-01-08 16:32:31,29,6,454.4,4
4613498047,2025-01-08 01:00:00,195,2025-01-08 19:46:46,2025-01-08 19:47:38,92,10,91.0,6
4613083493,2025-01-08 01:00:00,195,2025-01-08 13:48:57,2025-01-08 13:49:23,66,5,325.6,3
4613545898,2025-01-08 01:00:00,195,2025-01-08 20:40:06,2025-01-08 20:43:37,331,9,488.2,9
4613281200,2025-01-08 01:00:00,195,2025-01-08 16:32:56,2025-01-08 16:36:36,380,23,691.78,22
4613581525,2025-01-08 01:00:00,195,2025-01-08 21:45:29,2025-01-08 21:50:12,483,9,294.6,8
4613457278,2025-01-08 01:00:00,195,2025-01-08 18:54:21,2025-01-08 18:55:34,113,3,76.6,3
4613515295,2025-01-08 01:00:00,195,2025-01-08 19:57:52,2025-01-08 19:59:55,203,10,871.3,7
4613254963,2025-01-08 01:00:00,195,2025-01-08 16:17:38,2025-01-08 16:20:27,289,70,2232.8,55
4613457312,2025-01-08 01:00:00,195,2025-01-08 19:03:23,2025-01-08 19:04:00,77,7,677.8,5
4613083386,2025-01-08 01:00:00,195,2025-01-08 14:03:16,2025-01-08 14:03:48,32,1,4.9,1
4613457271,2025-01-08 01:00:00,195,2025-01-08 18:48:04,2025-01-08 18:52:12,408,13,517.3,12
4613335504,2025-01-08 01:00:00,195,2025-01-08 17:08:39,2025-01-08 17:09:31,92,13,577.9,12
4613457243,2025-01-08 01:00:00,195,2025-01-08 18:51:20,2025-01-08 18:54:27,307,4,129.6,3
4613504576,2025-01-08 01:00:00,195,2025-01-08 19:35:07,2025-01-08 19:35:20,13,1,95.0,1
4613515270,2025-01-08 01:00:00,195,2025-01-08 19:59:20,2025-01-08 20:00:46,4126,20,1043.0,16
4613363079,2025-01-08 01:00:00,195,2025-01-08 17:37:48,2025-01-08 17:38:35,87,20,1298.0,2
4613515313,2025-01-08 01:00:00,195,2025-01-08 19:52:31,2025-01-08 19:54:55,224,3,154.4,3
4613083431,2025-01-08 01:00:00,195,2025-01-08 13:56:37,2025-01-08 13:57:09,72,2,34.8,2
4613532371,2025-01-08 01:00:00,195,2025-01-08 20:07:27,2025-01-08 20:09:11,184,24,2043.0,20
4613203807,2025-01-08 01:00:00,195,2025-01-08 15:46:23,2025-01-08 15:46:50,27,10,339.0,8
4613575250,2025-01-08 01:00:00,195,2025-01-08 21:33:57,2025-01-08 21:35:51,194,8,716.0,7
4613480522,2025-01-08 01:00:00,195,2025-01-08 19:18:04,2025-01-08 19:19:43,139,24,883.1,17
4613585537,2025-01-08 01:00:00,195,2025-01-08 22:09:59,2025-01-08 22:14:55,496,32,1481.2,24
4613229371,2025-01-08 01:00:00,195,2025-01-08 15:48:48,2025-01-08 15:50:01,153,1,299.0,1
4613457272,2025-01-08 01:00:00,195,2025-01-08 18:53:10,2025-01-08 18:54:37,127,4,97.2,4
4613070812,2025-01-08 01:00:00,195,2025-01-08 13:39:33,2025-01-08 13:40:28,95,11,170.9,8
4613504557,2025-01-08 01:00:00,195,2025-01-08 19:22:52,2025-01-08 19:29:35,683,121,6141.0,59
4613307692,2025-01-08 01:00:00,195,2025-01-08 16:50:55,2025-01-08 16:53:51,296,1,35.9,1
4613545899,2025-01-08 01:00:00,195,2025-01-08 20:37:54,2025-01-08 20:38:20,66,1,11.0,1
4613581548,2025-01-08 01:00:00,195,2025-01-08 21:57:18,2025-01-08 21:58:36,118,12,656.5,9
4613575275,2025-01-08 01:00:00,195,2025-01-08 21:36:28,2025-01-08 21:36:51,23,5,113.0,5
4613307698,2025-01-08 01:00:00,195,2025-01-08 16:57:55,2025-01-08 16:59:55,200,13,1112.8,10
4613480529,2025-01-08 01:00:00,195,2025-01-08 19:09:49,2025-01-08 19:11:44,195,42,2104.2,34
4612792420,2025-01-08 01:00:00,195,2025-01-08 08:37:49,2025-01-08 08:38:04,55,5,114.0,5
4613504568,2025-01-08 01:00:00,195,2025-01-08 19:31:09,2025-01-08 19:32:36,127,35,1788.9,29
4613389841,2025-01-08 01:00:00,195,2025-01-08 18:03:40,2025-01-08 18:04:20,80,17,240.0,10
4613515276,2025-01-08 01:00:00,195,2025-01-08 20:01:59,2025-01-08 20:03:14,155,17,651.0,16
4613504527,2025-01-08 01:00:00,195,2025-01-08 19:37:01,2025-01-08 19:38:32,131,1,53.4,1
4613567379,2025-01-08 01:00:00,195,2025-01-08 21:08:49,2025-01-08 21:14:07,558,32,665.0,23
4613404447,2025-01-08 01:00:00,195,2025-01-08 18:13:50,2025-01-08 18:20:57,707,26,932.6,24
4613545919,2025-01-08 01:00:00,195,2025-01-08 20:43:48,2025-01-08 20:44:08,60,3,248.0,3
4612903106,2025-01-08 01:00:00,195,2025-01-08 10:54:05,2025-01-08 10:54:52,47,5,443.5,4
4613567341,2025-01-08 01:00:00,195,2025-01-08 21:14:12,2025-01-08 21:18:50,438,7,290.8,7
4613203726,2025-01-08 01:00:00,195,2025-01-08 15:29:09,2025-01-08 15:31:31,222,9,210.2,7
4613504532,2025-01-08 01:00:00,195,2025-01-08 19:30:51,2025-01-08 19:31:39,88,2,184.1,2
4613558312,2025-01-08 01:00:00,195,2025-01-08 20:53:20,2025-01-08 20:53:39,19,14,364.7,13
4613532354,2025-01-08 01:00:00,195,2025-01-08 20:24:14,2025-01-08 20:25:26,112,1,34.9,1
4613307658,2025-01-08 01:00:00,195,2025-01-08 17:05:23,2025-01-08 17:07:12,189,7,343.7,7
4613558292,2025-01-08 01:00:00,195,2025-01-08 20:49:36,2025-01-08 20:54:39,503,23,462.7,7
4612964129,2025-01-08 01:00:00,195,2025-01-08 11:58:13,2025-01-08 11:59:20,107,15,1647.6,12
4613545948,2025-01-08 01:00:00,195,2025-01-08 20:25:38,2025-01-08 20:32:07,669,1,4.9,1
4613335541,2025-01-08 01:00:00,195,2025-01-08 17:21:14,2025-01-08 17:22:09,95,9,445.9,10
4613567343,2025-01-08 01:00:00,195,2025-01-08 21:18:40,2025-01-08 21:19:18,78,1,29.9,1
4613575277,2025-01-08 01:00:00,195,2025-01-08 21:46:29,2025-01-08 21:46:49,20,6,158.0,5
4613457285,2025-01-08 01:00:00,195,2025-01-08 19:03:30,2025-01-08 19:06:50,320,26,950.3,15
4613389874,2025-01-08 01:00:00,195,2025-01-08 17:49:36,2025-01-08 17:53:47,411,4,129.5,4
4613504508,2025-01-08 01:00:00,195,2025-01-08 19:32:58,2025-01-08 19:34:04,146,3,206.8,3
4612964142,2025-01-08 01:00:00,195,2025-01-08 11:51:10,2025-01-08 11:51:42,32,6,234.4,4
4613515256,2025-01-08 01:00:00,195,2025-01-08 19:54:50,2025-01-08 19:55:36,86,11,737.5,10
4613363093,2025-01-08 01:00:00,195,2025-01-08 17:23:23,2025-01-08 17:28:55,532,19,1284.37,20
4613457324,2025-01-08 01:00:00,195,2025-01-08 18:46:44,2025-01-08 18:47:05,61,5,79.0,4
4613585542,2025-01-08 01:00:00,195,2025-01-08 22:20:58,2025-01-08 22:22:38,180,16,444.9,11
4613532381,2025-01-08 01:00:00,195,2025-01-08 20:18:24,2025-01-08 20:19:06,82,11,620.0,9
4613431426,2025-01-08 01:00:00,195,2025-01-08 18:33:05,2025-01-08 18:33:07,2,0,-150.0,1
4613515326,2025-01-08 01:00:00,195,2025-01-08 20:06:04,2025-01-08 20:06:32,28,2,122.0,2
4612964158,2025-01-08 01:00:00,195,2025-01-08 11:53:59,2025-01-08 11:55:02,143,2,45.0,2
4613532419,2025-01-08 01:00:00,195,2025-01-08 20:03:55,2025-01-08 20:12:31,876,20,648.0,15
4613404416,2025-01-08 01:00:00,195,2025-01-08 18:14:42,2025-01-08 18:16:13,171,39,1692.36,24
4613532352,2025-01-08 01:00:00,195,2025-01-08 20:16:52,2025-01-08 20:18:37,185,3,167.7,2
4612792429,2025-01-08 01:00:00,195,2025-01-08 08:41:02,2025-01-08 08:41:18,16,1,145.0,1
4613575234,2025-01-08 01:00:00,195,2025-01-08 21:35:16,2025-01-08 21:40:19,503,3,116.4,3
4613203799,2025-01-08 01:00:00,195,2025-01-08 15:45:54,2025-01-08 15:46:10,56,4,81.0,4
4613457321,2025-01-08 01:00:00,195,2025-01-08 18:50:47,2025-01-08 18:52:09,162,39,1159.6,29
4612964160,2025-01-08 01:00:00,195,2025-01-08 11:58:06,2025-01-08 11:58:42,36,4,1866.0,4
4613504579,2025-01-08 01:00:00,195,2025-01-08 19:28:57,2025-01-08 19:29:19,62,3,99.0,3
4613281198,2025-01-08 01:00:00,195,2025-01-08 16:42:31,2025-01-08 16:45:00,269,9,746.1,8
4613515244,2025-01-08 01:00:00,195,2025-01-08 19:48:56,2025-01-08 19:51:57,301,2,85.6,2
4612792430,2025-01-08 01:00:00,195,2025-01-08 08:25:14,2025-01-08 08:38:31,1317,1,33.0,1
4613532389,2025-01-08 01:00:00,195,2025-01-08 20:13:55,2025-01-08 20:14:10,55,2,306.0,1
4613389870,2025-01-08 01:00:00,195,2025-01-08 17:58:04,2025-01-08 18:00:15,4211,5,244.61,6
4613567388,2025-01-08 01:00:00,195,2025-01-08 21:13:33,2025-01-08 21:14:17,84,11,694.4,10
4613019198,2025-01-08 01:00:00,195,2025-01-08 12:51:53,2025-01-08 12:52:45,92,5,143.0,5
4613545929,2025-01-08 01:00:00,195,2025-01-08 20:43:31,2025-01-08 20:44:41,110,17,757.0,12
4613431382,2025-01-08 01:00:00,195,2025-01-08 18:34:15,2025-01-08 18:34:42,27,13,210.7,4
4613585521,2025-01-08 01:00:00,195,2025-01-08 22:22:34,2025-01-08 22:24:27,193,3,77.7,3
4612855803,2025-01-08 01:00:00,195,2025-01-08 09:49:52,2025-01-08 09:50:38,86,10,358.9,6
4613585531,2025-01-08 01:00:00,195,2025-01-08 22:18:07,2025-01-08 22:18:30,23,1,299.7,1
4613404437,2025-01-08 01:00:00,195,2025-01-08 18:23:09,2025-01-08 18:24:44,135,2,146.0,2
4612824956,2025-01-08 01:00:00,195,2025-01-08 09:23:34,2025-01-08 09:26:55,321,2,18.61,4
4613031969,2025-01-08 01:00:00,195,2025-01-08 13:13:11,2025-01-08 13:13:31,20,3,76.2,3
4612777447,2025-01-08 01:00:00,195,2025-01-08 08:13:22,2025-01-08 08:17:54,432,1,15.3,1
4613404406,2025-01-08 01:00:00,195,2025-01-08 18:16:13,2025-01-08 18:16:19,6,2,109.0,2
4612824953,2025-01-08 01:00:00,195,2025-01-08 09:22:39,2025-01-08 09:25:13,274,8,90.9,5
4612855795,2025-01-08 01:00:00,195,2025-01-08 10:02:11,2025-01-08 10:02:21,10,1,56.0,1
4612985469,2025-01-08 01:00:00,195,2025-01-08 12:19:16,2025-01-08 12:25:50,634,21,557.1,17
4613166926,2025-01-08 01:00:00,195,2025-01-08 15:24:08,2025-01-08 15:24:29,21,5,259.3,3
4613006722,2025-01-08 01:00:00,195,2025-01-08 12:28:58,2025-01-08 12:30:04,146,3,62.7,3
4613103510,2025-01-08 01:00:00,195,2025-01-08 14:05:15,2025-01-08 14:06:49,134,4,66.8,4
4613019108,2025-01-08 01:00:00,195,2025-01-08 12:53:34,2025-01-08 12:54:23,89,14,387.7,9
4613335513,2025-01-08 01:00:00,195,2025-01-08 17:22:21,2025-01-08 17:22:59,38,13,273.3,9
4613019141,2025-01-08 01:00:00,195,2025-01-08 12:55:22,2025-01-08 12:55:45,23,1,13.9,1
4612920333,2025-01-08 01:00:00,195,2025-01-08 11:11:00,2025-01-08 11:11:25,25,0,200.0,1
4613050169,2025-01-08 01:00:00,195,2025-01-08 13:07:23,2025-01-08 13:21:19,1396,2,44.8,2
4613389821,2025-01-08 01:00:00,195,2025-01-08 18:02:37,2025-01-08 18:04:55,218,7,313.5,7
4613031948,2025-01-08 01:00:00,195,2025-01-08 13:17:26,2025-01-08 13:19:42,216,4,57.2,4
4613103537,2025-01-08 01:00:00,195,2025-01-08 14:06:31,2025-01-08 14:07:21,90,10,922.3,6
4613019187,2025-01-08 01:00:00,195,2025-01-08 13:00:48,2025-01-08 13:03:12,264,12,773.5,13
4613404486,2025-01-08 01:00:00,195,2025-01-08 18:07:50,2025-01-08 18:13:11,561,13,609.4,12
4613083445,2025-01-08 01:00:00,195,2025-01-08 13:57:06,2025-01-08 13:57:33,27,2,46.8,2
4612903118,2025-01-08 01:00:00,195,2025-01-08 11:00:33,2025-01-08 11:01:52,119,19,556.0,17
4613070823,2025-01-08 01:00:00,195,2025-01-08 13:37:02,2025-01-08 13:38:20,118,22,1733.6,20
4613203731,2025-01-08 01:00:00,195,2025-01-08 15:28:18,2025-01-08 15:32:52,434,8,291.7,5
4612792399,2025-01-08 01:00:00,195,2025-01-08 08:43:29,2025-01-08 08:45:32,203,1,21.2,1
4612840071,2025-01-08 01:00:00,195,2025-01-08 09:38:29,2025-01-08 09:38:58,29,6,93.0,5
4612809455,2025-01-08 01:00:00,195,2025-01-08 08:49:37,2025-01-08 08:50:39,102,2,51.8,2
4613281235,2025-01-08 01:00:00,195,2025-01-08 16:41:28,2025-01-08 16:45:44,416,108,4014.4,54
4612903102,2025-01-08 01:00:00,195,2025-01-08 10:53:22,2025-01-08 10:53:41,19,5,465.0,2
4613019220,2025-01-08 01:00:00,195,2025-01-08 12:46:25,2025-01-08 12:48:16,191,29,966.3,26
4612985504,2025-01-08 01:00:00,195,2025-01-08 12:12:33,2025-01-08 12:14:44,211,43,1826.3,35
4613335503,2025-01-08 01:00:00,195,2025-01-08 17:07:18,2025-01-08 17:08:13,95,10,637.7,9
4612946365,2025-01-08 01:00:00,195,2025-01-08 11:31:39,2025-01-08 11:32:51,112,21,686.9,14
4612920359,2025-01-08 01:00:00,195,2025-01-08 11:04:52,2025-01-08 11:11:53,701,3,110.7,2
4612964101,2025-01-08 01:00:00,195,2025-01-08 11:37:02,2025-01-08 11:52:27,1525,10,557.0,8
4613389832,2025-01-08 01:00:00,195,2025-01-08 18:02:01,2025-01-08 18:04:24,223,60,2174.0,50
4613006736,2025-01-08 01:00:00,195,2025-01-08 12:39:59,2025-01-08 12:40:50,91,12,652.0,12
4613032020,2025-01-08 01:00:00,195,2025-01-08 13:04:28,2025-01-08 13:05:22,94,15,614.2,13
4613050164,2025-01-08 01:00:00,195,2025-01-08 13:29:32,2025-01-08 13:30:10,78,4,89.5,4
4613363061,2025-01-08 01:00:00,195,2025-01-08 17:34:55,2025-01-08 17:37:39,284,12,465.9,12
4613032033,2025-01-08 01:00:00,195,2025-01-08 13:08:42,2025-01-08 13:09:33,91,23,526.0,19
4612903140,2025-01-08 01:00:00,195,2025-01-08 11:03:30,2025-01-08 11:04:21,91,1,99.9,1
4613019216,2025-01-08 01:00:00,195,2025-01-08 13:00:00,2025-01-08 13:00:44,44,14,289.6,13
4613431334,2025-01-08 01:00:00,195,2025-01-08 18:31:46,2025-01-08 18:36:44,498,19,1087.9,18
4613103465,2025-01-08 01:00:00,195,2025-01-08 14:08:45,2025-01-08 14:13:01,456,3,154.1,3
4613032018,2025-01-08 01:00:00,195,2025-01-08 13:09:53,2025-01-08 13:11:03,150,13,525.0,11
4613070779,2025-01-08 01:00:00,195,2025-01-08 13:36:10,2025-01-08 13:38:53,243,8,238.8,4
4613404446,2025-01-08 01:00:00,195,2025-01-08 18:14:54,2025-01-08 18:17:28,274,8,608.2,7
4612792428,2025-01-08 01:00:00,195,2025-01-08 08:40:26,2025-01-08 08:40:38,12,1,19.0,1
4612946386,2025-01-08 01:00:00,195,2025-01-08 11:42:03,2025-01-08 11:43:25,122,17,536.5,13
4612871154,2025-01-08 01:00:00,195,2025-01-08 10:13:13,2025-01-08 10:13:30,17,2,65.0,2
4613166877,2025-01-08 01:00:00,195,2025-01-08 15:19:09,2025-01-08 15:19:18,9,1,100.0,1
4612903152,2025-01-08 01:00:00,195,2025-01-08 10:51:50,2025-01-08 10:53:48,198,4,207.3,4
4613083400,2025-01-08 01:00:00,195,2025-01-08 14:01:17,2025-01-08 14:01:37,20,1,5.9,1
4612985493,2025-01-08 01:00:00,195,2025-01-08 12:12:15,2025-01-08 12:16:16,401,2,159.8,2
4613281213,2025-01-08 01:00:00,195,2025-01-08 16:24:52,2025-01-08 16:28:30,378,12,357.9,12
4613019200,2025-01-08 01:00:00,195,2025-01-08 13:00:36,2025-01-08 13:01:34,98,3,36.9,3
4613031931,2025-01-08 01:00:00,195,2025-01-08 13:16:30,2025-01-08 13:17:27,97,3,157.5,3
4613031960,2025-01-08 01:00:00,195,2025-01-08 13:16:44,2025-01-08 13:16:54,10,2,210.0,2
4613254907,2025-01-08 01:00:00,195,2025-01-08 16:06:23,2025-01-08 16:08:37,214,6,106.7,3
4613019161,2025-01-08 01:00:00,195,2025-01-08 12:55:58,2025-01-08 12:59:32,374,4,167.7,4
4613070818,2025-01-08 01:00:00,195,2025-01-08 13:43:19,2025-01-08 13:43:37,18,3,182.8,3
4613103583,2025-01-08 01:00:00,195,2025-01-08 14:15:48,2025-01-08 14:16:07,59,2,81.0,2
4613229387,2025-01-08 01:00:00,195,2025-01-08 15:46:40,2025-01-08 15:55:59,919,5,242.4,5
4613050221,2025-01-08 01:00:00,195,2025-01-08 13:28:18,2025-01-08 13:28:55,37,11,437.0,6
4613103524,2025-01-08 01:00:00,195,2025-01-08 14:15:40,2025-01-08 14:16:35,95,22,1570.9,19
4613070768,2025-01-08 01:00:00,195,2025-01-08 13:42:47,2025-01-08 13:44:02,155,1,26.9,1
4613229399,2025-01-08 01:00:00,195,2025-01-08 15:47:30,2025-01-08 15:48:08,78,10,201.1,5
4612855786,2025-01-08 01:00:00,195,2025-01-08 09:59:31,2025-01-08 09:59:51,20,2,40.7,2
4613070840,2025-01-08 01:00:00,195,2025-01-08 13:31:59,2025-01-08 13:33:41,182,40,1011.7,30
4612985484,2025-01-08 01:00:00,195,2025-01-08 12:04:43,2025-01-08 12:13:04,861,2,119.8,1
4613335512,2025-01-08 01:00:00,195,2025-01-08 17:25:37,2025-01-08 17:26:59,122,21,777.4,20
4613050185,2025-01-08 01:00:00,195,2025-01-08 13:23:24,2025-01-08 13:25:31,207,2,37.8,2
4612792382,2025-01-08 01:00:00,195,2025-01-08 08:21:35,2025-01-08 08:36:27,1492,3,35.0,3
4613019157,2025-01-08 01:00:00,195,2025-01-08 12:53:41,2025-01-08 12:55:32,191,4,68.5,4
4613335473,2025-01-08 01:00:00,195,2025-01-08 17:09:02,2025-01-08 17:13:56,454,23,683.1,11
4613019180,2025-01-08 01:00:00,195,2025-01-08 13:01:24,2025-01-08 13:02:10,86,1,469.0,1
4613070752,2025-01-08 01:00:00,195,2025-01-08 13:41:24,2025-01-08 13:42:13,89,5,85.5,6
4613070739,2025-01-08 01:00:00,195,2025-01-08 13:36:35,2025-01-08 13:38:35,200,11,529.2,7
4613363048,2025-01-08 01:00:00,195,2025-01-08 17:33:48,2025-01-08 17:36:23,275,4,122.1,3
4613050213,2025-01-08 01:00:00,195,2025-01-08 13:19:49,2025-01-08 13:20:29,80,8,128.4,6
4612840040,2025-01-08 01:00:00,195,2025-01-08 09:28:23,2025-01-08 09:34:18,595,12,656.56,13
4612855814,2025-01-08 01:00:00,195,2025-01-08 09:42:39,2025-01-08 09:49:13,674,1,31.9,1
4613431327,2025-01-08 01:00:00,195,2025-01-08 18:27:02,2025-01-08 18:28:58,156,2,39.8,2
4612920350,2025-01-08 01:00:00,195,2025-01-08 11:14:44,2025-01-08 11:20:14,570,11,278.2,9
4613070852,2025-01-08 01:00:00,195,2025-01-08 13:43:43,2025-01-08 13:43:47,4,1,16.0,1
4612920361,2025-01-08 01:00:00,195,2025-01-08 11:15:48,2025-01-08 11:20:04,456,6,7.4,5
4613155456,2025-01-08 01:00:00,195,2025-01-08 14:53:20,2025-01-08 14:53:24,4,1,34.0,1
4612903094,2025-01-08 01:00:00,195,2025-01-08 11:04:54,2025-01-08 11:05:56,102,11,304.2,11
4612840079,2025-01-08 01:00:00,195,2025-01-08 09:32:59,2025-01-08 09:33:13,54,1,146.0,1
4613050212,2025-01-08 01:00:00,195,2025-01-08 13:21:01,2025-01-08 13:21:23,22,11,409.0,8
4613132869,2025-01-08 01:00:00,195,2025-01-08 14:28:35,2025-01-08 14:29:45,110,2,39.8,2
4613050192,2025-01-08 01:00:00,195,2025-01-08 13:26:20,2025-01-08 13:28:10,190,48,1278.8,35
4612777428,2025-01-08 01:00:00,195,2025-01-08 08:18:13,2025-01-08 08:19:15,102,5,418.0,4
4613019215,2025-01-08 01:00:00,195,2025-01-08 12:56:01,2025-01-08 12:56:36,35,5,1245.0,1
4613229354,2025-01-08 01:00:00,195,2025-01-08 15:53:40,2025-01-08 15:55:57,217,3,28.0,3
4613083376,2025-01-08 01:00:00,195,2025-01-08 14:03:05,2025-01-08 14:03:57,52,5,225.5,4
4612824947,2025-01-08 01:00:00,195,2025-01-08 09:17:06,2025-01-08 09:19:53,247,2,99.6,2
4613103490,2025-01-08 01:00:00,195,2025-01-08 14:22:34,2025-01-08 14:24:23,189,2,74.8,2
4613229383,2025-01-08 01:00:00,195,2025-01-08 15:49:28,2025-01-08 16:00:13,5085,2,122.2,2
4612777448,2025-01-08 01:00:00,195,2025-01-08 08:07:52,2025-01-08 08:08:32,80,2,48.8,2
4612809464,2025-01-08 01:00:00,195,2025-01-08 08:46:46,2025-01-08 08:48:36,190,3,48.5,2
4612903101,2025-01-08 01:00:00,195,2025-01-08 10:47:54,2025-01-08 10:48:29,75,4,154.8,4
4613254968,2025-01-08 01:00:00,195,2025-01-08 16:13:58,2025-01-08 16:15:32,174,22,1693.3,14
4612985472,2025-01-08 01:00:00,195,2025-01-08 12:18:34,2025-01-08 12:18:49,15,1,147.0,1
4612824969,2025-01-08 01:00:00,195,2025-01-08 09:11:09,2025-01-08 09:11:15,6,1,8.0,1
4612946370,2025-01-08 01:00:00,195,2025-01-08 11:46:46,2025-01-08 11:47:27,81,7,509.0,7
4613229343,2025-01-08 01:00:00,195,2025-01-08 15:57:07,2025-01-08 15:57:40,33,2,41.8,1
4613006701,2025-01-08 01:00:00,195,2025-01-08 12:34:10,2025-01-08 12:35:00,90,2,89.2,2
4612840059,2025-01-08 01:00:00,195,2025-01-08 09:36:42,2025-01-08 09:37:05,63,3,184.0,4
4613032016,2025-01-08 01:00:00,195,2025-01-08 13:11:20,2025-01-08 13:11:40,20,3,204.7,2
4613335546,2025-01-08 01:00:00,195,2025-01-08 17:23:57,2025-01-08 17:24:52,95,3,277.0,3
4613083470,2025-01-08 01:00:00,195,2025-01-08 13:57:06,2025-01-08 14:00:29,4323,27,1195.1,27
4612887310,2025-01-08 01:00:00,195,2025-01-08 10:28:24,2025-01-08 10:30:15,191,1,149.9,1
4613050226,2025-01-08 01:00:00,195,2025-01-08 13:26:57,2025-01-08 13:27:51,94,17,398.44,17
4613389925,2025-01-08 01:00:00,195,2025-01-08 17:58:36,2025-01-08 17:58:57,21,4,92.6,4
4612792437,2025-01-08 01:00:00,195,2025-01-08 08:11:36,2025-01-08 08:34:15,2279,1,12.9,1
4612920395,2025-01-08 01:00:00,195,2025-01-08 11:12:35,2025-01-08 11:13:46,111,24,1119.0,23
4612903142,2025-01-08 01:00:00,195,2025-01-08 10:51:53,2025-01-08 10:55:04,351,1,4.9,1
4613363119,2025-01-08 01:00:00,195,2025-01-08 17:35:25,2025-01-08 17:36:08,83,9,457.8,8
4613019179,2025-01-08 01:00:00,195,2025-01-08 12:58:48,2025-01-08 12:59:39,91,8,286.2,8
4613006767,2025-01-08 01:00:00,195,2025-01-08 12:46:17,2025-01-08 12:46:25,8,1,147.0,1
4613050121,2025-01-08 01:00:00,195,2025-01-08 13:20:08,2025-01-08 13:21:07,99,5,99.5,3
4613363037,2025-01-08 01:00:00,195,2025-01-08 17:23:04,2025-01-08 17:27:59,455,11,345.6,10
4612903123,2025-01-08 01:00:00,195,2025-01-08 10:55:36,2025-01-08 10:57:28,192,25,980.1,21
4612903078,2025-01-08 01:00:00,195,2025-01-08 10:53:05,2025-01-08 11:00:12,4707,1,33.9,1
4612903115,2025-01-08 01:00:00,195,2025-01-08 10:58:15,2025-01-08 10:58:48,33,5,274.0,5
4613363108,2025-01-08 01:00:00,195,2025-01-08 17:45:16,2025-01-08 17:45:55,39,12,490.5,11
4612903128,2025-01-08 01:00:00,195,2025-01-08 10:52:12,2025-01-08 10:52:26,14,5,223.0,5
4613031963,2025-01-08 01:00:00,195,2025-01-08 13:17:00,2025-01-08 13:17:14,14,2,110.0,2
4612985454,2025-01-08 01:00:00,195,2025-01-08 12:20:43,2025-01-08 12:21:03,60,1,69.9,1
4613254911,2025-01-08 01:00:00,195,2025-01-08 16:09:25,2025-01-08 16:13:50,425,1,99.9,1
4613006709,2025-01-08 01:00:00,195,2025-01-08 12:34:56,2025-01-08 12:36:45,189,3,79.5,3
4612964135,2025-01-08 01:00:00,195,2025-01-08 12:03:52,2025-01-08 12:04:30,78,5,219.0,5
4613083420,2025-01-08 01:00:00,195,2025-01-08 14:00:01,2025-01-08 14:00:33,32,7,751.4,6
4613254979,2025-01-08 01:00:00,195,2025-01-08 16:19:24,2025-01-08 16:20:13,89,7,233.0,7
4613103494,2025-01-08 01:00:00,195,2025-01-08 14:08:42,2025-01-08 14:11:11,269,1,99.9,1
4613103555,2025-01-08 01:00:00,195,2025-01-08 14:21:57,2025-01-08 14:23:16,159,20,735.7,19
4613070787,2025-01-08 01:00:00,195,2025-01-08 13:30:24,2025-01-08 13:35:31,507,1,34.9,1
4613229388,2025-01-08 01:00:00,195,2025-01-08 15:44:18,2025-01-08 15:49:15,497,1,49.8,1
4612871145,2025-01-08 01:00:00,195,2025-01-08 10:23:25,2025-01-08 10:25:12,187,23,705.6,22
4612964102,2025-01-08 01:00:00,195,2025-01-08 11:45:44,2025-01-08 11:48:33,289,14,421.1,13
4612855771,2025-01-08 01:00:00,195,2025-01-08 10:04:03,2025-01-08 10:05:10,107,4,101.0,4
4613307722,2025-01-08 01:00:00,195,2025-01-08 16:48:31,2025-01-08 16:52:26,395,43,1663.3,35
4612855815,2025-01-08 01:00:00,195,2025-01-08 09:47:01,2025-01-08 09:54:21,720,1,15.9,1
4612824948,2025-01-08 01:00:00,195,2025-01-08 09:15:13,2025-01-08 09:17:00,187,1,29.9,1
4613019230,2025-01-08 01:00:00,195,2025-01-08 12:59:15,2025-01-08 12:59:58,43,9,254.1,7
4613389901,2025-01-08 01:00:00,195,2025-01-08 17:49:51,2025-01-08 17:50:24,73,8,347.0,7
4613019201,2025-01-08 01:00:00,195,2025-01-08 13:02:57,2025-01-08 13:03:25,68,1,38.0,1
4613050177,2025-01-08 01:00:00,195,2025-01-08 13:24:51,2025-01-08 13:29:11,460,2,43.6,2
4613006775,2025-01-08 01:00:00,195,2025-01-08 12:41:46,2025-01-08 12:46:08,462,2,85.8,1
4613363083,2025-01-08 01:00:00,195,2025-01-08 17:32:06,2025-01-08 17:32:52,46,9,401.9,9
4613032043,2025-01-08 01:00:00,195,2025-01-08 13:08:53,2025-01-08 13:09:06,53,1,100.0,1
4612903090,2025-01-08 01:00:00,195,2025-01-08 10:37:56,2025-01-08 10:50:53,1297,4,208.0,4
4613083425,2025-01-08 01:00:00,195,2025-01-08 13:52:55,2025-01-08 13:53:51,96,7,378.0,7
4613155430,2025-01-08 01:00:00,195,2025-01-08 15:00:27,2025-01-08 15:00:44,17,1,155.0,1
4613070732,2025-01-08 01:00:00,195,2025-01-08 13:38:48,2025-01-08 13:40:51,203,11,1028.9,10
4613019203,2025-01-08 01:00:00,195,2025-01-08 12:51:04,2025-01-08 12:52:01,97,5,170.3,5
4613070770,2025-01-08 01:00:00,195,2025-01-08 13:37:33,2025-01-08 13:38:12,79,2,43.3,2
4613254912,2025-01-08 01:00:00,195,2025-01-08 16:19:39,2025-01-08 16:23:31,392,11,967.7,10
4612792409,2025-01-08 01:00:00,195,2025-01-08 08:42:23,2025-01-08 08:43:36,113,1,13.0,1
4612903113,2025-01-08 01:00:00,195,2025-01-08 11:02:15,2025-01-08 11:03:09,94,2,52.0,2
4612887295,2025-01-08 01:00:00,195,2025-01-08 10:35:29,2025-01-08 10:36:34,105,2,183.0,2
4613229420,2025-01-08 01:00:00,195,2025-01-08 16:06:59,2025-01-08 16:07:10,51,2,47.0,2
4612985435,2025-01-08 01:00:00,195,2025-01-08 12:23:51,2025-01-08 12:25:43,192,7,168.8,6
4613083436,2025-01-08 01:00:00,195,2025-01-08 13:50:06,2025-01-08 13:51:43,137,1,14.9,1
4613031925,2025-01-08 01:00:00,195,2025-01-08 13:13:14,2025-01-08 13:16:04,290,2,44.8,3
4613307761,2025-01-08 01:00:00,195,2025-01-08 16:50:04,2025-01-08 16:50:05,1,0,-60.0,1
4613083497,2025-01-08 01:00:00,195,2025-01-08 13:56:54,2025-01-08 13:57:08,54,2,30.0,2
4612887315,2025-01-08 01:00:00,195,2025-01-08 10:32:54,2025-01-08 10:37:36,482,2,73.0,1
4613070809,2025-01-08 01:00:00,195,2025-01-08 13:37:41,2025-01-08 13:38:59,118,18,865.7,13
4613431424,2025-01-08 01:00:00,195,2025-01-08 18:44:30,2025-01-08 18:45:32,102,30,806.5,21
4612809470,2025-01-08 01:00:00,195,2025-01-08 09:00:38,2025-01-08 09:05:01,463,1,28.9,1
4613103564,2025-01-08 01:00:00,195,2025-01-08 14:09:15,2025-01-08 14:10:11,96,17,447.5,16
4612920367,2025-01-08 01:00:00,195,2025-01-08 11:12:21,2025-01-08 11:21:35,914,1,79.9,1
4613480506,2025-01-08 01:00:00,195,2025-01-08 19:21:07,2025-01-08 19:21:46,39,12,506.9,8
4612903151,2025-01-08 01:00:00,195,2025-01-08 10:41:10,2025-01-08 10:48:43,733,2,23.5,2
4613006761,2025-01-08 01:00:00,195,2025-01-08 12:29:51,2025-01-08 12:30:05,54,2,306.0,1
4612985508,2025-01-08 01:00:00,195,2025-01-08 12:15:29,2025-01-08 12:16:26,97,12,503.0,11
4613457244,2025-01-08 01:00:00,195,2025-01-08 18:52:31,2025-01-08 18:53:37,106,4,161.4,4
4613006712,2025-01-08 01:00:00,195,2025-01-08 12:30:18,2025-01-08 12:30:42,24,5,237.3,5
4613070748,2025-01-08 01:00:00,195,2025-01-08 13:44:50,2025-01-08 13:45:33,83,3,46.7,2
4613050138,2025-01-08 01:00:00,195,2025-01-08 13:24:43,2025-01-08 13:25:16,73,5,251.7,5
4613457333,2025-01-08 01:00:00,195,2025-01-08 18:52:14,2025-01-08 18:52:22,8,2,18.0,1
4613031921,2025-01-08 01:00:00,195,2025-01-08 13:18:11,2025-01-08 13:18:59,48,3,91.7,2
4613032022,2025-01-08 01:00:00,195,2025-01-08 13:05:27,2025-01-08 13:06:27,100,13,559.7,13
4613103559,2025-01-08 01:00:00,195,2025-01-08 14:14:07,2025-01-08 14:15:37,130,28,928.8,20
4613504519,2025-01-08 01:00:00,195,2025-01-08 19:34:15,2025-01-08 19:36:36,221,14,515.5,10
4612792413,2025-01-08 01:00:00,195,2025-01-08 08:23:55,2025-01-08 08:29:20,565,2,44.8,2
4612903144,2025-01-08 01:00:00,195,2025-01-08 10:39:29,2025-01-08 10:50:45,1116,7,241.3,8
4612792427,2025-01-08 01:00:00,195,2025-01-08 08:45:36,2025-01-08 08:45:53,17,3,37.7,3
4613504569,2025-01-08 01:00:00,195,2025-01-08 19:34:43,2025-01-08 19:35:47,104,16,668.0,8
4612765958,2025-01-08 01:00:00,195,2025-01-08 08:06:03,2025-01-08 08:07:07,104,6,471.9,5
4613083435,2025-01-08 01:00:00,195,2025-01-08 13:59:18,2025-01-08 13:59:50,32,4,113.6,2
4612903076,2025-01-08 01:00:00,195,2025-01-08 10:57:12,2025-01-08 10:59:13,201,1,111.4,1
4613480490,2025-01-08 01:00:00,195,2025-01-08 19:13:17,2025-01-08 19:14:37,120,6,214.8,3
4612985451,2025-01-08 01:00:00,195,2025-01-08 12:21:32,2025-01-08 12:22:02,70,9,364.4,8
4612985466,2025-01-08 01:00:00,195,2025-01-08 12:19:22,2025-01-08 12:19:35,13,0,100.0,1
4613006763,2025-01-08 01:00:00,195,2025-01-08 12:27:59,2025-01-08 12:28:18,59,0,-400.0,1
4613532424,2025-01-08 01:00:00,195,2025-01-08 20:15:14,2025-01-08 20:16:27,113,10,510.3,8
4613083385,2025-01-08 01:00:00,195,2025-01-08 14:00:03,2025-01-08 14:00:31,28,2,54.7,2
4613070775,2025-01-08 01:00:00,195,2025-01-08 13:41:08,2025-01-08 13:41:37,29,2,50.4,2
4613155429,2025-01-08 01:00:00,195,2025-01-08 15:02:05,2025-01-08 15:02:20,15,1,-100.0,1
4613532406,2025-01-08 01:00:00,195,2025-01-08 20:06:45,2025-01-08 20:10:51,406,21,1448.0,19
4613203735,2025-01-08 01:00:00,195,2025-01-08 15:24:07,2025-01-08 15:29:41,534,12,1001.3,8
4612985513,2025-01-08 01:00:00,195,2025-01-08 12:17:54,2025-01-08 12:18:13,59,1,80.0,1
4613229411,2025-01-08 01:00:00,195,2025-01-08 15:59:26,2025-01-08 15:59:36,10,1,499.0,1
4613532384,2025-01-08 01:00:00,195,2025-01-08 20:12:45,2025-01-08 20:13:14,69,3,293.0,2
4613335463,2025-01-08 01:00:00,195,2025-01-08 17:21:10,2025-01-08 17:23:07,197,7,185.3,6
4613070766,2025-01-08 01:00:00,195,2025-01-08 13:33:13,2025-01-08 13:35:31,218,9,282.5,9
4613404441,2025-01-08 01:00:00,195,2025-01-08 18:17:31,2025-01-08 18:23:21,590,33,1294.0,28
4613585550,2025-01-08 01:00:00,195,2025-01-08 22:26:10,2025-01-08 22:27:21,111,1,30.0,1
4613166990,2025-01-08 01:00:00,195,2025-01-08 15:14:49,2025-01-08 15:14:52,3,1,22.0,1
4613019222,2025-01-08 01:00:00,195,2025-01-08 12:48:24,2025-01-08 12:49:10,86,7,499.0,6
4613254950,2025-01-08 01:00:00,195,2025-01-08 16:08:11,2025-01-08 16:08:34,23,2,240.9,2
4613585532,2025-01-08 01:00:00,195,2025-01-08 22:18:44,2025-01-08 22:19:05,61,1,299.7,1
4613254919,2025-01-08 01:00:00,195,2025-01-08 16:17:57,2025-01-08 16:24:01,644,8,732.3,6
4612792395,2025-01-08 01:00:00,195,2025-01-08 08:29:53,2025-01-08 08:34:17,464,2,51.8,2
4613229378,2025-01-08 01:00:00,195,2025-01-08 15:49:22,2025-01-08 15:51:44,222,1,15.8,1
4613480557,2025-01-08 01:00:00,195,2025-01-08 19:18:29,2025-01-08 19:20:16,187,10,434.9,8
4613307726,2025-01-08 01:00:00,195,2025-01-08 16:58:05,2025-01-08 16:59:29,124,24,1150.7,18
4613019226,2025-01-08 01:00:00,195,2025-01-08 12:53:32,2025-01-08 12:54:31,99,12,582.0,9
4613335496,2025-01-08 01:00:00,195,2025-01-08 17:11:13,2025-01-08 17:23:18,1205,25,1539.4,25
4613480482,2025-01-08 01:00:00,195,2025-01-08 19:19:42,2025-01-08 19:21:37,195,3,172.2,3
4613155439,2025-01-08 01:00:00,195,2025-01-08 14:49:25,2025-01-08 14:54:04,479,4,155.8,4
4612920357,2025-01-08 01:00:00,195,2025-01-08 11:05:12,2025-01-08 11:10:58,546,1,99.9,1
4613155424,2025-01-08 01:00:00,195,2025-01-08 15:02:23,2025-01-08 15:05:28,305,55,3716.9,40
4613498086,2025-01-08 01:00:00,195,2025-01-08 19:39:10,2025-01-08 19:40:38,128,2,39.7,2
4613166918,2025-01-08 01:00:00,195,2025-01-08 15:15:18,2025-01-08 15:16:23,105,15,389.5,11
4613070804,2025-01-08 01:00:00,195,2025-01-08 13:41:36,2025-01-08 13:42:25,89,2,54.1,2
4613281196,2025-01-08 01:00:00,195,2025-01-08 16:39:53,2025-01-08 16:43:07,354,15,965.7,12
4613504520,2025-01-08 01:00:00,195,2025-01-08 19:26:46,2025-01-08 19:27:56,110,1,29.8,1
4613389887,2025-01-08 01:00:00,195,2025-01-08 17:54:54,2025-01-08 17:55:09,55,2,71.0,2
4612985456,2025-01-08 01:00:00,195,2025-01-08 12:25:09,2025-01-08 12:25:48,39,9,323.7,8
4613363070,2025-01-08 01:00:00,195,2025-01-08 17:29:29,2025-01-08 17:33:03,374,3,132.0,3
4613515239,2025-01-08 01:00:00,195,2025-01-08 19:43:46,2025-01-08 19:48:50,504,21,1320.9,21
4613363090,2025-01-08 01:00:00,195,2025-01-08 17:44:35,2025-01-08 17:47:00,265,70,3381.8,49
4612824958,2025-01-08 01:00:00,195,2025-01-08 09:15:53,2025-01-08 09:17:21,168,5,99.0,5
4613363115,2025-01-08 01:00:00,195,2025-01-08 17:38:19,2025-01-08 17:38:33,14,5,195.0,4
4613515255,2025-01-08 01:00:00,195,2025-01-08 19:56:28,2025-01-08 19:57:36,108,19,983.0,18
4613431425,2025-01-08 01:00:00,195,2025-01-08 18:27:36,2025-01-08 18:27:51,15,1,150.0,1
4612964118,2025-01-08 01:00:00,195,2025-01-08 12:00:26,2025-01-08 12:07:10,684,9,621.1,6
4613281251,2025-01-08 01:00:00,195,2025-01-08 16:37:51,2025-01-08 16:37:58,7,1,151.0,1
4613515283,2025-01-08 01:00:00,195,2025-01-08 20:00:14,2025-01-08 20:00:29,15,1,-251.0,1
4613335557,2025-01-08 01:00:00,195,2025-01-08 17:24:36,2025-01-08 17:24:42,6,1,164.0,1
4612824990,2025-01-08 01:00:00,195,2025-01-08 09:11:48,2025-01-08 09:12:13,65,3,326.9,2
4613404493,2025-01-08 01:00:00,195,2025-01-08 18:07:06,2025-01-08 18:08:50,144,5,296.0,4
4613457316,2025-01-08 01:00:00,195,2025-01-08 18:55:16,2025-01-08 18:56:06,90,23,673.0,20
4613166907,2025-01-08 01:00:00,195,2025-01-08 15:20:36,2025-01-08 15:21:10,74,2,44.8,2
4613006697,2025-01-08 01:00:00,195,2025-01-08 12:32:30,2025-01-08 12:33:43,113,7,213.2,6
4613254995,2025-01-08 01:00:00,195,2025-01-08 15:55:09,2025-01-08 16:09:16,5407,12,369.6,11
4613567401,2025-01-08 01:00:00,195,2025-01-08 21:22:03,2025-01-08 21:22:51,48,10,341.0,7
4613307706,2025-01-08 01:00:00,195,2025-01-08 16:48:54,2025-01-08 16:49:56,102,25,1345.3,15
4612871156,2025-01-08 01:00:00,195,2025-01-08 10:17:27,2025-01-08 10:17:36,9,1,599.0,1
4613404458,2025-01-08 01:00:00,195,2025-01-08 18:16:27,2025-01-08 18:18:47,220,3,183.7,3
4613558331,2025-01-08 01:00:00,195,2025-01-08 20:46:16,2025-01-08 20:48:19,203,26,1704.8,25
4613281269,2025-01-08 01:00:00,195,2025-01-08 16:35:51,2025-01-08 16:38:30,279,63,1928.0,26
4613019166,2025-01-08 01:00:00,195,2025-01-08 13:01:16,2025-01-08 13:03:58,242,7,325.2,7
4613254960,2025-01-08 01:00:00,195,2025-01-08 16:16:40,2025-01-08 16:17:28,88,11,461.9,11
4613545942,2025-01-08 01:00:00,195,2025-01-08 20:27:56,2025-01-08 20:29:41,185,12,377.4,8
4613307711,2025-01-08 01:00:00,195,2025-01-08 17:00:46,2025-01-08 17:01:11,65,1,43.0,1
4612887319,2025-01-08 01:00:00,195,2025-01-08 10:24:58,2025-01-08 10:30:19,561,11,111.0,8
4613335479,2025-01-08 01:00:00,195,2025-01-08 17:13:26,2025-01-08 17:15:12,186,3,205.5,3
4613581566,2025-01-08 01:00:00,195,2025-01-08 22:05:25,2025-01-08 22:05:34,9,1,146.0,1
4613363065,2025-01-08 01:00:00,195,2025-01-08 17:31:39,2025-01-08 17:37:47,608,7,239.8,7
4613050131,2025-01-08 01:00:00,195,2025-01-08 13:18:18,2025-01-08 13:21:00,282,9,652.0,7
4613431322,2025-01-08 01:00:00,195,2025-01-08 18:37:45,2025-01-08 18:38:52,107,2,177.8,2
4613532382,2025-01-08 01:00:00,195,2025-01-08 20:23:42,2025-01-08 20:24:29,87,9,295.6,8
4613404471,2025-01-08 01:00:00,195,2025-01-08 18:18:23,2025-01-08 18:19:46,123,2,38.5,2
4612964137,2025-01-08 01:00:00,195,2025-01-08 12:01:52,2025-01-08 12:02:54,102,37,1405.0,3
4613404424,2025-01-08 01:00:00,195,2025-01-08 18:20:32,2025-01-08 18:21:15,83,7,331.3,6
4613567390,2025-01-08 01:00:00,195,2025-01-08 21:22:25,2025-01-08 21:23:29,104,2,37.9,2
4613229440,2025-01-08 01:00:00,195,2025-01-08 15:53:16,2025-01-08 15:53:54,38,8,217.0,7
4613050166,2025-01-08 01:00:00,195,2025-01-08 13:25:07,2025-01-08 13:28:46,339,25,1291.4,25
4613229401,2025-01-08 01:00:00,195,2025-01-08 15:54:46,2025-01-08 15:55:21,75,13,415.6,9
4613558269,2025-01-08 01:00:00,195,2025-01-08 21:03:47,2025-01-08 21:05:38,191,7,288.2,6
4613229353,2025-01-08 01:00:00,195,2025-01-08 15:50:38,2025-01-08 15:53:13,275,1,5.6,1
4613019192,2025-01-08 01:00:00,195,2025-01-08 12:51:14,2025-01-08 12:51:49,35,3,350.0,3
4613307663,2025-01-08 01:00:00,195,2025-01-08 16:59:39,2025-01-08 17:00:58,4119,9,522.6,9
4613567353,2025-01-08 01:00:00,195,2025-01-08 21:12:56,2025-01-08 21:14:00,144,5,206.5,3
4613389848,2025-01-08 01:00:00,195,2025-01-08 18:04:44,2025-01-08 18:05:00,56,0,180.0,1
4613031954,2025-01-08 01:00:00,195,2025-01-08 13:15:13,2025-01-08 13:16:30,117,29,1350.1,18
4613431395,2025-01-08 01:00:00,195,2025-01-08 18:30:22,2025-01-08 18:30:50,28,8,493.3,8
4613457293,2025-01-08 01:00:00,195,2025-01-08 18:54:44,2025-01-08 18:57:58,314,10,303.9,8
4613155461,2025-01-08 01:00:00,195,2025-01-08 14:50:16,2025-01-08 14:51:04,88,7,121.4,7
4613050190,2025-01-08 01:00:00,195,2025-01-08 13:21:35,2025-01-08 13:22:19,84,14,522.4,10
4613254937,2025-01-08 01:00:00,195,2025-01-08 16:11:38,2025-01-08 16:12:12,74,3,8.0,4
4613457315,2025-01-08 01:00:00,195,2025-01-08 18:54:35,2025-01-08 18:54:58,23,9,461.0,9
4613254992,2025-01-08 01:00:00,195,2025-01-08 16:17:38,2025-01-08 16:20:17,279,2,32.8,2
4613031934,2025-01-08 01:00:00,195,2025-01-08 13:15:47,2025-01-08 13:16:23,76,2,112.8,2
4613281188,2025-01-08 01:00:00,195,2025-01-08 16:31:52,2025-01-08 16:32:01,49,1,-95.0,1
4613532353,2025-01-08 01:00:00,195,2025-01-08 20:10:35,2025-01-08 20:12:04,169,10,466.0,9
4613389849,2025-01-08 01:00:00,195,2025-01-08 18:01:35,2025-01-08 18:05:12,377,13,412.3,11
4613032007,2025-01-08 01:00:00,195,2025-01-08 13:07:46,2025-01-08 13:09:01,155,1,10.4,1
4613389852,2025-01-08 01:00:00,195,2025-01-08 17:54:21,2025-01-08 17:56:45,224,6,179.3,6
4613558310,2025-01-08 01:00:00,195,2025-01-08 20:50:16,2025-01-08 20:50:52,36,10,313.2,8
4613431321,2025-01-08 01:00:00,195,2025-01-08 18:29:52,2025-01-08 18:30:30,78,5,101.0,4
4613019202,2025-01-08 01:00:00,195,2025-01-08 12:50:30,2025-01-08 12:50:59,29,6,161.5,5
4613404480,2025-01-08 01:00:00,195,2025-01-08 18:20:00,2025-01-08 18:21:31,131,12,377.6,8
4613515320,2025-01-08 01:00:00,195,2025-01-08 19:48:35,2025-01-08 19:50:56,221,3,256.7,3
4613155426,2025-01-08 01:00:00,195,2025-01-08 15:06:03,2025-01-08 15:07:00,97,16,1115.6,13
4613050224,2025-01-08 01:00:00,195,2025-01-08 13:25:15,2025-01-08 13:26:08,93,1,56.7,1
4613166879,2025-01-08 01:00:00,195,2025-01-08 15:19:39,2025-01-08 15:20:09,70,6,455.4,4
4613575259,2025-01-08 01:00:00,195,2025-01-08 21:36:28,2025-01-08 21:41:27,499,4,116.4,4
4613132878,2025-01-08 01:00:00,195,2025-01-08 14:35:00,2025-01-08 14:39:07,407,14,720.5,12
4613103485,2025-01-08 01:00:00,195,2025-01-08 14:08:00,2025-01-08 14:11:31,331,14,849.6,10
4613132911,2025-01-08 01:00:00,195,2025-01-08 14:29:02,2025-01-08 14:30:24,122,33,1715.51,27
4613588204,2025-01-08 01:00:00,195,2025-01-08 22:30:21,2025-01-08 22:39:58,937,7,281.9,3
4613166873,2025-01-08 01:00:00,195,2025-01-08 15:19:24,2025-01-08 15:19:33,9,2,60.0,2
4612809454,2025-01-08 01:00:00,195,2025-01-08 08:46:33,2025-01-08 08:49:27,294,2,40.8,2
4613307756,2025-01-08 01:00:00,195,2025-01-08 16:59:45,2025-01-08 17:00:10,4065,2,548.0,2
4613588219,2025-01-08 01:00:00,195,2025-01-08 22:27:29,2025-01-08 22:40:33,1304,5,184.0,4
4613431390,2025-01-08 01:00:00,195,2025-01-08 18:27:39,2025-01-08 18:29:06,167,38,1245.0,28
4613103500,2025-01-08 01:00:00,195,2025-01-08 14:07:49,2025-01-08 14:08:30,81,3,72.6,3
4613404475,2025-01-08 01:00:00,195,2025-01-08 18:12:47,2025-01-08 18:16:43,396,6,565.6,5
4613575268,2025-01-08 01:00:00,195,2025-01-08 21:27:32,2025-01-08 21:29:34,202,38,1437.8,33
4613166923,2025-01-08 01:00:00,195,2025-01-08 15:21:52,2025-01-08 15:22:47,95,20,782.4,19
4612903120,2025-01-08 01:00:00,195,2025-01-08 11:05:04,2025-01-08 11:05:47,43,7,419.3,7
4613363133,2025-01-08 01:00:00,195,2025-01-08 17:28:26,2025-01-08 17:28:39,13,1,153.0,1
4613504544,2025-01-08 01:00:00,195,2025-01-08 19:29:49,2025-01-08 19:31:23,174,1,19.8,1
4613431358,2025-01-08 01:00:00,195,2025-01-08 18:31:59,2025-01-08 18:34:42,283,5,321.9,5
4612871119,2025-01-08 01:00:00,195,2025-01-08 10:07:01,2025-01-08 10:14:17,716,6,312.4,6
4613404449,2025-01-08 01:00:00,195,2025-01-08 18:13:02,2025-01-08 18:14:43,141,4,127.6,4
4613504574,2025-01-08 01:00:00,195,2025-01-08 19:31:43,2025-01-08 19:33:32,189,45,2464.36,36
4613132909,2025-01-08 01:00:00,195,2025-01-08 14:33:25,2025-01-08 14:33:57,32,2,581.9,2
4612903114,2025-01-08 01:00:00,195,2025-01-08 10:59:10,2025-01-08 11:00:17,4107,9,604.0,9
4613254913,2025-01-08 01:00:00,195,2025-01-08 16:14:00,2025-01-08 16:16:42,242,2,145.2,2
4613567374,2025-01-08 01:00:00,195,2025-01-08 21:10:02,2025-01-08 21:17:26,724,5,212.1,5
4613254953,2025-01-08 01:00:00,195,2025-01-08 16:09:27,2025-01-08 16:10:12,85,10,264.0,8
4612946334,2025-01-08 01:00:00,195,2025-01-08 11:32:47,2025-01-08 11:41:18,871,2,19.4,2
4613389846,2025-01-08 01:00:00,195,2025-01-08 18:02:31,2025-01-08 18:02:57,26,1,153.0,1
4613567375,2025-01-08 01:00:00,195,2025-01-08 21:03:51,2025-01-08 21:08:29,478,1,19.0,1
4613389875,2025-01-08 01:00:00,195,2025-01-08 17:54:14,2025-01-08 17:56:43,229,2,101.8,2
4612964127,2025-01-08 01:00:00,195,2025-01-08 11:50:55,2025-01-08 11:51:33,78,8,401.2,8
4613363080,2025-01-08 01:00:00,195,2025-01-08 17:29:42,2025-01-08 17:30:10,68,4,170.2,4
4613558279,2025-01-08 01:00:00,195,2025-01-08 20:57:35,2025-01-08 20:59:22,187,34,1709.3,19
4613404436,2025-01-08 01:00:00,195,2025-01-08 18:25:28,2025-01-08 18:25:49,21,1,1215.0,1
4613006749,2025-01-08 01:00:00,195,2025-01-08 12:32:01,2025-01-08 12:34:49,248,65,2901.0,44
4613155403,2025-01-08 01:00:00,195,2025-01-08 15:00:05,2025-01-08 15:07:40,735,1,14.7,1
4613558305,2025-01-08 01:00:00,195,2025-01-08 20:50:21,2025-01-08 20:57:12,691,3,44.0,2
4613155450,2025-01-08 01:00:00,195,2025-01-08 14:50:22,2025-01-08 14:51:09,87,2,56.8,2
4613032026,2025-01-08 01:00:00,195,2025-01-08 13:12:50,2025-01-08 13:13:09,59,2,56.8,2
4613254981,2025-01-08 01:00:00,195,2025-01-08 16:25:04,2025-01-08 16:25:28,24,8,146.2,6
4613588214,2025-01-08 01:00:00,195,2025-01-08 22:32:30,2025-01-08 22:37:13,483,92,3030.7,49
4613307653,2025-01-08 01:00:00,195,2025-01-08 16:49:00,2025-01-08 16:53:10,410,20,499.8,15
4613031987,2025-01-08 01:00:00,195,2025-01-08 13:08:01,2025-01-08 13:12:43,442,10,338.4,10
4613307695,2025-01-08 01:00:00,195,2025-01-08 16:48:21,2025-01-08 16:49:26,105,2,211.0,2
4613504509,2025-01-08 01:00:00,195,2025-01-08 19:23:21,2025-01-08 19:28:39,518,23,866.8,19
4613281210,2025-01-08 01:00:00,195,2025-01-08 16:28:44,2025-01-08 16:30:10,166,2,91.8,2
4613032015,2025-01-08 01:00:00,195,2025-01-08 13:04:59,2025-01-08 13:07:06,247,7,768.7,7
4613515274,2025-01-08 01:00:00,195,2025-01-08 20:03:34,2025-01-08 20:04:16,82,6,125.0,5
4613019140,2025-01-08 01:00:00,195,2025-01-08 12:59:50,2025-01-08 13:01:02,4152,4,60.6,3
4613545896,2025-01-08 01:00:00,195,2025-01-08 20:37:57,2025-01-08 20:38:30,73,5,235.0,4
4612809480,2025-01-08 01:00:00,195,2025-01-08 08:52:34,2025-01-08 08:52:43,9,3,135.0,1
4613575228,2025-01-08 01:00:00,195,2025-01-08 21:38:22,2025-01-08 21:41:03,281,2,27.3,2
4613083432,2025-01-08 01:00:00,195,2025-01-08 13:45:42,2025-01-08 13:49:07,365,13,1065.3,8
4613457256,2025-01-08 01:00:00,195,2025-01-08 19:01:35,2025-01-08 19:02:26,91,2,68.3,2
4612903127,2025-01-08 01:00:00,195,2025-01-08 10:52:38,2025-01-08 10:53:51,113,17,384.9,13
4613545941,2025-01-08 01:00:00,195,2025-01-08 20:27:36,2025-01-08 20:28:23,87,18,644.4,14
4613070735,2025-01-08 01:00:00,195,2025-01-08 13:33:32,2025-01-08 13:34:54,122,2,57.0,1
4613457345,2025-01-08 01:00:00,195,2025-01-08 18:50:37,2025-01-08 18:51:10,73,3,383.1,3
4612946359,2025-01-08 01:00:00,195,2025-01-08 11:29:34,2025-01-08 11:30:02,68,5,152.0,4
4613567395,2025-01-08 01:00:00,195,2025-01-08 21:25:17,2025-01-08 21:26:34,117,28,1937.3,22
4612824974,2025-01-08 01:00:00,195,2025-01-08 09:11:22,2025-01-08 09:12:40,118,20,676.4,13
4613558313,2025-01-08 01:00:00,195,2025-01-08 20:46:54,2025-01-08 20:48:32,178,13,352.6,10
4613019117,2025-01-08 01:00:00,195,2025-01-08 12:54:22,2025-01-08 12:54:38,16,1,158.0,1
4613567387,2025-01-08 01:00:00,195,2025-01-08 21:12:03,2025-01-08 21:12:39,36,3,300.0,1
4612824977,2025-01-08 01:00:00,195,2025-01-08 09:15:52,2025-01-08 09:16:24,72,3,91.0,2
4613558323,2025-01-08 01:00:00,195,2025-01-08 20:50:23,2025-01-08 20:53:16,293,4,244.4,3
4613032021,2025-01-08 01:00:00,195,2025-01-08 13:07:10,2025-01-08 13:07:27,17,3,189.7,3
4613585515,2025-01-08 01:00:00,195,2025-01-08 22:07:36,2025-01-08 22:09:01,165,1,17.9,1
4612985499,2025-01-08 01:00:00,195,2025-01-08 12:11:55,2025-01-08 12:13:04,149,6,211.2,6
4613581523,2025-01-08 01:00:00,195,2025-01-08 21:55:02,2025-01-08 22:00:12,4510,7,187.3,7
4613070801,2025-01-08 01:00:00,195,2025-01-08 13:33:34,2025-01-08 13:38:14,480,1,19.9,1
4613457240,2025-01-08 01:00:00,195,2025-01-08 18:40:26,2025-01-08 18:46:14,588,9,360.9,9
4612985460,2025-01-08 01:00:00,195,2025-01-08 12:23:06,2025-01-08 12:23:32,26,1,33.0,1
4613457287,2025-01-08 01:00:00,195,2025-01-08 18:56:36,2025-01-08 19:00:11,4375,4,78.9,4
4613070754,2025-01-08 01:00:00,195,2025-01-08 13:36:19,2025-01-08 13:38:25,206,1,17.9,1
4613498051,2025-01-08 01:00:00,195,2025-01-08 19:43:15,2025-01-08 19:45:28,213,9,252.6,8
4613006771,2025-01-08 01:00:00,195,2025-01-08 12:36:13,2025-01-08 12:36:17,4,0,10.0,1
4613515298,2025-01-08 01:00:00,195,2025-01-08 20:00:37,2025-01-08 20:02:12,175,12,358.8,7
4613070730,2025-01-08 01:00:00,195,2025-01-08 13:36:16,2025-01-08 13:37:55,139,5,61.5,4
4613558307,2025-01-08 01:00:00,195,2025-01-08 20:53:48,2025-01-08 20:54:28,80,9,270.1,9
4613031933,2025-01-08 01:00:00,195,2025-01-08 13:17:37,2025-01-08 13:19:39,202,5,210.7,5
4613581527,2025-01-08 01:00:00,195,2025-01-08 21:47:59,2025-01-08 21:51:31,372,7,178.4,5
4612777453,2025-01-08 01:00:00,195,2025-01-08 08:18:14,2025-01-08 08:20:20,206,3,43.6,3
4613480468,2025-01-08 01:00:00,195,2025-01-08 19:19:29,2025-01-08 19:21:38,209,9,560.9,7
4612809492,2025-01-08 01:00:00,195,2025-01-08 09:05:02,2025-01-08 09:05:26,24,2,106.9,2
4613504505,2025-01-08 01:00:00,195,2025-01-08 19:28:17,2025-01-08 19:32:14,397,26,1440.4,23
4612765948,2025-01-08 01:00:00,195,2025-01-08 08:04:01,2025-01-08 08:06:17,216,1,43.8,1
4613515236,2025-01-08 01:00:00,195,2025-01-08 19:47:47,2025-01-08 19:53:57,610,16,3407.52,13
4612777431,2025-01-08 01:00:00,195,2025-01-08 08:06:52,2025-01-08 08:11:37,485,1,27.0,1
4613545891,2025-01-08 01:00:00,195,2025-01-08 20:35:26,2025-01-08 20:37:28,202,6,405.0,6
4612871116,2025-01-08 01:00:00,195,2025-01-08 10:22:51,2025-01-08 10:23:55,104,3,32.7,2
4613585526,2025-01-08 01:00:00,195,2025-01-08 22:23:14,2025-01-08 22:25:16,202,3,299.7,1
4612855767,2025-01-08 01:00:00,195,2025-01-08 10:00:05,2025-01-08 10:02:06,201,4,161.8,4
4613581545,2025-01-08 01:00:00,195,2025-01-08 21:58:40,2025-01-08 21:58:56,16,4,79.0,3
4612824959,2025-01-08 01:00:00,195,2025-01-08 09:15:36,2025-01-08 09:22:31,695,3,85.6,3
4613504541,2025-01-08 01:00:00,195,2025-01-08 19:26:05,2025-01-08 19:28:14,209,9,141.1,4
4612840067,2025-01-08 01:00:00,195,2025-01-08 09:31:42,2025-01-08 09:32:40,98,5,110.0,4
4613588207,2025-01-08 01:00:00,195,2025-01-08 22:40:31,2025-01-08 22:43:13,282,10,753.0,7
4612920347,2025-01-08 01:00:00,195,2025-01-08 11:06:13,2025-01-08 11:09:18,305,2,44.8,2
4613545925,2025-01-08 01:00:00,195,2025-01-08 20:41:05,2025-01-08 20:41:20,15,1,169.0,1
4612855766,2025-01-08 01:00:00,195,2025-01-08 09:58:42,2025-01-08 10:00:48,4206,1,27.9,1
4613581520,2025-01-08 01:00:00,195,2025-01-08 21:59:45,2025-01-08 22:01:35,4190,2,199.8,2
4612964147,2025-01-08 01:00:00,195,2025-01-08 12:00:20,2025-01-08 12:01:11,91,11,512.2,8
4613457342,2025-01-08 01:00:00,195,2025-01-08 18:46:56,2025-01-08 18:48:23,167,32,1150.5,28
4612855792,2025-01-08 01:00:00,195,2025-01-08 10:04:28,2025-01-08 10:05:41,113,25,719.0,18
4613504559,2025-01-08 01:00:00,195,2025-01-08 19:32:30,2025-01-08 19:32:41,11,3,73.0,2
4612985445,2025-01-08 01:00:00,195,2025-01-08 12:25:37,2025-01-08 12:26:03,66,3,63.0,3
4613504536,2025-01-08 01:00:00,195,2025-01-08 19:35:32,2025-01-08 19:38:02,270,21,1960.0,21
4612855817,2025-01-08 01:00:00,195,2025-01-08 09:49:13,2025-01-08 10:00:15,5102,2,40.0,2
4613515233,2025-01-08 01:00:00,195,2025-01-08 19:56:58,2025-01-08 19:57:35,77,4,239.6,4
4613019168,2025-01-08 01:00:00,195,2025-01-08 12:46:37,2025-01-08 12:49:09,272,3,707.9,2
4613558262,2025-01-08 01:00:00,195,2025-01-08 20:56:06,2025-01-08 21:03:24,4718,18,344.1,13
4612920368,2025-01-08 01:00:00,195,2025-01-08 11:03:15,2025-01-08 11:11:06,791,2,22.0,2
4613585559,2025-01-08 01:00:00,195,2025-01-08 22:18:46,2025-01-08 22:19:21,75,1,155.0,1
4613006734,2025-01-08 01:00:00,195,2025-01-08 12:32:06,2025-01-08 12:33:36,130,31,1234.0,29
4613480580,2025-01-08 01:00:00,195,2025-01-08 19:15:45,2025-01-08 19:18:40,295,15,614.0,13
4613083479,2025-01-08 01:00:00,195,2025-01-08 13:59:28,2025-01-08 14:00:57,4129,6,287.4,6
4613504526,2025-01-08 01:00:00,195,2025-01-08 19:31:47,2025-01-08 19:36:33,486,28,1146.3,23
4613050153,2025-01-08 01:00:00,195,2025-01-08 13:25:58,2025-01-08 13:27:28,170,1,39.9,1
4613480499,2025-01-08 01:00:00,195,2025-01-08 19:22:18,2025-01-08 19:27:02,484,7,389.3,6
4612792415,2025-01-08 01:00:00,195,2025-01-08 08:27:27,2025-01-08 08:28:20,93,17,403.88,14
4613515302,2025-01-08 01:00:00,195,2025-01-08 20:03:55,2025-01-08 20:06:38,283,8,423.9,7
4613031986,2025-01-08 01:00:00,195,2025-01-08 13:07:16,2025-01-08 13:08:06,90,3,64.7,3
4613545880,2025-01-08 01:00:00,195,2025-01-08 20:32:17,2025-01-08 20:41:06,889,31,1983.7,31
4612777434,2025-01-08 01:00:00,195,2025-01-08 08:19:18,2025-01-08 08:19:41,23,4,52.0,4
4613581556,2025-01-08 01:00:00,195,2025-01-08 22:03:56,2025-01-08 22:04:58,102,9,231.2,10
4613031949,2025-01-08 01:00:00,195,2025-01-08 13:18:01,2025-01-08 13:19:31,130,29,871.6,24
4613457300,2025-01-08 01:00:00,195,2025-01-08 19:00:17,2025-01-08 19:02:53,236,8,333.0,7
4612840068,2025-01-08 01:00:00,195,2025-01-08 09:43:51,2025-01-08 09:44:29,78,9,426.0,7
4613457326,2025-01-08 01:00:00,195,2025-01-08 18:52:26,2025-01-08 18:53:12,86,17,672.9,15
4613031951,2025-01-08 01:00:00,195,2025-01-08 13:13:37,2025-01-08 13:13:54,17,5,395.6,5
4613567400,2025-01-08 01:00:00,195,2025-01-08 21:17:16,2025-01-08 21:18:28,112,12,482.3,12
4612871141,2025-01-08 01:00:00,195,2025-01-08 10:17:29,2025-01-08 10:17:40,11,2,79.0,2
4613567359,2025-01-08 01:00:00,195,2025-01-08 21:08:41,2025-01-08 21:13:07,466,16,482.4,12
4613083414,2025-01-08 01:00:00,195,2025-01-08 14:03:12,2025-01-08 14:03:50,38,79,2498.8,68
4613498044,2025-01-08 01:00:00,195,2025-01-08 19:38:26,2025-01-08 19:39:59,133,5,49.5,5
4612920353,2025-01-08 01:00:00,195,2025-01-08 11:11:16,2025-01-08 11:16:09,493,1,17.8,1
4613567367,2025-01-08 01:00:00,195,2025-01-08 21:22:04,2025-01-08 21:23:22,118,4,29.8,2
4613103529,2025-01-08 01:00:00,195,2025-01-08 14:18:07,2025-01-08 14:18:26,19,3,38.0,3
4613480478,2025-01-08 01:00:00,195,2025-01-08 19:21:54,2025-01-08 19:22:24,70,2,23.1,3
4612964098,2025-01-08 01:00:00,195,2025-01-08 11:53:17,2025-01-08 11:58:50,533,9,469.7,7
4613480471,2025-01-08 01:00:00,195,2025-01-08 19:13:16,2025-01-08 19:13:47,31,2,88.2,2
4613103458,2025-01-08 01:00:00,195,2025-01-08 14:04:22,2025-01-08 14:06:13,191,7,222.0,7
4613575280,2025-01-08 01:00:00,195,2025-01-08 21:23:30,2025-01-08 21:32:51,921,17,887.2,16
4613019227,2025-01-08 01:00:00,195,2025-01-08 12:55:38,2025-01-08 12:55:47,9,2,45.0,2
4613504539,2025-01-08 01:00:00,195,2025-01-08 19:27:54,2025-01-08 19:31:13,359,15,840.4,15
4613070746,2025-01-08 01:00:00,195,2025-01-08 13:43:43,2025-01-08 13:44:35,92,4,342.9,4
4613515284,2025-01-08 01:00:00,195,2025-01-08 19:49:21,2025-01-08 19:49:54,33,5,233.4,5
4613019142,2025-01-08 01:00:00,195,2025-01-08 12:58:57,2025-01-08 12:59:40,83,3,84.8,3
4613567383,2025-01-08 01:00:00,195,2025-01-08 21:23:38,2025-01-08 21:26:54,316,3,58.0,3
4613070843,2025-01-08 01:00:00,195,2025-01-08 13:34:44,2025-01-08 13:35:30,86,7,180.7,7
4613545930,2025-01-08 01:00:00,195,2025-01-08 20:41:41,2025-01-08 20:42:19,78,5,363.0,5
4613083487,2025-01-08 01:00:00,195,2025-01-08 13:52:10,2025-01-08 13:52:20,10,3,170.0,3
4613558295,2025-01-08 01:00:00,195,2025-01-08 20:43:47,2025-01-08 20:49:09,562,3,75.7,3
4612920394,2025-01-08 01:00:00,195,2025-01-08 11:06:58,2025-01-08 11:07:38,80,11,127.0,2
4613581551,2025-01-08 01:00:00,195,2025-01-08 21:47:07,2025-01-08 21:48:39,132,28,1086.9,21
4613070778,2025-01-08 01:00:00,195,2025-01-08 13:29:48,2025-01-08 13:35:06,558,24,1372.3,19
4613457280,2025-01-08 01:00:00,195,2025-01-08 18:51:33,2025-01-08 18:52:17,84,1,87.6,1
4612903091,2025-01-08 01:00:00,195,2025-01-08 10:51:27,2025-01-08 10:55:35,408,2,55.8,2
4613457281,2025-01-08 01:00:00,195,2025-01-08 18:52:25,2025-01-08 18:53:32,107,2,35.8,1
4612792380,2025-01-08 01:00:00,195,2025-01-08 08:41:19,2025-01-08 08:43:13,194,2,58.5,2
4613457359,2025-01-08 01:00:00,195,2025-01-08 19:02:07,2025-01-08 19:02:17,10,0,-10.0,2
4612946377,2025-01-08 01:00:00,195,2025-01-08 11:27:35,2025-01-08 11:27:56,21,5,262.5,4
4613480560,2025-01-08 01:00:00,195,2025-01-08 19:11:58,2025-01-08 19:13:18,160,14,846.5,9
4612887322,2025-01-08 01:00:00,195,2025-01-08 10:31:10,2025-01-08 10:34:41,331,4,180.0,3
4613480562,2025-01-08 01:00:00,195,2025-01-08 19:20:43,2025-01-08 19:22:25,182,4,186.6,4
4612964097,2025-01-08 01:00:00,195,2025-01-08 11:52:49,2025-01-08 11:54:47,198,1,14.9,1
4613532405,2025-01-08 01:00:00,195,2025-01-08 20:08:26,2025-01-08 20:11:11,285,9,356.1,9
4612985494,2025-01-08 01:00:00,195,2025-01-08 12:07:40,2025-01-08 12:12:07,467,2,35.8,1
4613558302,2025-01-08 01:00:00,195,2025-01-08 20:46:54,2025-01-08 20:49:19,265,2,62.0,2
4613006729,2025-01-08 01:00:00,195,2025-01-08 12:38:56,2025-01-08 12:39:49,93,13,275.0,13
4613545928,2025-01-08 01:00:00,195,2025-01-08 20:45:10,2025-01-08 20:45:43,33,3,269.7,2
4612964106,2025-01-08 01:00:00,195,2025-01-08 11:42:42,2025-01-08 11:57:58,1516,8,166.8,7
4613575282,2025-01-08 01:00:00,195,2025-01-08 21:35:41,2025-01-08 21:35:49,8,1,155.0,1
4613031980,2025-01-08 01:00:00,195,2025-01-08 13:10:42,2025-01-08 13:11:46,104,8,137.8,7
4613581560,2025-01-08 01:00:00,195,2025-01-08 21:59:05,2025-01-08 21:59:23,18,1,146.0,1
4613031957,2025-01-08 01:00:00,195,2025-01-08 13:16:34,2025-01-08 13:17:20,86,6,365.8,6
4613457305,2025-01-08 01:00:00,195,2025-01-08 18:49:41,2025-01-08 18:50:40,99,13,445.0,13
4613031929,2025-01-08 01:00:00,195,2025-01-08 13:15:41,2025-01-08 13:16:30,89,2,179.8,2
4613532351,2025-01-08 01:00:00,195,2025-01-08 20:15:08,2025-01-08 20:16:40,132,3,143.7,2
4613083437,2025-01-08 01:00:00,195,2025-01-08 13:51:52,2025-01-08 13:52:39,87,2,52.3,2
4612903148,2025-01-08 01:00:00,195,2025-01-08 10:54:27,2025-01-08 10:57:09,282,2,470.4,2
4613083421,2025-01-08 01:00:00,195,2025-01-08 14:00:02,2025-01-08 14:00:17,15,1,28.0,1
4612964139,2025-01-08 01:00:00,195,2025-01-08 11:53:29,2025-01-08 11:54:25,96,2,1754.6,2
4612792410,2025-01-08 01:00:00,195,2025-01-08 08:18:29,2025-01-08 08:32:10,1381,5,408.3,5
4613006735,2025-01-08 01:00:00,195,2025-01-08 12:35:50,2025-01-08 12:38:04,254,35,1550.7,25
4613083492,2025-01-08 01:00:00,195,2025-01-08 13:50:40,2025-01-08 13:51:19,79,17,254.0,9
4613019128,2025-01-08 01:00:00,195,2025-01-08 13:01:40,2025-01-08 13:01:52,12,1,100.0,1
4612920382,2025-01-08 01:00:00,195,2025-01-08 11:24:35,2025-01-08 11:25:23,88,9,233.0,8
4613006711,2025-01-08 01:00:00,195,2025-01-08 12:21:53,2025-01-08 12:32:53,1100,13,686.9,13
4613103495,2025-01-08 01:00:00,195,2025-01-08 14:12:38,2025-01-08 14:21:43,905,2,90.3,2
4613006730,2025-01-08 01:00:00,195,2025-01-08 12:38:14,2025-01-08 12:38:54,40,12,528.8,6
4612903139,2025-01-08 01:00:00,195,2025-01-08 10:48:33,2025-01-08 10:50:34,201,8,271.2,5
4613031941,2025-01-08 01:00:00,195,2025-01-08 13:18:37,2025-01-08 13:19:47,110,5,152.1,5
4612792391,2025-01-08 01:00:00,195,2025-01-08 08:45:13,2025-01-08 08:46:36,123,2,57.7,2
4613019185,2025-01-08 01:00:00,195,2025-01-08 12:49:19,2025-01-08 12:50:02,83,6,163.41,7
4612903125,2025-01-08 01:00:00,195,2025-01-08 10:57:30,2025-01-08 10:58:30,100,17,475.6,12
4613083429,2025-01-08 01:00:00,195,2025-01-08 13:56:06,2025-01-08 13:56:29,23,1,39.9,1
4612792401,2025-01-08 01:00:00,195,2025-01-08 08:36:22,2025-01-08 08:38:16,194,3,83.6,2
4612840057,2025-01-08 01:00:00,195,2025-01-08 09:39:17,2025-01-08 09:40:48,131,5,197.0,5
4612887312,2025-01-08 01:00:00,195,2025-01-08 10:39:55,2025-01-08 10:44:29,474,5,459.0,5
4612920399,2025-01-08 01:00:00,195,2025-01-08 11:22:22,2025-01-08 11:22:46,24,8,257.2,7
4612792411,2025-01-08 01:00:00,195,2025-01-08 08:41:37,2025-01-08 08:43:40,203,1,30.0,1
4612920401,2025-01-08 01:00:00,195,2025-01-08 11:20:50,2025-01-08 11:22:15,165,15,1954.8,11
4613019125,2025-01-08 01:00:00,195,2025-01-08 13:03:38,2025-01-08 13:03:49,11,1,100.0,1
4612946338,2025-01-08 01:00:00,195,2025-01-08 11:33:08,2025-01-08 11:34:52,144,8,264.5,8
4612985490,2025-01-08 01:00:00,195,2025-01-08 12:08:50,2025-01-08 12:18:01,951,4,176.0,5
4613019224,2025-01-08 01:00:00,195,2025-01-08 12:52:19,2025-01-08 12:52:30,11,1,150.0,1
4613019121,2025-01-08 01:00:00,195,2025-01-08 12:59:16,2025-01-08 12:59:41,25,1,100.0,1
4613031972,2025-01-08 01:00:00,195,2025-01-08 13:05:29,2025-01-08 13:07:30,201,8,412.4,7
4612964162,2025-01-08 01:00:00,195,2025-01-08 11:56:16,2025-01-08 11:56:24,8,2,270.0,1
4613103483,2025-01-08 01:00:00,195,2025-01-08 14:12:13,2025-01-08 14:17:25,512,2,84.7,2
4613083446,2025-01-08 01:00:00,195,2025-01-08 13:53:57,2025-01-08 13:56:37,280,3,104.6,3
4612792434,2025-01-08 01:00:00,195,2025-01-08 08:38:43,2025-01-08 08:39:42,99,5,62.5,5
4613050159,2025-01-08 01:00:00,195,2025-01-08 13:21:17,2025-01-08 13:21:39,22,1,42.9,1
4612920385,2025-01-08 01:00:00,195,2025-01-08 11:16:45,2025-01-08 11:17:06,61,2,36.0,2
4613103578,2025-01-08 01:00:00,195,2025-01-08 14:06:46,2025-01-08 14:06:51,5,1,22.0,1
4612903108,2025-01-08 01:00:00,195,2025-01-08 10:48:34,2025-01-08 10:49:32,98,12,2005.5,5
4613050180,2025-01-08 01:00:00,195,2025-01-08 13:19:46,2025-01-08 13:21:19,173,2,26.9,2
4612887327,2025-01-08 01:00:00,195,2025-01-08 10:34:29,2025-01-08 10:35:25,96,15,880.4,9
4613155400,2025-01-08 01:00:00,195,2025-01-08 14:59:45,2025-01-08 15:01:32,4187,7,403.4,4
4612946342,2025-01-08 01:00:00,195,2025-01-08 11:32:39,2025-01-08 11:36:34,395,12,673.4,12
4613083410,2025-01-08 01:00:00,195,2025-01-08 14:00:19,2025-01-08 14:02:03,184,34,1642.6,22
4612946356,2025-01-08 01:00:00,195,2025-01-08 11:39:56,2025-01-08 11:40:29,73,3,69.0,3
4613132885,2025-01-08 01:00:00,195,2025-01-08 14:25:59,2025-01-08 14:26:20,61,3,135.7,3
4613006737,2025-01-08 01:00:00,195,2025-01-08 12:34:00,2025-01-08 12:34:36,36,8,379.0,7
4613103505,2025-01-08 01:00:00,195,2025-01-08 14:08:39,2025-01-08 14:13:58,519,1,19.9,1
4613006707,2025-01-08 01:00:00,195,2025-01-08 12:38:41,2025-01-08 12:41:28,287,14,2459.8,7
4613229404,2025-01-08 01:00:00,195,2025-01-08 15:56:55,2025-01-08 15:58:06,151,24,763.9,20
4613006717,2025-01-08 01:00:00,195,2025-01-08 12:32:11,2025-01-08 12:35:01,290,9,332.0,8
4612809478,2025-01-08 01:00:00,195,2025-01-08 08:51:37,2025-01-08 08:59:40,803,6,198.0,6
4613050170,2025-01-08 01:00:00,195,2025-01-08 13:21:55,2025-01-08 13:23:07,152,1,26.9,1
4613203771,2025-01-08 01:00:00,195,2025-01-08 15:30:29,2025-01-08 15:30:58,29,3,528.8,3
4613103550,2025-01-08 01:00:00,195,2025-01-08 14:19:19,2025-01-08 14:19:37,18,8,280.0,5
4612809469,2025-01-08 01:00:00,195,2025-01-08 08:48:54,2025-01-08 08:59:46,1092,6,292.4,5
4613103574,2025-01-08 01:00:00,195,2025-01-08 14:04:23,2025-01-08 14:05:17,94,9,314.96,10
4613254925,2025-01-08 01:00:00,195,2025-01-08 16:08:42,2025-01-08 16:09:06,64,4,102.0,4
4612809488,2025-01-08 01:00:00,195,2025-01-08 09:02:23,2025-01-08 09:02:55,32,6,209.0,4
4612855773,2025-01-08 01:00:00,195,2025-01-08 09:54:19,2025-01-08 09:58:34,415,2,53.8,2
4612871126,2025-01-08 01:00:00,195,2025-01-08 10:08:52,2025-01-08 10:12:14,362,66,3615.0,56
4613229403,2025-01-08 01:00:00,195,2025-01-08 15:54:07,2025-01-08 15:54:42,35,9,255.9,8
4613032047,2025-01-08 01:00:00,195,2025-01-08 13:13:26,2025-01-08 13:13:39,13,1,158.0,1
4612825000,2025-01-08 01:00:00,195,2025-01-08 09:22:35,2025-01-08 09:23:28,93,2,31.3,2
4613083467,2025-01-08 01:00:00,195,2025-01-08 13:56:05,2025-01-08 13:57:04,99,2,44.8,2
4613229424,2025-01-08 01:00:00,195,2025-01-08 15:51:17,2025-01-08 15:51:29,12,4,144.0,3
4613070737,2025-01-08 01:00:00,195,2025-01-08 13:35:41,2025-01-08 13:36:05,64,3,91.7,3
4612887302,2025-01-08 01:00:00,195,2025-01-08 10:30:32,2025-01-08 10:34:23,391,3,135.6,2
4613070829,2025-01-08 01:00:00,195,2025-01-08 13:33:26,2025-01-08 13:34:09,83,6,340.0,5
4613363063,2025-01-08 01:00:00,195,2025-01-08 17:33:43,2025-01-08 17:34:06,63,1,30.0,1
4612809463,2025-01-08 01:00:00,195,2025-01-08 08:46:40,2025-01-08 08:51:27,487,2,188.8,2
4613019144,2025-01-08 01:00:00,195,2025-01-08 12:58:26,2025-01-08 12:58:49,23,1,19.9,1
4612887300,2025-01-08 01:00:00,195,2025-01-08 10:27:43,2025-01-08 10:30:24,281,2,194.8,2
4613404450,2025-01-08 01:00:00,195,2025-01-08 18:13:52,2025-01-08 18:15:07,155,30,1136.0,30
4613006784,2025-01-08 01:00:00,195,2025-01-08 12:31:25,2025-01-08 12:33:08,183,2,47.8,2
4613032040,2025-01-08 01:00:00,195,2025-01-08 13:05:25,2025-01-08 13:05:33,8,2,316.0,1
4613031962,2025-01-08 01:00:00,195,2025-01-08 13:13:17,2025-01-08 13:14:13,96,4,86.7,4
4613254956,2025-01-08 01:00:00,195,2025-01-08 16:15:48,2025-01-08 16:16:15,67,5,362.0,4
4613083390,2025-01-08 01:00:00,195,2025-01-08 14:02:49,2025-01-08 14:04:14,165,10,620.7,8
4613103513,2025-01-08 01:00:00,195,2025-01-08 14:07:59,2025-01-08 14:19:28,1169,35,1523.4,35
4613103546,2025-01-08 01:00:00,195,2025-01-08 14:16:36,2025-01-08 14:17:14,78,14,700.0,14
4613281233,2025-01-08 01:00:00,195,2025-01-08 16:40:44,2025-01-08 16:40:50,6,1,43.0,1
4613166951,2025-01-08 01:00:00,195,2025-01-08 15:13:11,2025-01-08 15:17:37,426,21,1230.45,21
4613070743,2025-01-08 01:00:00,195,2025-01-08 13:41:17,2025-01-08 13:41:43,26,2,101.8,2
4612903112,2025-01-08 01:00:00,195,2025-01-08 10:56:03,2025-01-08 10:56:15,12,1,28.0,1
4613389824,2025-01-08 01:00:00,195,2025-01-08 18:04:40,2025-01-08 18:06:20,180,4,103.4,5
4612887306,2025-01-08 01:00:00,195,2025-01-08 10:26:32,2025-01-08 10:30:14,382,21,744.1,17
4613070824,2025-01-08 01:00:00,195,2025-01-08 13:32:12,2025-01-08 13:33:21,109,21,789.6,17
4612985440,2025-01-08 01:00:00,195,2025-01-08 12:22:57,2025-01-08 12:25:02,245,15,555.2,14
4613363085,2025-01-08 01:00:00,195,2025-01-08 17:31:15,2025-01-08 17:32:00,85,13,1018.7,10
4613050156,2025-01-08 01:00:00,195,2025-01-08 13:30:33,2025-01-08 13:31:24,91,2,21.8,2
4612792378,2025-01-08 01:00:00,195,2025-01-08 08:28:38,2025-01-08 08:29:57,119,2,54.8,2
4613032009,2025-01-08 01:00:00,195,2025-01-08 13:03:52,2025-01-08 13:04:32,80,15,3547.0,15
4613431420,2025-01-08 01:00:00,195,2025-01-08 18:32:47,2025-01-08 18:33:14,67,9,160.5,7
4613083507,2025-01-08 01:00:00,195,2025-01-08 13:58:33,2025-01-08 13:59:56,123,33,1241.0,22
4612792397,2025-01-08 01:00:00,195,2025-01-08 08:41:03,2025-01-08 08:44:32,329,1,19.8,1
4613083498,2025-01-08 01:00:00,195,2025-01-08 13:55:25,2025-01-08 13:56:46,121,12,439.6,11
4613166938,2025-01-08 01:00:00,195,2025-01-08 14:54:00,2025-01-08 15:08:02,5402,2,57.8,2
4613103466,2025-01-08 01:00:00,195,2025-01-08 14:07:33,2025-01-08 14:08:32,99,2,193.8,2
4612903147,2025-01-08 01:00:00,195,2025-01-08 11:00:37,2025-01-08 11:03:21,284,1,47.8,1
4612920351,2025-01-08 01:00:00,195,2025-01-08 11:21:43,2025-01-08 11:26:23,480,2,83.7,2
4613132933,2025-01-08 01:00:00,195,2025-01-08 14:26:53,2025-01-08 14:28:03,150,15,1704.0,8
4613019225,2025-01-08 01:00:00,195,2025-01-08 12:57:02,2025-01-08 12:58:27,125,22,1350.9,22
4612985450,2025-01-08 01:00:00,195,2025-01-08 12:21:08,2025-01-08 12:21:26,18,1,4.9,1
4613050132,2025-01-08 01:00:00,195,2025-01-08 13:21:50,2025-01-08 13:22:21,71,2,498.0,1
4613254914,2025-01-08 01:00:00,195,2025-01-08 16:04:04,2025-01-08 16:08:46,442,17,568.9,10
4613032039,2025-01-08 01:00:00,195,2025-01-08 13:11:27,2025-01-08 13:11:46,19,11,284.0,5
4612946348,2025-01-08 01:00:00,195,2025-01-08 11:42:14,2025-01-08 11:44:35,221,4,429.2,4
4613019206,2025-01-08 01:00:00,195,2025-01-08 12:58:56,2025-01-08 13:00:25,4169,3,20.7,3
4613307734,2025-01-08 01:00:00,195,2025-01-08 16:53:59,2025-01-08 16:54:39,80,17,532.0,10
4613083501,2025-01-08 01:00:00,195,2025-01-08 13:51:02,2025-01-08 13:52:32,130,36,2180.0,25
4612964143,2025-01-08 01:00:00,195,2025-01-08 11:48:10,2025-01-08 11:48:59,49,13,338.1,12
4613083459,2025-01-08 01:00:00,195,2025-01-08 13:56:12,2025-01-08 13:59:46,334,29,1306.6,21
4613307684,2025-01-08 01:00:00,195,2025-01-08 16:59:25,2025-01-08 16:59:59,34,4,67.0,4
4613103459,2025-01-08 01:00:00,195,2025-01-08 14:18:23,2025-01-08 14:20:59,236,3,336.9,3
4613050210,2025-01-08 01:00:00,195,2025-01-08 13:29:40,2025-01-08 13:29:59,19,2,15.7,2
4612871146,2025-01-08 01:00:00,195,2025-01-08 10:13:40,2025-01-08 10:13:52,12,1,15.0,1
4613389926,2025-01-08 01:00:00,195,2025-01-08 17:50:58,2025-01-08 17:51:15,57,1,156.0,1
4612871133,2025-01-08 01:00:00,195,2025-01-08 10:15:51,2025-01-08 10:16:52,101,16,464.0,14
4613083489,2025-01-08 01:00:00,195,2025-01-08 13:53:38,2025-01-08 13:55:00,162,36,2109.4,23
4612985449,2025-01-08 01:00:00,195,2025-01-08 12:22:06,2025-01-08 12:22:56,50,13,754.1,9
4613389842,2025-01-08 01:00:00,195,2025-01-08 18:02:04,2025-01-08 18:02:50,46,7,175.1,5
4613031956,2025-01-08 01:00:00,195,2025-01-08 13:14:43,2025-01-08 13:15:09,66,7,166.2,7
4613070742,2025-01-08 01:00:00,195,2025-01-08 13:41:49,2025-01-08 13:43:33,184,2,113.5,2
4613103523,2025-01-08 01:00:00,195,2025-01-08 14:23:09,2025-01-08 14:23:40,31,2,34.0,2
4613132939,2025-01-08 01:00:00,195,2025-01-08 14:31:07,2025-01-08 14:32:01,94,17,670.4,9
4612855799,2025-01-08 01:00:00,195,2025-01-08 10:00:26,2025-01-08 10:00:43,17,1,147.0,1
4613254969,2025-01-08 01:00:00,195,2025-01-08 16:12:14,2025-01-08 16:13:44,130,34,1493.0,22
4612855801,2025-01-08 01:00:00,195,2025-01-08 09:50:22,2025-01-08 09:54:14,392,1,33.8,1
4613166920,2025-01-08 01:00:00,195,2025-01-08 15:20:50,2025-01-08 15:21:29,79,1,33.0,1
4612946351,2025-01-08 01:00:00,195,2025-01-08 11:25:35,2025-01-08 11:39:29,1394,40,2149.0,40
4613229345,2025-01-08 01:00:00,195,2025-01-08 15:47:08,2025-01-08 15:48:42,134,12,326.8,8
4613019214,2025-01-08 01:00:00,195,2025-01-08 13:02:55,2025-01-08 13:03:20,65,11,283.0,8
4613166936,2025-01-08 01:00:00,195,2025-01-08 15:10:25,2025-01-08 15:11:37,112,5,224.0,4
4613031932,2025-01-08 01:00:00,195,2025-01-08 13:19:09,2025-01-08 13:19:24,15,1,28.9,1
4613307712,2025-01-08 01:00:00,195,2025-01-08 16:48:02,2025-01-08 16:48:21,19,4,199.0,3
4613103576,2025-01-08 01:00:00,195,2025-01-08 14:08:00,2025-01-08 14:08:11,11,1,30.0,1
4613255000,2025-01-08 01:00:00,195,2025-01-08 16:10:29,2025-01-08 16:14:50,421,3,51.7,2
4612855770,2025-01-08 01:00:00,195,2025-01-08 10:01:11,2025-01-08 10:04:51,340,4,71.5,4
4613307689,2025-01-08 01:00:00,195,2025-01-08 16:43:13,2025-01-08 16:58:23,1510,3,129.6,3
4612920379,2025-01-08 01:00:00,195,2025-01-08 11:11:18,2025-01-08 11:13:04,186,33,856.3,15
4613229445,2025-01-08 01:00:00,195,2025-01-08 16:02:29,2025-01-08 16:03:26,97,21,592.1,18
4612903096,2025-01-08 01:00:00,195,2025-01-08 10:54:54,2025-01-08 10:56:18,164,2,36.0,2
4613281217,2025-01-08 01:00:00,195,2025-01-08 16:28:58,2025-01-08 16:32:04,346,15,523.3,11
4612985458,2025-01-08 01:00:00,195,2025-01-08 12:23:29,2025-01-08 12:24:12,83,7,396.0,5
4613404404,2025-01-08 01:00:00,195,2025-01-08 18:15:34,2025-01-08 18:16:05,71,13,745.0,9
4613083472,2025-01-08 01:00:00,195,2025-01-08 13:51:51,2025-01-08 13:53:43,192,4,727.8,3
4613363036,2025-01-08 01:00:00,195,2025-01-08 17:37:37,2025-01-08 17:40:24,287,2,147.2,2
4613103464,2025-01-08 01:00:00,195,2025-01-08 14:21:29,2025-01-08 14:21:58,29,1,29.9,1
4613229358,2025-01-08 01:00:00,195,2025-01-08 15:57:10,2025-01-08 15:58:04,94,2,31.8,2
4613103514,2025-01-08 01:00:00,195,2025-01-08 14:09:14,2025-01-08 14:23:52,1438,14,464.71,14
4613166870,2025-01-08 01:00:00,195,2025-01-08 15:22:28,2025-01-08 15:23:08,80,12,503.0,11
4613070848,2025-01-08 01:00:00,195,2025-01-08 13:42:54,2025-01-08 13:43:21,67,9,162.2,8
4613307753,2025-01-08 01:00:00,195,2025-01-08 17:01:44,2025-01-08 17:02:01,57,4,64.0,4
4612792386,2025-01-08 01:00:00,195,2025-01-08 08:40:00,2025-01-08 08:40:52,52,3,71.7,3
4613203753,2025-01-08 01:00:00,195,2025-01-08 15:25:28,2025-01-08 15:31:31,603,2,306.0,2
4612840046,2025-01-08 01:00:00,195,2025-01-08 09:34:24,2025-01-08 09:41:34,710,12,483.8,7
4613431428,2025-01-08 01:00:00,195,2025-01-08 18:31:39,2025-01-08 18:31:45,6,1,157.0,1
4612903150,2025-01-08 01:00:00,195,2025-01-08 10:52:48,2025-01-08 11:00:21,4773,29,787.1,24
4613166973,2025-01-08 01:00:00,195,2025-01-08 15:08:46,2025-01-08 15:09:22,76,8,507.0,6
4613050216,2025-01-08 01:00:00,195,2025-01-08 13:21:35,2025-01-08 13:22:11,76,11,487.5,10
4613404420,2025-01-08 01:00:00,195,2025-01-08 18:21:26,2025-01-08 18:22:22,96,15,532.0,14
4613103567,2025-01-08 01:00:00,195,2025-01-08 14:11:55,2025-01-08 14:12:29,74,7,143.4,6
4613363145,2025-01-08 01:00:00,195,2025-01-08 17:35:21,2025-01-08 17:38:25,304,7,255.1,7
4613050194,2025-01-08 01:00:00,195,2025-01-08 13:25:36,2025-01-08 13:26:16,80,4,148.0,4
4613404431,2025-01-08 01:00:00,195,2025-01-08 18:21:42,2025-01-08 18:22:09,67,1,144.0,1
4612792375,2025-01-08 01:00:00,195,2025-01-08 08:41:07,2025-01-08 08:46:43,536,2,25.8,2
4613404395,2025-01-08 01:00:00,195,2025-01-08 18:22:11,2025-01-08 18:23:39,128,18,898.1,17
4612840050,2025-01-08 01:00:00,195,2025-01-08 09:38:35,2025-01-08 09:40:36,201,4,90.0,4
4613166955,2025-01-08 01:00:00,195,2025-01-08 15:08:21,2025-01-08 15:08:52,31,2,39.8,2
4612840058,2025-01-08 01:00:00,195,2025-01-08 09:29:11,2025-01-08 09:29:26,15,1,46.5,1
4613166890,2025-01-08 01:00:00,195,2025-01-08 15:15:07,2025-01-08 15:18:04,297,8,313.9,7
4612871131,2025-01-08 01:00:00,195,2025-01-08 10:08:22,2025-01-08 10:08:48,26,4,99.8,4
4613254918,2025-01-08 01:00:00,195,2025-01-08 16:03:20,2025-01-08 16:10:41,721,20,531.6,13
4612855791,2025-01-08 01:00:00,195,2025-01-08 09:59:55,2025-01-08 10:00:08,4053,1,89.9,1
4613254982,2025-01-08 01:00:00,195,2025-01-08 16:26:06,2025-01-08 16:26:59,53,15,771.4,9
4612920348,2025-01-08 01:00:00,195,2025-01-08 11:18:02,2025-01-08 11:22:00,398,12,160.8,7
4613229395,2025-01-08 01:00:00,195,2025-01-08 16:03:29,2025-01-08 16:04:11,82,14,476.7,9
4612887336,2025-01-08 01:00:00,195,2025-01-08 10:44:37,2025-01-08 10:44:57,20,4,216.0,3
4613307758,2025-01-08 01:00:00,195,2025-01-08 17:00:44,2025-01-08 17:01:27,83,10,573.0,8
4612946343,2025-01-08 01:00:00,195,2025-01-08 11:36:40,2025-01-08 11:39:56,316,2,99.8,3
4613307736,2025-01-08 01:00:00,195,2025-01-08 16:48:59,2025-01-08 16:49:50,91,7,305.0,7
4613006745,2025-01-08 01:00:00,195,2025-01-08 12:34:56,2025-01-08 12:35:41,85,24,615.0,14
4613431386,2025-01-08 01:00:00,195,2025-01-08 18:26:42,2025-01-08 18:26:58,16,2,90.0,2
4613032044,2025-01-08 01:00:00,195,2025-01-08 13:12:58,2025-01-08 13:13:11,53,2,44.0,2
4613335475,2025-01-08 01:00:00,195,2025-01-08 17:14:31,2025-01-08 17:15:37,106,2,154.8,2
4613019106,2025-01-08 01:00:00,195,2025-01-08 12:52:21,2025-01-08 12:53:23,102,26,1458.0,22
4613254916,2025-01-08 01:00:00,195,2025-01-08 16:10:50,2025-01-08 16:13:32,282,2,41.8,2
4613083453,2025-01-08 01:00:00,195,2025-01-08 13:47:48,2025-01-08 13:49:20,172,2,103.81,3
4613363138,2025-01-08 01:00:00,195,2025-01-08 17:29:52,2025-01-08 17:35:05,553,3,319.7,2
4613203744,2025-01-08 01:00:00,195,2025-01-08 14:53:04,2025-01-08 15:42:13,8909,8,418.94,9
4613281238,2025-01-08 01:00:00,195,2025-01-08 16:40:48,2025-01-08 16:41:09,61,4,98.0,3
4613254973,2025-01-08 01:00:00,195,2025-01-08 16:17:41,2025-01-08 16:18:20,79,7,279.0,8
4613431373,2025-01-08 01:00:00,195,2025-01-08 18:27:19,2025-01-08 18:28:17,98,13,787.1,12
4613389897,2025-01-08 01:00:00,195,2025-01-08 17:57:08,2025-01-08 17:58:34,126,25,820.7,15
4613335515,2025-01-08 01:00:00,195,2025-01-08 17:17:04,2025-01-08 17:18:46,142,14,1038.0,3
4613404507,2025-01-08 01:00:00,195,2025-01-08 18:08:24,2025-01-08 18:09:25,101,26,1103.3,20
4613166965,2025-01-08 01:00:00,195,2025-01-08 15:10:50,2025-01-08 15:11:11,61,3,53.0,2
4613166963,2025-01-08 01:00:00,195,2025-01-08 15:12:24,2025-01-08 15:14:58,234,2,26.8,2
4613335471,2025-01-08 01:00:00,195,2025-01-08 17:20:59,2025-01-08 17:21:34,75,1,4.9,1
4613229391,2025-01-08 01:00:00,195,2025-01-08 16:00:50,2025-01-08 16:01:52,102,26,852.0,14
4613132850,2025-01-08 01:00:00,195,2025-01-08 14:24:17,2025-01-08 14:26:52,235,2,119.8,2
4613229454,2025-01-08 01:00:00,195,2025-01-08 15:51:49,2025-01-08 15:52:04,55,2,270.0,1
4613363068,2025-01-08 01:00:00,195,2025-01-08 17:37:01,2025-01-08 17:42:22,521,1,44.9,1
4613281275,2025-01-08 01:00:00,195,2025-01-08 16:37:36,2025-01-08 16:39:35,199,48,2224.1,42
4613132865,2025-01-08 01:00:00,195,2025-01-08 14:31:27,2025-01-08 14:35:15,388,16,1248.0,14
4613389918,2025-01-08 01:00:00,195,2025-01-08 17:55:34,2025-01-08 17:56:48,114,21,672.8,16
4613363094,2025-01-08 01:00:00,195,2025-01-08 17:29:02,2025-01-08 17:30:10,108,22,865.1,20
4613363074,2025-01-08 01:00:00,195,2025-01-08 17:40:37,2025-01-08 17:41:12,75,2,18.0,2
4613335531,2025-01-08 01:00:00,195,2025-01-08 17:26:41,2025-01-08 17:26:56,15,2,19.8,2
4613431329,2025-01-08 01:00:00,195,2025-01-08 18:39:32,2025-01-08 18:41:15,183,1,115.4,1
4613431394,2025-01-08 01:00:00,195,2025-01-08 18:31:32,2025-01-08 18:32:08,76,16,479.0,8
4613404397,2025-01-08 01:00:00,195,2025-01-08 18:20:29,2025-01-08 18:20:50,21,5,40.0,2
4613389894,2025-01-08 01:00:00,195,2025-01-08 17:49:41,2025-01-08 17:50:43,102,22,954.8,21
4613166953,2025-01-08 01:00:00,195,2025-01-08 15:13:52,2025-01-08 15:14:42,90,1,26.9,1
4613132837,2025-01-08 01:00:00,195,2025-01-08 14:22:10,2025-01-08 14:25:09,299,7,254.3,4
4613203724,2025-01-08 01:00:00,195,2025-01-08 15:40:41,2025-01-08 15:42:27,186,10,179.7,6
4613363078,2025-01-08 01:00:00,195,2025-01-08 17:41:52,2025-01-08 17:46:04,452,25,700.4,18
4613281271,2025-01-08 01:00:00,195,2025-01-08 16:31:07,2025-01-08 16:31:55,48,14,264.5,9
4613229363,2025-01-08 01:00:00,195,2025-01-08 15:58:13,2025-01-08 16:02:25,4412,5,297.4,4
4613132894,2025-01-08 01:00:00,195,2025-01-08 14:28:05,2025-01-08 14:38:46,1041,16,593.5,9
4613363053,2025-01-08 01:00:00,195,2025-01-08 17:41:08,2025-01-08 17:42:27,119,3,103.7,3
4613254990,2025-01-08 01:00:00,195,2025-01-08 16:17:08,2025-01-08 16:17:21,13,1,155.0,1
4613307700,2025-01-08 01:00:00,195,2025-01-08 16:53:31,2025-01-08 16:57:08,377,8,804.5,5
4613307662,2025-01-08 01:00:00,195,2025-01-08 16:49:48,2025-01-08 16:50:57,109,2,97.9,2
4613404452,2025-01-08 01:00:00,195,2025-01-08 18:15:13,2025-01-08 18:17:40,227,5,196.3,5
4613132900,2025-01-08 01:00:00,195,2025-01-08 14:23:59,2025-01-08 14:26:31,272,4,129.7,3
4613307703,2025-01-08 01:00:00,195,2025-01-08 16:51:13,2025-01-08 16:51:40,27,5,143.5,5
4613203766,2025-01-08 01:00:00,195,2025-01-08 15:25:10,2025-01-08 15:27:16,206,17,1342.4,12
4613166894,2025-01-08 01:00:00,195,2025-01-08 15:16:12,2025-01-08 15:17:44,132,13,295.7,7
4613254974,2025-01-08 01:00:00,195,2025-01-08 16:18:41,2025-01-08 16:19:13,72,7,126.3,6
4613363096,2025-01-08 01:00:00,195,2025-01-08 17:37:20,2025-01-08 17:37:36,16,2,62.8,2
4613281197,2025-01-08 01:00:00,195,2025-01-08 16:38:03,2025-01-08 16:41:47,344,11,549.0,7
4613254961,2025-01-08 01:00:00,195,2025-01-08 16:21:16,2025-01-08 16:21:23,7,1,13.0,1
4613389833,2025-01-08 01:00:00,195,2025-01-08 18:05:18,2025-01-08 18:06:43,125,26,822.0,24
4613431438,2025-01-08 01:00:00,195,2025-01-08 18:41:40,2025-01-08 18:41:44,4,0,-50.0,1
4613203770,2025-01-08 01:00:00,195,2025-01-08 15:28:27,2025-01-08 15:29:32,105,26,621.0,18
4613335497,2025-01-08 01:00:00,195,2025-01-08 17:13:57,2025-01-08 17:15:19,162,8,133.0,5
4613203732,2025-01-08 01:00:00,195,2025-01-08 15:21:19,2025-01-08 15:28:08,689,4,187.4,4
4613431324,2025-01-08 01:00:00,195,2025-01-08 18:24:22,2025-01-08 18:27:16,294,7,230.0,7
4613203715,2025-01-08 01:00:00,195,2025-01-08 15:31:01,2025-01-08 15:39:17,816,34,1043.8,28
4613363087,2025-01-08 01:00:00,195,2025-01-08 17:41:56,2025-01-08 17:44:05,249,55,2272.6,42
4613254922,2025-01-08 01:00:00,195,2025-01-08 16:00:18,2025-01-08 16:16:25,1607,6,266.6,6
4613431345,2025-01-08 01:00:00,195,2025-01-08 18:34:27,2025-01-08 18:35:32,105,2,44.8,2
4613229415,2025-01-08 01:00:00,195,2025-01-08 16:01:40,2025-01-08 16:02:05,65,4,96.4,4
4613166887,2025-01-08 01:00:00,195,2025-01-08 15:19:45,2025-01-08 15:19:49,4,0,-60.0,1
4613307724,2025-01-08 01:00:00,195,2025-01-08 16:55:58,2025-01-08 16:56:43,85,10,450.0,6
4613404495,2025-01-08 01:00:00,195,2025-01-08 18:08:44,2025-01-08 18:09:37,93,8,95.9,5
4613307671,2025-01-08 01:00:00,195,2025-01-08 16:46:13,2025-01-08 16:49:11,298,15,782.0,11
4613166898,2025-01-08 01:00:00,195,2025-01-08 15:21:31,2025-01-08 15:25:59,428,14,534.6,11
4613307740,2025-01-08 01:00:00,195,2025-01-08 16:49:55,2025-01-08 16:50:47,92,8,1398.1,6
4613389827,2025-01-08 01:00:00,195,2025-01-08 18:07:07,2025-01-08 18:07:41,34,3,158.7,2
4613335462,2025-01-08 01:00:00,195,2025-01-08 17:05:38,2025-01-08 17:09:33,395,14,1097.0,12
4613166912,2025-01-08 01:00:00,195,2025-01-08 15:23:27,2025-01-08 15:23:58,31,1,9.9,1
4613281187,2025-01-08 01:00:00,195,2025-01-08 16:33:00,2025-01-08 16:33:04,4,1,19.0,1
4613363086,2025-01-08 01:00:00,195,2025-01-08 17:32:59,2025-01-08 17:34:31,172,32,1012.0,23
4613363058,2025-01-08 01:00:00,195,2025-01-08 17:46:35,2025-01-08 17:47:30,95,5,336.5,3
4613166913,2025-01-08 01:00:00,195,2025-01-08 15:15:05,2025-01-08 15:17:47,242,10,642.3,10
4613363131,2025-01-08 01:00:00,195,2025-01-08 17:32:22,2025-01-08 17:32:27,5,0,100.0,1
4613431323,2025-01-08 01:00:00,195,2025-01-08 18:26:54,2025-01-08 18:27:55,101,3,46.6,3
4613431430,2025-01-08 01:00:00,195,2025-01-08 18:30:13,2025-01-08 18:30:27,14,1,158.0,1
4613132838,2025-01-08 01:00:00,195,2025-01-08 14:28:29,2025-01-08 14:44:04,1575,24,759.9,19
4613132928,2025-01-08 01:00:00,195,2025-01-08 14:46:48,2025-01-08 14:47:25,77,11,1326.0,9
4613404401,2025-01-08 01:00:00,195,2025-01-08 18:12:58,2025-01-08 18:13:22,64,7,461.0,4
4613203773,2025-01-08 01:00:00,195,2025-01-08 15:29:46,2025-01-08 15:30:12,66,11,235.0,11
4613203717,2025-01-08 01:00:00,195,2025-01-08 15:44:15,2025-01-08 15:46:39,224,3,797.6,2
4613229419,2025-01-08 01:00:00,195,2025-01-08 16:03:17,2025-01-08 16:03:52,35,12,193.9,12
4613155459,2025-01-08 01:00:00,195,2025-01-08 14:48:06,2025-01-08 14:50:01,195,39,1305.0,28
4613229349,2025-01-08 01:00:00,195,2025-01-08 15:51:05,2025-01-08 15:57:01,596,22,1422.8,22
4613229429,2025-01-08 01:00:00,195,2025-01-08 15:49:48,2025-01-08 15:49:52,4,1,110.0,1
4613307768,2025-01-08 01:00:00,195,2025-01-08 17:04:05,2025-01-08 17:04:18,13,2,270.0,1
4613166871,2025-01-08 01:00:00,195,2025-01-08 15:20:19,2025-01-08 15:20:55,36,8,455.0,8
4613307693,2025-01-08 01:00:00,195,2025-01-08 17:05:05,2025-01-08 17:06:24,119,3,63.7,3
4613307696,2025-01-08 01:00:00,195,2025-01-08 16:46:18,2025-01-08 16:47:52,134,4,238.0,4
4613281199,2025-01-08 01:00:00,195,2025-01-08 16:39:38,2025-01-08 16:40:41,103,20,524.9,13
4613166904,2025-01-08 01:00:00,195,2025-01-08 15:19:12,2025-01-08 15:19:38,26,2,333.9,2
4613335470,2025-01-08 01:00:00,195,2025-01-08 17:04:27,2025-01-08 17:12:09,782,1,4.9,1
4613307727,2025-01-08 01:00:00,195,2025-01-08 17:02:05,2025-01-08 17:03:51,146,29,2155.1,22
4613389881,2025-01-08 01:00:00,195,2025-01-08 17:58:53,2025-01-08 18:01:39,4286,47,2621.2,48
4613229360,2025-01-08 01:00:00,195,2025-01-08 15:49:08,2025-01-08 15:50:42,134,1,23.0,1
4613431405,2025-01-08 01:00:00,195,2025-01-08 18:43:33,2025-01-08 18:44:23,90,3,113.0,3
4613281211,2025-01-08 01:00:00,195,2025-01-08 16:33:57,2025-01-08 16:34:41,84,2,69.8,2
4613431347,2025-01-08 01:00:00,195,2025-01-08 18:39:43,2025-01-08 18:44:09,466,15,618.6,15
4613203711,2025-01-08 01:00:00,195,2025-01-08 15:20:18,2025-01-08 15:29:59,941,18,1013.1,14
4613132858,2025-01-08 01:00:00,195,2025-01-08 14:25:44,2025-01-08 14:26:44,100,5,191.5,4
4613363089,2025-01-08 01:00:00,195,2025-01-08 17:39:41,2025-01-08 17:40:33,92,19,678.0,16
4613229369,2025-01-08 01:00:00,195,2025-01-08 15:56:02,2025-01-08 15:58:17,215,1,49.8,1
4613229397,2025-01-08 01:00:00,195,2025-01-08 16:04:21,2025-01-08 16:06:14,193,1,43.0,1
4613203749,2025-01-08 01:00:00,195,2025-01-08 15:35:43,2025-01-08 15:39:52,409,31,1580.4,31
4613363076,2025-01-08 01:00:00,195,2025-01-08 17:37:58,2025-01-08 17:41:25,367,5,75.7,4
4613307705,2025-01-08 01:00:00,195,2025-01-08 16:49:59,2025-01-08 16:50:12,53,3,77.0,3
4613229352,2025-01-08 01:00:00,195,2025-01-08 16:03:43,2025-01-08 16:07:20,377,7,437.8,6
4613431402,2025-01-08 01:00:00,195,2025-01-08 18:42:13,2025-01-08 18:42:27,14,1,59.9,1
4613155402,2025-01-08 01:00:00,195,2025-01-08 15:05:08,2025-01-08 15:06:26,118,1,7.0,1
4613404451,2025-01-08 01:00:00,195,2025-01-08 18:20:42,2025-01-08 18:21:18,76,2,139.8,1
4613335528,2025-01-08 01:00:00,195,2025-01-08 17:20:57,2025-01-08 17:21:30,73,9,461.0,8
4613404505,2025-01-08 01:00:00,195,2025-01-08 18:10:19,2025-01-08 18:10:51,32,8,163.0,8
4613166933,2025-01-08 01:00:00,195,2025-01-08 15:09:44,2025-01-08 15:10:15,71,1,31.5,1
4613229446,2025-01-08 01:00:00,195,2025-01-08 16:04:01,2025-01-08 16:04:23,22,5,338.0,4
4613363120,2025-01-08 01:00:00,195,2025-01-08 17:36:17,2025-01-08 17:36:39,22,7,380.0,5
4613203712,2025-01-08 01:00:00,195,2025-01-08 15:38:49,2025-01-08 15:42:29,380,23,782.7,21
4613203801,2025-01-08 01:00:00,195,2025-01-08 15:41:13,2025-01-08 15:41:35,22,9,197.0,7
4613254931,2025-01-08 01:00:00,195,2025-01-08 16:10:03,2025-01-08 16:15:22,519,2,124.8,2
4613404457,2025-01-08 01:00:00,195,2025-01-08 18:21:05,2025-01-08 18:23:06,201,6,262.61,7
4613307749,2025-01-08 01:00:00,195,2025-01-08 16:46:53,2025-01-08 16:49:10,257,50,2566.6,47
4613166934,2025-01-08 01:00:00,195,2025-01-08 15:05:07,2025-01-08 15:07:49,242,10,689.3,8
4613389904,2025-01-08 01:00:00,195,2025-01-08 17:50:46,2025-01-08 17:51:47,101,17,666.06,16
4613132918,2025-01-08 01:00:00,195,2025-01-08 14:34:00,2025-01-08 14:35:29,129,21,712.8,19
4613389936,2025-01-08 01:00:00,195,2025-01-08 17:48:40,2025-01-08 17:50:32,192,7,171.3,4
4613229453,2025-01-08 01:00:00,195,2025-01-08 15:47:23,2025-01-08 15:47:46,23,1,27.0,1
4613431412,2025-01-08 01:00:00,195,2025-01-08 18:31:45,2025-01-08 18:32:04,59,5,29.0,2
4613203796,2025-01-08 01:00:00,195,2025-01-08 15:30:11,2025-01-08 15:31:14,103,14,797.8,12
4613404494,2025-01-08 01:00:00,195,2025-01-08 18:10:25,2025-01-08 18:14:11,386,7,233.7,7
4613307660,2025-01-08 01:00:00,195,2025-01-08 16:57:37,2025-01-08 16:59:07,170,4,163.6,4
4613203775,2025-01-08 01:00:00,195,2025-01-08 15:37:46,2025-01-08 15:38:02,56,1,89.9,1
4613307691,2025-01-08 01:00:00,195,2025-01-08 17:01:36,2025-01-08 17:02:55,119,10,316.7,10
4613166914,2025-01-08 01:00:00,195,2025-01-08 15:17:51,2025-01-08 15:19:06,155,19,973.1,16
4613281205,2025-01-08 01:00:00,195,2025-01-08 16:24:56,2025-01-08 16:28:28,372,2,34.6,2
4613203734,2025-01-08 01:00:00,195,2025-01-08 15:39:02,2025-01-08 15:41:32,230,17,988.9,17
4613389910,2025-01-08 01:00:00,195,2025-01-08 17:59:42,2025-01-08 18:00:00,4058,8,85.0,6
4613203790,2025-01-08 01:00:00,195,2025-01-08 15:38:20,2025-01-08 15:38:29,9,3,290.0,2
4613363105,2025-01-08 01:00:00,195,2025-01-08 17:39:15,2025-01-08 17:41:53,238,60,2345.0,53
4613254951,2025-01-08 01:00:00,195,2025-01-08 16:13:51,2025-01-08 16:14:51,100,12,303.0,12
4613431418,2025-01-08 01:00:00,195,2025-01-08 18:34:05,2025-01-08 18:34:22,17,2,42.0,2
4613281218,2025-01-08 01:00:00,195,2025-01-08 16:24:33,2025-01-08 16:28:36,403,4,62.5,2
4613363141,2025-01-08 01:00:00,195,2025-01-08 17:38:33,2025-01-08 17:41:42,309,5,239.5,2
4613335487,2025-01-08 01:00:00,195,2025-01-08 17:26:43,2025-01-08 17:27:28,85,4,161.5,4
4613132905,2025-01-08 01:00:00,195,2025-01-08 14:25:02,2025-01-08 14:26:04,102,14,264.8,11
4613132932,2025-01-08 01:00:00,195,2025-01-08 14:24:58,2025-01-08 14:25:31,73,4,136.0,4
4613431411,2025-01-08 01:00:00,195,2025-01-08 18:30:29,2025-01-08 18:31:34,105,25,984.6,15
4613166939,2025-01-08 01:00:00,195,2025-01-08 15:07:53,2025-01-08 15:09:37,184,6,208.8,6
4613166954,2025-01-08 01:00:00,195,2025-01-08 14:54:48,2025-01-08 15:19:00,6452,2,37.8,1
4613307651,2025-01-08 01:00:00,195,2025-01-08 16:49:22,2025-01-08 16:52:20,298,10,397.9,10
4613431341,2025-01-08 01:00:00,195,2025-01-08 18:27:08,2025-01-08 18:29:46,238,7,290.3,5
4613335543,2025-01-08 01:00:00,195,2025-01-08 17:22:22,2025-01-08 17:23:08,86,10,492.0,9
4613229385,2025-01-08 01:00:00,195,2025-01-08 15:58:14,2025-01-08 16:01:57,4343,2,85.0,2
4613389921,2025-01-08 01:00:00,195,2025-01-08 17:57:18,2025-01-08 17:58:30,112,12,712.0,10
4613404488,2025-01-08 01:00:00,195,2025-01-08 18:07:21,2025-01-08 18:09:17,196,8,598.4,8
4613166903,2025-01-08 01:00:00,195,2025-01-08 15:22:25,2025-01-08 15:23:51,126,3,149.7,2
4613281186,2025-01-08 01:00:00,195,2025-01-08 16:33:55,2025-01-08 16:37:07,352,1,109.0,1
4613281243,2025-01-08 01:00:00,195,2025-01-08 16:43:54,2025-01-08 16:45:18,164,27,1059.2,23
4613155414,2025-01-08 01:00:00,195,2025-01-08 15:03:27,2025-01-08 15:03:44,17,4,19.6,1
4613335483,2025-01-08 01:00:00,195,2025-01-08 17:15:09,2025-01-08 17:21:07,598,3,86.5,3
4613335551,2025-01-08 01:00:00,195,2025-01-08 17:21:16,2025-01-08 17:21:18,2,1,-160.0,1
4613389867,2025-01-08 01:00:00,195,2025-01-08 17:48:45,2025-01-08 17:52:10,365,22,990.0,19
4613203772,2025-01-08 01:00:00,195,2025-01-08 15:36:52,2025-01-08 15:36:58,6,1,50.0,1
4613363035,2025-01-08 01:00:00,195,2025-01-08 17:29:01,2025-01-08 17:30:45,144,1,34.9,1
4613389820,2025-01-08 01:00:00,195,2025-01-08 18:02:37,2025-01-08 18:04:00,163,3,269.7,3
4613404492,2025-01-08 01:00:00,195,2025-01-08 18:09:51,2025-01-08 18:10:13,62,1,169.0,1
4613166921,2025-01-08 01:00:00,195,2025-01-08 15:16:33,2025-01-08 15:17:32,99,18,592.0,10
4613404428,2025-01-08 01:00:00,195,2025-01-08 18:19:46,2025-01-08 18:20:15,69,6,413.0,5
4613132857,2025-01-08 01:00:00,195,2025-01-08 14:37:52,2025-01-08 14:40:09,257,2,89.8,1
4613307766,2025-01-08 01:00:00,195,2025-01-08 16:55:53,2025-01-08 16:56:02,49,1,-60.0,1
4613166982,2025-01-08 01:00:00,195,2025-01-08 15:10:28,2025-01-08 15:11:21,93,12,535.3,10
4613281253,2025-01-08 01:00:00,195,2025-01-08 16:42:00,2025-01-08 16:42:04,4,0,400.0,1
4613307760,2025-01-08 01:00:00,195,2025-01-08 17:06:28,2025-01-08 17:07:09,81,11,538.0,9
4613404482,2025-01-08 01:00:00,195,2025-01-08 18:13:47,2025-01-08 18:16:24,277,5,327.6,2
4613281172,2025-01-08 01:00:00,195,2025-01-08 16:39:13,2025-01-08 16:41:20,207,7,254.3,2
4613404435,2025-01-08 01:00:00,195,2025-01-08 18:18:15,2025-01-08 18:18:22,7,1,147.0,1
4613363031,2025-01-08 01:00:00,195,2025-01-08 17:41:36,2025-01-08 17:42:36,100,2,35.6,2
4613155460,2025-01-08 01:00:00,195,2025-01-08 14:52:44,2025-01-08 14:54:43,199,24,1625.8,23
4613363069,2025-01-08 01:00:00,195,2025-01-08 17:29:01,2025-01-08 17:36:55,754,12,840.5,12
4613155458,2025-01-08 01:00:00,195,2025-01-08 14:51:20,2025-01-08 14:53:16,196,44,2793.5,34
4613132941,2025-01-08 01:00:00,195,2025-01-08 14:32:52,2025-01-08 14:33:53,101,11,794.9,6
4613155425,2025-01-08 01:00:00,195,2025-01-08 14:59:44,2025-01-08 15:00:39,4095,15,592.0,13
4613166899,2025-01-08 01:00:00,195,2025-01-08 15:14:50,2025-01-08 15:19:10,460,16,695.3,13
4613132892,2025-01-08 01:00:00,195,2025-01-08 14:39:20,2025-01-08 14:40:07,87,1,32.9,1
4613281260,2025-01-08 01:00:00,195,2025-01-08 16:31:58,2025-01-08 16:35:31,373,23,889.9,22
4613229432,2025-01-08 01:00:00,195,2025-01-08 15:54:33,2025-01-08 15:55:20,87,11,542.5,10
4613229413,2025-01-08 01:00:00,195,2025-01-08 16:03:56,2025-01-08 16:04:30,74,11,304.1,8
4613281223,2025-01-08 01:00:00,195,2025-01-08 16:34:05,2025-01-08 16:40:27,622,7,321.2,7
4613307718,2025-01-08 01:00:00,195,2025-01-08 17:03:56,2025-01-08 17:05:41,185,28,986.4,25
4613307655,2025-01-08 01:00:00,195,2025-01-08 16:53:28,2025-01-08 16:57:30,402,1,26.9,1
4613389844,2025-01-08 01:00:00,195,2025-01-08 18:03:00,2025-01-08 18:03:37,37,7,253.3,6
4613307732,2025-01-08 01:00:00,195,2025-01-08 16:52:37,2025-01-08 16:54:00,163,26,958.1,18
4613404410,2025-01-08 01:00:00,195,2025-01-08 18:22:09,2025-01-08 18:23:30,121,23,808.0,18
4613363038,2025-01-08 01:00:00,195,2025-01-08 17:27:41,2025-01-08 17:27:56,15,1,29.9,1
4613155407,2025-01-08 01:00:00,195,2025-01-08 15:00:43,2025-01-08 15:04:15,372,12,408.3,11
4613363051,2025-01-08 01:00:00,195,2025-01-08 17:25:51,2025-01-08 17:29:10,359,3,176.5,3
4613132921,2025-01-08 01:00:00,195,2025-01-08 14:38:49,2025-01-08 14:39:04,55,1,59.9,1
4613363071,2025-01-08 01:00:00,195,2025-01-08 17:37:53,2025-01-08 17:40:31,278,1,29.9,1
4613132839,2025-01-08 01:00:00,195,2025-01-08 14:31:45,2025-01-08 14:34:07,262,4,189.6,4
4613404422,2025-01-08 01:00:00,195,2025-01-08 18:19:11,2025-01-08 18:19:37,26,5,112.0,5
4613307723,2025-01-08 01:00:00,195,2025-01-08 16:46:46,2025-01-08 16:48:06,160,24,914.0,19
4613498084,2025-01-08 01:00:00,195,2025-01-08 19:45:13,2025-01-08 19:45:37,24,1,234.0,1
4613335516,2025-01-08 01:00:00,195,2025-01-08 17:14:44,2025-01-08 17:16:42,198,19,1164.0,7
4613515264,2025-01-08 01:00:00,195,2025-01-08 19:53:51,2025-01-08 19:54:05,54,3,58.0,3
4613404409,2025-01-08 01:00:00,195,2025-01-08 18:18:10,2025-01-08 18:20:33,223,39,2594.7,26
4613575231,2025-01-08 01:00:00,195,2025-01-08 21:30:45,2025-01-08 21:32:59,214,6,431.5,6
4612777444,2025-01-08 01:00:00,195,2025-01-08 08:08:00,2025-01-08 08:13:12,512,3,98.9,3
4613585518,2025-01-08 01:00:00,195,2025-01-08 22:03:04,2025-01-08 22:23:22,2018,2,599.4,2
4612887309,2025-01-08 01:00:00,195,2025-01-08 10:23:21,2025-01-08 10:30:28,707,9,155.5,7
4613457249,2025-01-08 01:00:00,195,2025-01-08 18:43:32,2025-01-08 18:47:52,420,25,679.7,20
4613031943,2025-01-08 01:00:00,195,2025-01-08 13:14:35,2025-01-08 13:15:42,107,18,380.59,15
4613504515,2025-01-08 01:00:00,195,2025-01-08 19:31:54,2025-01-08 19:33:23,169,4,107.2,3
4613031977,2025-01-08 01:00:00,195,2025-01-08 13:11:33,2025-01-08 13:13:04,171,2,40.3,2
4613480480,2025-01-08 01:00:00,195,2025-01-08 19:10:05,2025-01-08 19:13:01,296,2,142.5,2
4613019235,2025-01-08 01:00:00,195,2025-01-08 13:02:38,2025-01-08 13:03:40,102,19,1167.6,17
4613480547,2025-01-08 01:00:00,195,2025-01-08 19:23:31,2025-01-08 19:23:37,6,3,63.0,3
4613103472,2025-01-08 01:00:00,195,2025-01-08 14:16:32,2025-01-08 14:17:45,113,2,29.8,2
4613575230,2025-01-08 01:00:00,195,2025-01-08 21:31:02,2025-01-08 21:37:16,614,9,594.2,7
4613103503,2025-01-08 01:00:00,195,2025-01-08 14:04:57,2025-01-08 14:05:23,66,1,15.6,1
4613575270,2025-01-08 01:00:00,195,2025-01-08 21:40:07,2025-01-08 21:42:36,229,39,3586.3,22
4613070802,2025-01-08 01:00:00,195,2025-01-08 13:45:13,2025-01-08 13:45:52,39,3,66.1,3
4613457341,2025-01-08 01:00:00,195,2025-01-08 19:01:46,2025-01-08 19:03:57,211,43,1507.6,37
4612792376,2025-01-08 01:00:00,195,2025-01-08 08:36:00,2025-01-08 08:40:54,454,2,64.6,2
4613532361,2025-01-08 01:00:00,195,2025-01-08 20:12:47,2025-01-08 20:15:04,257,44,2026.9,41
4612855775,2025-01-08 01:00:00,195,2025-01-08 09:56:28,2025-01-08 10:06:55,5027,10,479.1,10
4613575251,2025-01-08 01:00:00,195,2025-01-08 21:32:42,2025-01-08 21:41:45,903,13,531.7,13
4612920380,2025-01-08 01:00:00,195,2025-01-08 11:16:20,2025-01-08 11:16:35,15,2,58.0,2
4613480512,2025-01-08 01:00:00,195,2025-01-08 19:12:07,2025-01-08 19:14:56,249,85,2425.3,61
4612985488,2025-01-08 01:00:00,195,2025-01-08 12:16:38,2025-01-08 12:17:52,114,7,216.3,6
4613480515,2025-01-08 01:00:00,195,2025-01-08 19:25:01,2025-01-08 19:25:07,6,2,38.0,2
4613050173,2025-01-08 01:00:00,195,2025-01-08 13:29:17,2025-01-08 13:30:19,102,3,48.7,2
4613515271,2025-01-08 01:00:00,195,2025-01-08 19:53:27,2025-01-08 19:53:48,21,4,87.6,4
4613032032,2025-01-08 01:00:00,195,2025-01-08 13:03:45,2025-01-08 13:05:52,207,53,2483.02,37
4613558276,2025-01-08 01:00:00,195,2025-01-08 20:59:31,2025-01-08 21:00:25,4094,14,228.4,12
4613032017,2025-01-08 01:00:00,195,2025-01-08 13:08:35,2025-01-08 13:09:43,108,29,1883.4,15
4613545907,2025-01-08 01:00:00,195,2025-01-08 20:32:01,2025-01-08 20:34:21,220,14,531.1,14
4613083416,2025-01-08 01:00:00,195,2025-01-08 14:00:40,2025-01-08 14:00:58,18,5,180.1,5
4613545939,2025-01-08 01:00:00,195,2025-01-08 20:27:19,2025-01-08 20:30:57,338,7,332.8,7
4613083491,2025-01-08 01:00:00,195,2025-01-08 13:58:50,2025-01-08 13:59:46,96,12,1128.56,12
4613581554,2025-01-08 01:00:00,195,2025-01-08 22:05:04,2025-01-08 22:05:19,15,6,369.0,4
4613103499,2025-01-08 01:00:00,195,2025-01-08 14:05:30,2025-01-08 14:05:50,20,1,9.9,1
4613457346,2025-01-08 01:00:00,195,2025-01-08 18:49:12,2025-01-08 18:50:27,115,25,617.4,17
4613103477,2025-01-08 01:00:00,195,2025-01-08 14:11:38,2025-01-08 14:12:43,105,3,57.5,2
4613480540,2025-01-08 01:00:00,195,2025-01-08 19:19:17,2025-01-08 19:20:12,95,22,684.0,16
4613070800,2025-01-08 01:00:00,195,2025-01-08 13:46:53,2025-01-08 13:47:44,91,2,49.8,2
4613498066,2025-01-08 01:00:00,195,2025-01-08 19:42:45,2025-01-08 19:44:58,213,2,54.8,2
4613050227,2025-01-08 01:00:00,195,2025-01-08 13:30:26,2025-01-08 13:31:40,114,5,161.7,3
4613558314,2025-01-08 01:00:00,195,2025-01-08 20:48:39,2025-01-08 20:49:10,71,1,79.9,1
4612777457,2025-01-08 01:00:00,195,2025-01-08 08:13:19,2025-01-08 08:26:52,1333,8,196.4,6
4613575242,2025-01-08 01:00:00,195,2025-01-08 21:36:01,2025-01-08 21:42:12,611,13,401.83,13
4613019204,2025-01-08 01:00:00,195,2025-01-08 12:52:06,2025-01-08 12:55:36,330,79,2864.0,59
4613480476,2025-01-08 01:00:00,195,2025-01-08 19:19:45,2025-01-08 19:21:04,159,7,198.2,6
4613050120,2025-01-08 01:00:00,195,2025-01-08 13:28:20,2025-01-08 13:29:20,100,3,67.7,3
4613480565,2025-01-08 01:00:00,195,2025-01-08 19:22:17,2025-01-08 19:25:49,332,11,548.2,11
4613050191,2025-01-08 01:00:00,195,2025-01-08 13:28:13,2025-01-08 13:29:09,96,24,585.0,11
4613480555,2025-01-08 01:00:00,195,2025-01-08 19:20:07,2025-01-08 19:22:27,220,2,334.8,1
4613032004,2025-01-08 01:00:00,195,2025-01-08 13:06:23,2025-01-08 13:07:22,99,1,10.0,1
4613504565,2025-01-08 01:00:00,195,2025-01-08 19:33:10,2025-01-08 19:33:36,26,4,297.2,4
4613103571,2025-01-08 01:00:00,195,2025-01-08 14:06:36,2025-01-08 14:06:52,16,2,61.7,2
4613545927,2025-01-08 01:00:00,195,2025-01-08 20:35:21,2025-01-08 20:35:44,23,4,97.8,4
4613070832,2025-01-08 01:00:00,195,2025-01-08 13:46:58,2025-01-08 13:47:59,101,22,582.0,16
4613532400,2025-01-08 01:00:00,195,2025-01-08 20:19:07,2025-01-08 20:22:49,342,24,666.7,19
4613070762,2025-01-08 01:00:00,195,2025-01-08 13:36:29,2025-01-08 13:39:10,281,1,36.8,1
4613515246,2025-01-08 01:00:00,195,2025-01-08 19:54:15,2025-01-08 19:57:18,303,24,523.0,17
4612792385,2025-01-08 01:00:00,195,2025-01-08 08:38:25,2025-01-08 08:40:38,213,9,200.2,9
4613480495,2025-01-08 01:00:00,195,2025-01-08 19:11:29,2025-01-08 19:12:43,114,23,564.4,14
4612777429,2025-01-08 01:00:00,195,2025-01-08 08:11:57,2025-01-08 08:19:25,768,3,59.0,4
4613498056,2025-01-08 01:00:00,195,2025-01-08 19:45:24,2025-01-08 19:46:01,77,3,128.0,3
4612777441,2025-01-08 01:00:00,195,2025-01-08 08:19:00,2025-01-08 08:20:42,142,2,36.3,2
4613590100,2025-01-08 01:00:00,195,2025-01-08 22:50:11,2025-01-08 22:50:27,16,1,29.9,1
4612920346,2025-01-08 01:00:00,195,2025-01-08 11:09:40,2025-01-08 11:12:22,282,2,153.7,2
4613504555,2025-01-08 01:00:00,195,2025-01-08 19:33:55,2025-01-08 19:35:38,183,9,440.1,7
4613006727,2025-01-08 01:00:00,195,2025-01-08 12:33:37,2025-01-08 12:34:03,66,1,43.0,1
4613515299,2025-01-08 01:00:00,195,2025-01-08 19:52:57,2025-01-08 19:57:05,448,19,404.9,7
4613070822,2025-01-08 01:00:00,195,2025-01-08 13:42:03,2025-01-08 13:42:49,46,9,486.4,8
4613567369,2025-01-08 01:00:00,195,2025-01-08 21:19:40,2025-01-08 21:21:47,207,3,56.3,2
4613070836,2025-01-08 01:00:00,195,2025-01-08 13:41:16,2025-01-08 13:42:01,85,4,156.6,4
4613480569,2025-01-08 01:00:00,195,2025-01-08 19:19:38,2025-01-08 19:20:10,72,2,247.9,2
4612824978,2025-01-08 01:00:00,195,2025-01-08 09:21:08,2025-01-08 09:21:26,18,2,66.0,2
4613498068,2025-01-08 01:00:00,195,2025-01-08 19:45:08,2025-01-08 19:46:25,117,5,365.6,5
4612903097,2025-01-08 01:00:00,195,2025-01-08 10:53:27,2025-01-08 10:54:45,118,1,41.8,1
4613575271,2025-01-08 01:00:00,195,2025-01-08 21:35:44,2025-01-08 21:35:50,6,1,35.0,1
4612964145,2025-01-08 01:00:00,195,2025-01-08 12:05:52,2025-01-08 12:06:48,96,15,816.0,13
4613480584,2025-01-08 01:00:00,195,2025-01-08 19:25:01,2025-01-08 19:27:35,234,9,411.0,7
4613006768,2025-01-08 01:00:00,195,2025-01-08 12:38:50,2025-01-08 12:42:27,377,1,135.0,1
4613532363,2025-01-08 01:00:00,195,2025-01-08 20:21:53,2025-01-08 20:22:25,72,7,48.5,4
4613050143,2025-01-08 01:00:00,195,2025-01-08 13:23:35,2025-01-08 13:24:20,85,4,95.1,4
4613515251,2025-01-08 01:00:00,195,2025-01-08 19:47:26,2025-01-08 19:53:24,598,93,3736.25,46
4613019131,2025-01-08 01:00:00,195,2025-01-08 12:48:15,2025-01-08 12:49:52,137,3,111.2,3
4613515297,2025-01-08 01:00:00,195,2025-01-08 19:50:03,2025-01-08 19:52:43,240,1,29.9,1
4613019211,2025-01-08 01:00:00,195,2025-01-08 12:58:40,2025-01-08 12:59:29,89,8,414.6,6
4613532396,2025-01-08 01:00:00,195,2025-01-08 20:15:41,2025-01-08 20:16:23,82,4,312.0,2
4613103535,2025-01-08 01:00:00,195,2025-01-08 14:23:55,2025-01-08 14:24:55,100,2,72.8,2
4613558289,2025-01-08 01:00:00,195,2025-01-08 20:54:20,2025-01-08 20:55:45,125,1,21.9,1
4613070794,2025-01-08 01:00:00,195,2025-01-08 13:43:07,2025-01-08 13:44:24,117,1,64.9,1
4613545901,2025-01-08 01:00:00,195,2025-01-08 20:35:04,2025-01-08 20:36:39,135,8,357.0,8
4613070805,2025-01-08 01:00:00,195,2025-01-08 13:42:35,2025-01-08 13:44:43,208,6,257.0,6
4613581539,2025-01-08 01:00:00,195,2025-01-08 21:51:13,2025-01-08 21:57:38,625,1,17.9,1
4613070731,2025-01-08 01:00:00,195,2025-01-08 13:33:48,2025-01-08 13:36:05,257,3,95.7,3
4613480487,2025-01-08 01:00:00,195,2025-01-08 19:09:23,2025-01-08 19:13:45,422,9,503.1,9
4612792440,2025-01-08 01:00:00,195,2025-01-08 08:35:06,2025-01-08 08:36:55,149,2,38.1,2
4613480571,2025-01-08 01:00:00,195,2025-01-08 19:20:28,2025-01-08 19:22:25,197,6,211.3,5
4612964122,2025-01-08 01:00:00,195,2025-01-08 11:56:25,2025-01-08 11:56:44,19,5,159.0,5
4613504583,2025-01-08 01:00:00,195,2025-01-08 19:37:51,2025-01-08 19:41:27,376,22,945.8,12
4613006715,2025-01-08 01:00:00,195,2025-01-08 12:36:42,2025-01-08 12:40:21,379,23,795.3,17
4613515254,2025-01-08 01:00:00,195,2025-01-08 19:55:42,2025-01-08 19:56:26,84,8,239.2,6
4613050139,2025-01-08 01:00:00,195,2025-01-08 13:20:33,2025-01-08 13:21:02,69,2,73.8,2
4613532367,2025-01-08 01:00:00,195,2025-01-08 20:23:29,2025-01-08 20:25:00,171,34,1784.0,27
4613031936,2025-01-08 01:00:00,195,2025-01-08 13:17:46,2025-01-08 13:18:31,85,1,26.9,1
4613590092,2025-01-08 01:00:00,195,2025-01-08 22:49:38,2025-01-08 22:57:18,780,2,77.8,1
4612903084,2025-01-08 01:00:00,195,2025-01-08 10:50:30,2025-01-08 10:52:42,212,13,386.0,7
4612792400,2025-01-08 01:00:00,195,2025-01-08 08:27:21,2025-01-08 08:29:46,225,2,39.8,1
4612903080,2025-01-08 01:00:00,195,2025-01-08 10:53:59,2025-01-08 10:56:37,278,1,449.7,1
4612871160,2025-01-08 01:00:00,195,2025-01-08 10:09:11,2025-01-08 10:09:24,13,1,153.0,1
4612903134,2025-01-08 01:00:00,195,2025-01-08 10:59:08,2025-01-08 10:59:17,9,3,66.0,3
4612985483,2025-01-08 01:00:00,195,2025-01-08 12:08:08,2025-01-08 12:12:28,420,4,282.6,3
4612887314,2025-01-08 01:00:00,195,2025-01-08 10:27:16,2025-01-08 10:28:15,99,3,81.6,3
4613019129,2025-01-08 01:00:00,195,2025-01-08 13:03:13,2025-01-08 13:03:28,15,1,25.9,1
4612887316,2025-01-08 01:00:00,195,2025-01-08 10:34:17,2025-01-08 10:44:42,1025,7,430.2,6
4612920378,2025-01-08 01:00:00,195,2025-01-08 11:13:13,2025-01-08 11:13:41,28,12,341.0,7
4612946387,2025-01-08 01:00:00,195,2025-01-08 11:30:26,2025-01-08 11:30:49,23,2,88.8,2
4612903124,2025-01-08 01:00:00,195,2025-01-08 10:54:36,2025-01-08 10:55:25,89,12,423.0,9
4612964120,2025-01-08 01:00:00,195,2025-01-08 11:55:25,2025-01-08 11:56:31,106,2,27.0,2
4612903146,2025-01-08 01:00:00,195,2025-01-08 10:58:53,2025-01-08 11:00:28,4175,2,59.8,1
4613006785,2025-01-08 01:00:00,195,2025-01-08 12:37:36,2025-01-08 12:39:11,175,5,104.5,4
4612887332,2025-01-08 01:00:00,195,2025-01-08 10:42:19,2025-01-08 10:43:47,128,17,682.0,15
4613083474,2025-01-08 01:00:00,195,2025-01-08 13:54:16,2025-01-08 13:56:18,202,1,26.9,1
4612855787,2025-01-08 01:00:00,195,2025-01-08 10:00:39,2025-01-08 10:05:33,494,4,97.6,3
4612920364,2025-01-08 01:00:00,195,2025-01-08 11:09:52,2025-01-08 11:11:49,197,2,33.8,3
4612903143,2025-01-08 01:00:00,195,2025-01-08 10:45:10,2025-01-08 10:48:07,297,7,183.2,5
4613019229,2025-01-08 01:00:00,195,2025-01-08 12:56:05,2025-01-08 12:56:58,53,18,553.3,14
4612985438,2025-01-08 01:00:00,195,2025-01-08 12:23:09,2025-01-08 12:25:26,217,1,32.9,1
4613019145,2025-01-08 01:00:00,195,2025-01-08 12:54:50,2025-01-08 12:55:13,63,2,39.4,2
4613050130,2025-01-08 01:00:00,195,2025-01-08 13:24:02,2025-01-08 13:24:17,15,2,96.8,2
4613019164,2025-01-08 01:00:00,195,2025-01-08 13:03:49,2025-01-08 13:04:16,67,2,44.8,2
4613032029,2025-01-08 01:00:00,195,2025-01-08 13:10:26,2025-01-08 13:11:17,91,9,549.1,9
4613031961,2025-01-08 01:00:00,195,2025-01-08 13:17:50,2025-01-08 13:17:51,1,1,-48.0,1
4613083452,2025-01-08 01:00:00,195,2025-01-08 13:52:04,2025-01-08 13:54:15,211,5,257.6,4
4613031979,2025-01-08 01:00:00,195,2025-01-08 13:03:21,2025-01-08 13:07:33,412,4,205.6,4
4613070803,2025-01-08 01:00:00,195,2025-01-08 13:38:23,2025-01-08 13:41:09,286,13,548.7,8
4612792416,2025-01-08 01:00:00,195,2025-01-08 08:31:47,2025-01-08 08:32:41,94,4,282.4,3
4612855796,2025-01-08 01:00:00,195,2025-01-08 09:59:27,2025-01-08 09:59:37,10,1,10.0,1
4612825001,2025-01-08 01:00:00,195,2025-01-08 09:22:27,2025-01-08 09:23:13,86,5,155.5,4
4612903081,2025-01-08 01:00:00,195,2025-01-08 10:31:40,2025-01-08 10:51:21,1981,21,900.3,9
4612903105,2025-01-08 01:00:00,195,2025-01-08 10:50:03,2025-01-08 10:51:45,142,39,1252.5,18
4612903145,2025-01-08 01:00:00,195,2025-01-08 10:54:23,2025-01-08 10:58:46,423,1,15.9,1
4612985452,2025-01-08 01:00:00,195,2025-01-08 12:23:05,2025-01-08 12:23:21,16,2,172.8,2
4612964149,2025-01-08 01:00:00,195,2025-01-08 12:01:54,2025-01-08 12:02:35,81,6,235.0,5
4613006731,2025-01-08 01:00:00,195,2025-01-08 12:29:58,2025-01-08 12:30:04,46,1,18.0,1
4613032045,2025-01-08 01:00:00,195,2025-01-08 13:08:23,2025-01-08 13:08:45,22,1,100.0,1
4613006795,2025-01-08 01:00:00,195,2025-01-08 12:32:11,2025-01-08 12:34:28,217,14,296.5,12
4613031927,2025-01-08 01:00:00,195,2025-01-08 13:14:59,2025-01-08 13:15:34,75,1,9.9,1
4613019237,2025-01-08 01:00:00,195,2025-01-08 13:00:29,2025-01-08 13:01:12,83,6,858.6,5
4613083430,2025-01-08 01:00:00,195,2025-01-08 13:50:00,2025-01-08 13:52:52,252,10,361.4,10
4613083434,2025-01-08 01:00:00,195,2025-01-08 13:54:52,2025-01-08 13:55:49,97,1,92.9,1
4613103517,2025-01-08 01:00:00,195,2025-01-08 14:12:57,2025-01-08 14:13:21,64,5,134.0,5
4613070830,2025-01-08 01:00:00,195,2025-01-08 13:42:06,2025-01-08 13:42:39,33,4,207.0,4
4613050228,2025-01-08 01:00:00,195,2025-01-08 13:29:05,2025-01-08 13:29:16,11,2,114.1,2
4612809482,2025-01-08 01:00:00,195,2025-01-08 08:48:17,2025-01-08 08:48:39,22,3,78.0,3
4612855779,2025-01-08 01:00:00,195,2025-01-08 09:52:12,2025-01-08 09:56:22,410,31,2060.5,31
4612855807,2025-01-08 01:00:00,195,2025-01-08 09:22:57,2025-01-08 10:05:48,8291,1,11.9,1
4613019158,2025-01-08 01:00:00,195,2025-01-08 12:54:32,2025-01-08 12:55:26,94,4,172.8,4
4613031919,2025-01-08 01:00:00,195,2025-01-08 13:17:11,2025-01-08 13:19:44,233,5,160.9,5
4613031952,2025-01-08 01:00:00,195,2025-01-08 13:14:20,2025-01-08 13:14:41,21,4,107.5,4
4613019155,2025-01-08 01:00:00,195,2025-01-08 12:56:17,2025-01-08 12:58:26,209,5,83.5,5
4613083465,2025-01-08 01:00:00,195,2025-01-08 13:54:33,2025-01-08 13:55:35,102,2,49.8,1
4613083379,2025-01-08 01:00:00,195,2025-01-08 14:01:23,2025-01-08 14:02:20,97,2,89.4,1
4613103489,2025-01-08 01:00:00,195,2025-01-08 14:20:33,2025-01-08 14:22:27,194,4,59.6,4
4613083476,2025-01-08 01:00:00,195,2025-01-08 13:52:35,2025-01-08 13:54:11,176,15,1100.0,15
4612792417,2025-01-08 01:00:00,195,2025-01-08 08:40:40,2025-01-08 08:41:19,79,2,28.0,2
4613103476,2025-01-08 01:00:00,195,2025-01-08 14:08:57,2025-01-08 14:11:07,250,9,240.1,9
4612903083,2025-01-08 01:00:00,195,2025-01-08 10:52:10,2025-01-08 10:53:43,133,5,199.5,5
4613070786,2025-01-08 01:00:00,195,2025-01-08 13:38:49,2025-01-08 13:41:41,292,3,49.7,3
4612887317,2025-01-08 01:00:00,195,2025-01-08 10:30:24,2025-01-08 10:33:11,287,7,554.7,5
4612840032,2025-01-08 01:00:00,195,2025-01-08 09:28:08,2025-01-08 09:30:17,209,1,37.8,1
4612946392,2025-01-08 01:00:00,195,2025-01-08 11:45:03,2025-01-08 11:45:37,34,5,216.4,5
4612903116,2025-01-08 01:00:00,195,2025-01-08 10:55:00,2025-01-08 10:55:39,39,14,362.0,9
4613006755,2025-01-08 01:00:00,195,2025-01-08 12:38:05,2025-01-08 12:39:28,123,30,1687.5,16
4612985468,2025-01-08 01:00:00,195,2025-01-08 12:18:39,2025-01-08 12:19:13,74,7,299.0,6
4612871124,2025-01-08 01:00:00,195,2025-01-08 10:24:03,2025-01-08 10:25:09,106,3,121.6,3
4613006760,2025-01-08 01:00:00,195,2025-01-08 12:46:46,2025-01-08 12:47:11,65,8,254.1,5
4613006754,2025-01-08 01:00:00,195,2025-01-08 12:43:02,2025-01-08 12:43:44,42,8,337.5,7
4613083422,2025-01-08 01:00:00,195,2025-01-08 13:58:51,2025-01-08 14:01:59,4308,7,189.7,7
4613032042,2025-01-08 01:00:00,195,2025-01-08 13:05:54,2025-01-08 13:06:06,52,2,200.0,1
4613103463,2025-01-08 01:00:00,195,2025-01-08 14:06:30,2025-01-08 14:07:27,97,1,10.9,1
4613083384,2025-01-08 01:00:00,195,2025-01-08 14:00:01,2025-01-08 14:00:26,25,1,42.9,1
4612777456,2025-01-08 01:00:00,195,2025-01-08 07:56:56,2025-01-08 08:14:50,5794,10,381.7,9
4613083423,2025-01-08 01:00:00,195,2025-01-08 13:48:18,2025-01-08 13:52:08,390,11,630.4,11
4612840041,2025-01-08 01:00:00,195,2025-01-08 09:25:31,2025-01-08 09:28:14,283,2,59.7,2
4613083450,2025-01-08 01:00:00,195,2025-01-08 13:49:12,2025-01-08 13:49:58,46,3,218.6,3
4612920389,2025-01-08 01:00:00,195,2025-01-08 11:09:27,2025-01-08 11:09:44,17,2,170.0,2
4613083485,2025-01-08 01:00:00,195,2025-01-08 13:52:32,2025-01-08 13:53:30,98,26,597.9,11
4612887301,2025-01-08 01:00:00,195,2025-01-08 10:08:47,2025-01-08 10:32:27,2380,8,171.2,7
4613050172,2025-01-08 01:00:00,195,2025-01-08 13:21:24,2025-01-08 13:30:42,918,2,56.3,2
4612964150,2025-01-08 01:00:00,195,2025-01-08 12:02:52,2025-01-08 12:05:41,289,45,2072.2,41
4612792425,2025-01-08 01:00:00,195,2025-01-08 08:45:11,2025-01-08 08:45:28,17,3,51.6,3
4613083418,2025-01-08 01:00:00,195,2025-01-08 14:02:32,2025-01-08 14:03:58,126,27,1006.1,23
4612809487,2025-01-08 01:00:00,195,2025-01-08 08:53:29,2025-01-08 08:53:48,19,1,49.8,1
4613083444,2025-01-08 01:00:00,195,2025-01-08 13:58:14,2025-01-08 13:59:41,127,9,442.1,8
4612765947,2025-01-08 01:00:00,195,2025-01-08 08:03:44,2025-01-08 08:06:11,267,2,49.4,2
4613070813,2025-01-08 01:00:00,195,2025-01-08 13:32:26,2025-01-08 13:33:19,93,20,826.0,12
4612920354,2025-01-08 01:00:00,195,2025-01-08 11:18:30,2025-01-08 11:21:34,304,2,51.8,2
4613155395,2025-01-08 01:00:00,195,2025-01-08 14:58:10,2025-01-08 14:59:04,94,1,37.4,1
4612903104,2025-01-08 01:00:00,195,2025-01-08 10:49:39,2025-01-08 10:49:54,15,2,39.0,2
4613307664,2025-01-08 01:00:00,195,2025-01-08 16:51:09,2025-01-08 16:58:22,713,10,736.1,8
4612964113,2025-01-08 01:00:00,195,2025-01-08 12:05:01,2025-01-08 12:06:53,152,12,186.0,8
4613307683,2025-01-08 01:00:00,195,2025-01-08 17:00:09,2025-01-08 17:01:18,109,3,89.2,3
4612964116,2025-01-08 01:00:00,195,2025-01-08 11:55:08,2025-01-08 12:04:12,4904,23,549.4,15
4613335509,2025-01-08 01:00:00,195,2025-01-08 17:08:42,2025-01-08 17:13:24,482,5,186.0,5
4613019199,2025-01-08 01:00:00,195,2025-01-08 12:45:17,2025-01-08 12:48:39,322,72,3284.5,52
4613431414,2025-01-08 01:00:00,195,2025-01-08 18:43:03,2025-01-08 18:43:28,25,4,141.0,4
4613031923,2025-01-08 01:00:00,195,2025-01-08 13:13:58,2025-01-08 13:16:59,301,4,106.7,4
4613404500,2025-01-08 01:00:00,195,2025-01-08 18:06:24,2025-01-08 18:13:46,722,20,892.3,20
4613032008,2025-01-08 01:00:00,195,2025-01-08 13:09:52,2025-01-08 13:12:23,271,6,264.0,6
4613155423,2025-01-08 01:00:00,195,2025-01-08 14:56:22,2025-01-08 14:57:35,113,18,617.0,17
4612792407,2025-01-08 01:00:00,195,2025-01-08 08:35:25,2025-01-08 08:40:05,480,4,71.0,4
4613203742,2025-01-08 01:00:00,195,2025-01-08 15:34:55,2025-01-08 15:36:22,167,4,622.8,4
4612964130,2025-01-08 01:00:00,195,2025-01-08 11:47:47,2025-01-08 11:48:35,88,14,793.4,13
4613254978,2025-01-08 01:00:00,195,2025-01-08 16:22:46,2025-01-08 16:23:21,75,4,98.0,4
4613019147,2025-01-08 01:00:00,195,2025-01-08 12:55:52,2025-01-08 12:58:15,263,2,199.8,2
4613335481,2025-01-08 01:00:00,195,2025-01-08 17:21:26,2025-01-08 17:25:14,388,10,439.9,9
4613070842,2025-01-08 01:00:00,195,2025-01-08 13:33:46,2025-01-08 13:34:08,62,1,49.9,1
4613389834,2025-01-08 01:00:00,195,2025-01-08 18:04:57,2025-01-08 18:07:04,247,15,685.5,10
4613070855,2025-01-08 01:00:00,195,2025-01-08 13:39:32,2025-01-08 13:39:59,27,1,147.0,1
4613389866,2025-01-08 01:00:00,195,2025-01-08 17:49:52,2025-01-08 17:52:41,289,10,416.1,5
4613070761,2025-01-08 01:00:00,195,2025-01-08 13:35:06,2025-01-08 13:35:44,38,2,22.8,3
4613363060,2025-01-08 01:00:00,195,2025-01-08 17:23:45,2025-01-08 17:29:14,569,7,652.8,7
4612887333,2025-01-08 01:00:00,195,2025-01-08 10:35:28,2025-01-08 10:36:24,96,29,503.0,15
4613363118,2025-01-08 01:00:00,195,2025-01-08 17:30:39,2025-01-08 17:31:02,63,5,181.0,4
4612985446,2025-01-08 01:00:00,195,2025-01-08 12:23:34,2025-01-08 12:23:56,22,3,195.0,2
4613363055,2025-01-08 01:00:00,195,2025-01-08 17:44:59,2025-01-08 17:46:25,166,3,125.7,3
4612946402,2025-01-08 01:00:00,195,2025-01-08 11:41:54,2025-01-08 11:41:56,2,1,-637.0,1
4613431339,2025-01-08 01:00:00,195,2025-01-08 18:37:05,2025-01-08 18:39:27,222,2,9.6,2
4613032035,2025-01-08 01:00:00,195,2025-01-08 13:12:02,2025-01-08 13:12:54,52,6,249.0,6
4613404474,2025-01-08 01:00:00,195,2025-01-08 18:13:26,2025-01-08 18:14:09,83,2,57.8,1
4613083397,2025-01-08 01:00:00,195,2025-01-08 14:01:50,2025-01-08 14:02:40,90,3,28.1,3
4613166922,2025-01-08 01:00:00,195,2025-01-08 15:25:43,2025-01-08 15:26:10,67,5,240.0,3
4613083402,2025-01-08 01:00:00,195,2025-01-08 14:04:13,2025-01-08 14:04:27,14,1,19.9,1
4613281228,2025-01-08 01:00:00,195,2025-01-08 16:28:08,2025-01-08 16:28:57,49,5,162.8,5
4613103481,2025-01-08 01:00:00,195,2025-01-08 14:17:35,2025-01-08 14:18:52,117,8,167.9,8
4613281242,2025-01-08 01:00:00,195,2025-01-08 16:44:01,2025-01-08 16:44:34,33,4,97.4,4
4612824975,2025-01-08 01:00:00,195,2025-01-08 09:10:34,2025-01-08 09:10:53,19,4,219.0,3
4613307755,2025-01-08 01:00:00,195,2025-01-08 17:03:11,2025-01-08 17:04:52,141,42,2512.5,29
4612920363,2025-01-08 01:00:00,195,2025-01-08 11:11:57,2025-01-08 11:15:43,386,7,434.4,7
4613307654,2025-01-08 01:00:00,195,2025-01-08 17:02:43,2025-01-08 17:04:10,167,7,177.0,7
4612946352,2025-01-08 01:00:00,195,2025-01-08 11:42:25,2025-01-08 11:44:29,204,1,17.9,1
4613431366,2025-01-08 01:00:00,195,2025-01-08 18:26:44,2025-01-08 18:29:43,299,3,105.0,1
4613019234,2025-01-08 01:00:00,195,2025-01-08 12:55:09,2025-01-08 12:55:30,21,2,270.6,2
4613404463,2025-01-08 01:00:00,195,2025-01-08 18:14:32,2025-01-08 18:15:53,121,2,249.0,2
4613019134,2025-01-08 01:00:00,195,2025-01-08 12:55:52,2025-01-08 12:58:48,296,8,240.5,7
4613155468,2025-01-08 01:00:00,195,2025-01-08 14:51:06,2025-01-08 14:51:39,33,3,67.4,3
4613031958,2025-01-08 01:00:00,195,2025-01-08 13:13:34,2025-01-08 13:13:59,25,7,192.9,5
4613155471,2025-01-08 01:00:00,195,2025-01-08 14:48:46,2025-01-08 14:50:21,175,40,1498.4,35
4613031995,2025-01-08 01:00:00,195,2025-01-08 13:06:50,2025-01-08 13:07:33,83,1,24.9,1
4613132873,2025-01-08 01:00:00,195,2025-01-08 14:39:39,2025-01-08 14:40:44,105,3,157.7,3
4613032001,2025-01-08 01:00:00,195,2025-01-08 13:07:00,2025-01-08 13:07:18,18,1,59.9,1
4613132851,2025-01-08 01:00:00,195,2025-01-08 14:27:08,2025-01-08 14:27:56,48,2,67.7,2
4612792438,2025-01-08 01:00:00,195,2025-01-08 08:22:49,2025-01-08 08:28:06,557,1,9.9,1
4613132875,2025-01-08 01:00:00,195,2025-01-08 14:32:17,2025-01-08 14:33:26,109,2,74.8,2
4612871139,2025-01-08 01:00:00,195,2025-01-08 10:14:57,2025-01-08 10:15:48,91,10,574.5,6
4613281192,2025-01-08 01:00:00,195,2025-01-08 16:41:50,2025-01-08 16:42:24,74,1,54.9,1
4612887328,2025-01-08 01:00:00,195,2025-01-08 10:37:34,2025-01-08 10:38:06,72,4,130.0,2
4613281262,2025-01-08 01:00:00,195,2025-01-08 16:33:53,2025-01-08 16:37:27,374,1,14.9,1
4612946384,2025-01-08 01:00:00,195,2025-01-08 11:37:21,2025-01-08 11:38:02,81,4,185.4,4
4613389868,2025-01-08 01:00:00,195,2025-01-08 17:54:50,2025-01-08 17:56:40,190,2,48.7,2
4612946345,2025-01-08 01:00:00,195,2025-01-08 11:40:07,2025-01-08 11:41:58,151,9,393.8,9
4613166946,2025-01-08 01:00:00,195,2025-01-08 15:11:34,2025-01-08 15:13:02,168,12,345.0,11
4613083483,2025-01-08 01:00:00,195,2025-01-08 13:49:51,2025-01-08 13:50:29,78,7,3133.9,4
4613132856,2025-01-08 01:00:00,195,2025-01-08 14:36:37,2025-01-08 14:37:40,103,1,29.9,1
4613155393,2025-01-08 01:00:00,195,2025-01-08 15:02:38,2025-01-08 15:07:36,498,9,258.2,7
4613132899,2025-01-08 01:00:00,195,2025-01-08 14:27:46,2025-01-08 14:34:49,703,14,508.0,12
4613155396,2025-01-08 01:00:00,195,2025-01-08 14:56:33,2025-01-08 14:59:29,296,2,24.8,2
4613229347,2025-01-08 01:00:00,195,2025-01-08 15:49:33,2025-01-08 15:50:58,125,1,17.8,1
4613166966,2025-01-08 01:00:00,195,2025-01-08 15:11:19,2025-01-08 15:11:50,31,15,265.0,9
4613229430,2025-01-08 01:00:00,195,2025-01-08 15:48:34,2025-01-08 15:48:48,14,3,58.7,3
4613132867,2025-01-08 01:00:00,195,2025-01-08 14:43:12,2025-01-08 14:47:18,406,5,440.4,4
4613389932,2025-01-08 01:00:00,195,2025-01-08 17:48:03,2025-01-08 17:48:32,29,1,5.9,1
4613203763,2025-01-08 01:00:00,195,2025-01-08 15:29:51,2025-01-08 15:30:59,108,26,1220.5,6
4613363050,2025-01-08 01:00:00,195,2025-01-08 17:29:26,2025-01-08 17:33:39,413,1,10.4,1
4613203722,2025-01-08 01:00:00,195,2025-01-08 15:28:25,2025-01-08 15:29:01,76,2,53.8,2
4613363144,2025-01-08 01:00:00,195,2025-01-08 17:28:50,2025-01-08 17:29:29,79,4,334.4,4
4613281216,2025-01-08 01:00:00,195,2025-01-08 16:32:07,2025-01-08 16:32:31,24,1,33.9,1
4613431325,2025-01-08 01:00:00,195,2025-01-08 18:30:46,2025-01-08 18:37:24,678,1,159.0,1
4613281254,2025-01-08 01:00:00,195,2025-01-08 16:40:41,2025-01-08 16:40:50,9,1,26.0,1
4613404476,2025-01-08 01:00:00,195,2025-01-08 18:16:52,2025-01-08 18:21:12,460,2,238.8,1
4613335524,2025-01-08 01:00:00,195,2025-01-08 17:15:55,2025-01-08 17:15:59,4,1,100.0,1
4613132895,2025-01-08 01:00:00,195,2025-01-08 14:43:28,2025-01-08 14:45:50,222,1,17.9,1
4613335530,2025-01-08 01:00:00,195,2025-01-08 17:16:33,2025-01-08 17:16:55,22,5,693.0,3
4613203756,2025-01-08 01:00:00,195,2025-01-08 15:21:47,2025-01-08 15:30:38,891,32,1538.0,30
4613363046,2025-01-08 01:00:00,195,2025-01-08 17:36:44,2025-01-08 17:40:40,396,1,15.9,1
4613254949,2025-01-08 01:00:00,195,2025-01-08 16:11:05,2025-01-08 16:11:43,38,12,281.0,9
4613363132,2025-01-08 01:00:00,195,2025-01-08 17:38:32,2025-01-08 17:38:47,15,2,292.0,1
4613229433,2025-01-08 01:00:00,195,2025-01-08 15:58:52,2025-01-08 15:59:48,96,14,877.6,13
4613363043,2025-01-08 01:00:00,195,2025-01-08 17:28:03,2025-01-08 17:29:07,104,3,72.3,3
4613389935,2025-01-08 01:00:00,195,2025-01-08 17:57:48,2025-01-08 18:02:57,4509,9,620.8,9
4613431429,2025-01-08 01:00:00,195,2025-01-08 18:35:54,2025-01-08 18:36:04,50,2,151.0,2
4613404504,2025-01-08 01:00:00,195,2025-01-08 18:07:55,2025-01-08 18:08:13,58,2,60.0,3
4613431391,2025-01-08 01:00:00,195,2025-01-08 18:30:57,2025-01-08 18:31:22,65,10,268.0,7
4613404432,2025-01-08 01:00:00,195,2025-01-08 18:16:37,2025-01-08 18:17:25,88,2,287.9,2
4613404391,2025-01-08 01:00:00,195,2025-01-08 18:14:02,2025-01-08 18:14:44,42,14,334.0,9
4613166874,2025-01-08 01:00:00,195,2025-01-08 15:17:09,2025-01-08 15:17:51,42,14,296.0,10
4613155474,2025-01-08 01:00:00,195,2025-01-08 14:53:52,2025-01-08 14:54:19,67,5,96.0,5
4613166941,2025-01-08 01:00:00,195,2025-01-08 15:10:02,2025-01-08 15:11:17,115,4,210.2,3
4613155417,2025-01-08 01:00:00,195,2025-01-08 15:04:54,2025-01-08 15:05:24,70,14,126.0,7
4613281212,2025-01-08 01:00:00,195,2025-01-08 16:34:53,2025-01-08 16:37:23,270,11,385.5,8
4613281182,2025-01-08 01:00:00,195,2025-01-08 16:35:23,2025-01-08 16:37:05,182,32,3417.0,17
4613132907,2025-01-08 01:00:00,195,2025-01-08 14:33:06,2025-01-08 14:33:21,15,1,26.9,1
4613389909,2025-01-08 01:00:00,195,2025-01-08 18:00:45,2025-01-08 18:01:00,55,6,336.0,5
4613281175,2025-01-08 01:00:00,195,2025-01-08 16:44:12,2025-01-08 16:44:34,22,1,3.9,1
4613431370,2025-01-08 01:00:00,195,2025-01-08 18:30:38,2025-01-08 18:31:33,95,12,537.8,11
4613281194,2025-01-08 01:00:00,195,2025-01-08 16:39:48,2025-01-08 16:41:41,193,1,118.2,1
4613431368,2025-01-08 01:00:00,195,2025-01-08 18:33:10,2025-01-08 18:33:32,22,3,116.9,3
4613254923,2025-01-08 01:00:00,195,2025-01-08 16:02:09,2025-01-08 16:08:58,649,6,148.7,5
4613132920,2025-01-08 01:00:00,195,2025-01-08 14:35:36,2025-01-08 14:35:58,22,2,633.9,2
4613281178,2025-01-08 01:00:00,195,2025-01-08 16:37:51,2025-01-08 16:39:03,152,2,56.5,2
4613132886,2025-01-08 01:00:00,195,2025-01-08 14:40:28,2025-01-08 14:41:14,86,3,48.7,3
4613335500,2025-01-08 01:00:00,195,2025-01-08 17:07:43,2025-01-08 17:11:07,364,5,265.8,5
4613203743,2025-01-08 01:00:00,195,2025-01-08 15:36:40,2025-01-08 15:37:35,95,1,26.9,1
4613431332,2025-01-08 01:00:00,195,2025-01-08 18:33:21,2025-01-08 18:34:21,100,11,408.3,11
4613254921,2025-01-08 01:00:00,195,2025-01-08 16:09:17,2025-01-08 16:09:54,37,1,20.0,1
4613404399,2025-01-08 01:00:00,195,2025-01-08 18:16:29,2025-01-08 18:17:35,106,23,1109.5,21
4613229351,2025-01-08 01:00:00,195,2025-01-08 15:58:31,2025-01-08 16:03:33,4502,2,31.8,2
4613404398,2025-01-08 01:00:00,195,2025-01-08 18:19:33,2025-01-08 18:19:50,17,2,179.0,2
4613307746,2025-01-08 01:00:00,195,2025-01-08 16:59:37,2025-01-08 16:59:58,21,1,379.0,1
4613155476,2025-01-08 01:00:00,195,2025-01-08 14:51:20,2025-01-08 14:51:58,38,1,147.0,1
4613307752,2025-01-08 01:00:00,195,2025-01-08 16:55:27,2025-01-08 16:56:02,75,3,93.9,3
4613132842,2025-01-08 01:00:00,195,2025-01-08 14:25:34,2025-01-08 14:27:55,221,8,215.2,3
4613281261,2025-01-08 01:00:00,195,2025-01-08 16:13:30,2025-01-08 16:30:29,1699,23,896.9,11
4613203797,2025-01-08 01:00:00,195,2025-01-08 15:40:40,2025-01-08 15:40:53,13,1,15.0,1
4613132860,2025-01-08 01:00:00,195,2025-01-08 14:27:45,2025-01-08 14:28:26,81,3,177.7,3
4613254999,2025-01-08 01:00:00,195,2025-01-08 16:06:54,2025-01-08 16:10:53,399,3,178.6,3
4613203716,2025-01-08 01:00:00,195,2025-01-08 15:39:39,2025-01-08 15:41:10,171,1,15.5,1
4613281229,2025-01-08 01:00:00,195,2025-01-08 16:36:20,2025-01-08 16:37:45,125,3,56.7,3
4613203789,2025-01-08 01:00:00,195,2025-01-08 15:35:14,2025-01-08 15:38:15,301,77,2988.85,58
4613166901,2025-01-08 01:00:00,195,2025-01-08 15:22:13,2025-01-08 15:23:41,128,1,0.0,1
4613389861,2025-01-08 01:00:00,195,2025-01-08 17:59:40,2025-01-08 18:01:58,4218,13,637.9,8
4613203759,2025-01-08 01:00:00,195,2025-01-08 15:43:08,2025-01-08 15:46:14,306,6,494.0,6
4613431434,2025-01-08 01:00:00,195,2025-01-08 18:32:44,2025-01-08 18:32:47,3,0,200.0,1
4613229417,2025-01-08 01:00:00,195,2025-01-08 15:59:44,2025-01-08 16:01:28,4184,36,1593.8,26
4613404429,2025-01-08 01:00:00,195,2025-01-08 18:15:18,2025-01-08 18:15:32,14,2,294.0,1
4613229366,2025-01-08 01:00:00,195,2025-01-08 15:54:40,2025-01-08 15:56:04,164,2,77.8,2
4613404456,2025-01-08 01:00:00,195,2025-01-08 18:19:28,2025-01-08 18:20:15,87,4,321.0,4
4613431336,2025-01-08 01:00:00,195,2025-01-08 18:37:11,2025-01-08 18:38:21,110,4,137.2,3
4613155445,2025-01-08 01:00:00,195,2025-01-08 14:54:50,2025-01-08 14:56:10,160,6,304.4,6
4613404485,2025-01-08 01:00:00,195,2025-01-08 18:09:25,2025-01-08 18:11:51,226,19,1040.6,15
4613254909,2025-01-08 01:00:00,195,2025-01-08 16:24:17,2025-01-08 16:26:27,210,1,109.9,1
4613155444,2025-01-08 01:00:00,195,2025-01-08 14:51:18,2025-01-08 14:54:41,323,5,249.5,3
4613307676,2025-01-08 01:00:00,195,2025-01-08 17:03:31,2025-01-08 17:04:25,94,2,92.9,2
4613155447,2025-01-08 01:00:00,195,2025-01-08 14:45:24,2025-01-08 14:49:30,406,1,19.9,1
4613281183,2025-01-08 01:00:00,195,2025-01-08 16:33:57,2025-01-08 16:34:42,85,7,341.8,6
4613132844,2025-01-08 01:00:00,195,2025-01-08 14:34:21,2025-01-08 14:36:37,216,4,84.2,4
4613389830,2025-01-08 01:00:00,195,2025-01-08 18:04:37,2025-01-08 18:05:13,76,11,573.3,8
4613335493,2025-01-08 01:00:00,195,2025-01-08 17:17:53,2025-01-08 17:20:47,294,11,293.0,10
4613404465,2025-01-08 01:00:00,195,2025-01-08 18:17:44,2025-01-08 18:18:57,113,24,975.0,15
4613389888,2025-01-08 01:00:00,195,2025-01-08 17:47:12,2025-01-08 17:49:08,196,45,2970.0,37
4613404423,2025-01-08 01:00:00,195,2025-01-08 18:22:33,2025-01-08 18:23:23,90,9,354.8,9
4613389893,2025-01-08 01:00:00,195,2025-01-08 17:53:37,2025-01-08 17:54:22,85,8,433.4,6
4613132870,2025-01-08 01:00:00,195,2025-01-08 14:42:48,2025-01-08 14:45:41,293,7,170.1,7
4613363032,2025-01-08 01:00:00,195,2025-01-08 17:44:27,2025-01-08 17:46:40,213,9,290.6,6
4613229402,2025-01-08 01:00:00,195,2025-01-08 15:51:01,2025-01-08 15:52:02,101,18,657.0,16
4613166881,2025-01-08 01:00:00,195,2025-01-08 15:24:30,2025-01-08 15:25:07,77,9,367.0,9
4613281258,2025-01-08 01:00:00,195,2025-01-08 16:29:28,2025-01-08 16:30:04,76,18,441.0,5
4613229356,2025-01-08 01:00:00,195,2025-01-08 15:56:10,2025-01-08 15:58:12,202,4,89.9,3
4613363084,2025-01-08 01:00:00,195,2025-01-08 17:30:46,2025-01-08 17:31:09,63,4,281.6,4
4613281177,2025-01-08 01:00:00,195,2025-01-08 16:43:05,2025-01-08 16:43:27,22,1,3.9,1
4613363044,2025-01-08 01:00:00,195,2025-01-08 17:31:36,2025-01-08 17:35:47,411,7,269.3,6
4613254910,2025-01-08 01:00:00,195,2025-01-08 16:17:01,2025-01-08 16:24:43,742,2,266.6,1
4613363082,2025-01-08 01:00:00,195,2025-01-08 17:27:06,2025-01-08 17:28:15,109,17,696.9,12
4613335554,2025-01-08 01:00:00,195,2025-01-08 17:25:59,2025-01-08 17:26:09,50,1,-62.0,1
4613431407,2025-01-08 01:00:00,195,2025-01-08 18:45:21,2025-01-08 18:45:26,5,1,5.0,1
4613457288,2025-01-08 01:00:00,195,2025-01-08 18:53:12,2025-01-08 18:54:20,108,16,876.1,16
4613404405,2025-01-08 01:00:00,195,2025-01-08 18:12:27,2025-01-08 18:12:52,25,5,314.9,5
4613558306,2025-01-08 01:00:00,195,2025-01-08 20:52:07,2025-01-08 20:53:10,103,19,879.5,16
4613166962,2025-01-08 01:00:00,195,2025-01-08 15:09:27,2025-01-08 15:11:58,231,3,68.0,2
4613585530,2025-01-08 01:00:00,195,2025-01-08 22:03:32,2025-01-08 22:09:49,617,4,116.1,4
4613155408,2025-01-08 01:00:00,195,2025-01-08 14:55:21,2025-01-08 14:55:39,18,1,89.4,1
4613498064,2025-01-08 01:00:00,195,2025-01-08 19:40:55,2025-01-08 19:42:43,188,16,695.3,15
4613155419,2025-01-08 01:00:00,195,2025-01-08 15:06:37,2025-01-08 15:07:03,66,6,221.3,6
4613504577,2025-01-08 01:00:00,195,2025-01-08 19:29:20,2025-01-08 19:31:35,215,67,1985.8,47
4613132949,2025-01-08 01:00:00,195,2025-01-08 14:46:19,2025-01-08 14:47:27,108,30,1023.1,10
4613515304,2025-01-08 01:00:00,195,2025-01-08 20:03:52,2025-01-08 20:06:07,255,19,1159.4,16
4613389862,2025-01-08 01:00:00,195,2025-01-08 17:54:29,2025-01-08 17:59:05,476,4,139.5,4
4613575226,2025-01-08 01:00:00,195,2025-01-08 21:27:56,2025-01-08 21:30:49,293,2,87.8,2
4613431431,2025-01-08 01:00:00,195,2025-01-08 18:41:00,2025-01-08 18:41:14,14,1,25.9,1
4613588223,2025-01-08 01:00:00,195,2025-01-08 22:42:03,2025-01-08 22:43:26,123,11,520.3,10
4613431350,2025-01-08 01:00:00,195,2025-01-08 18:35:51,2025-01-08 18:38:01,250,4,131.8,4
4613504561,2025-01-08 01:00:00,195,2025-01-08 19:32:50,2025-01-08 19:33:18,68,4,105.0,4
4613404427,2025-01-08 01:00:00,195,2025-01-08 18:16:47,2025-01-08 18:17:25,78,6,350.3,5
4613532376,2025-01-08 01:00:00,195,2025-01-08 20:11:28,2025-01-08 20:12:07,79,16,464.0,12
4613404473,2025-01-08 01:00:00,195,2025-01-08 18:16:43,2025-01-08 18:17:27,84,4,96.5,3
4613545877,2025-01-08 01:00:00,195,2025-01-08 20:45:54,2025-01-08 20:46:00,46,1,153.0,1
4613166911,2025-01-08 01:00:00,195,2025-01-08 15:22:44,2025-01-08 15:23:21,77,1,29.9,1
4613575255,2025-01-08 01:00:00,195,2025-01-08 21:32:35,2025-01-08 21:36:02,367,13,598.5,11
4613203776,2025-01-08 01:00:00,195,2025-01-08 15:31:41,2025-01-08 15:32:48,107,12,506.0,12
4613480474,2025-01-08 01:00:00,195,2025-01-08 18:55:16,2025-01-08 19:09:18,5402,7,334.4,7
4613166892,2025-01-08 01:00:00,195,2025-01-08 15:18:04,2025-01-08 15:19:02,98,4,166.3,4
4613480520,2025-01-08 01:00:00,195,2025-01-08 19:16:49,2025-01-08 19:17:24,75,7,154.5,6
4613363139,2025-01-08 01:00:00,195,2025-01-08 17:25:33,2025-01-08 17:28:06,273,6,285.9,5
4613498070,2025-01-08 01:00:00,195,2025-01-08 19:40:40,2025-01-08 19:43:34,294,36,1867.0,22
4613155390,2025-01-08 01:00:00,195,2025-01-08 15:00:26,2025-01-08 15:02:02,176,2,59.8,1
4613504513,2025-01-08 01:00:00,195,2025-01-08 19:30:57,2025-01-08 19:32:36,179,5,175.7,5
4613132891,2025-01-08 01:00:00,195,2025-01-08 14:41:26,2025-01-08 14:45:05,379,3,75.7,3
4613504537,2025-01-08 01:00:00,195,2025-01-08 19:29:12,2025-01-08 19:30:45,133,30,1803.6,30
4613254930,2025-01-08 01:00:00,195,2025-01-08 16:15:54,2025-01-08 16:17:19,165,8,735.7,7
4613567366,2025-01-08 01:00:00,195,2025-01-08 21:21:32,2025-01-08 21:23:01,169,5,454.3,2
4613335507,2025-01-08 01:00:00,195,2025-01-08 17:13:50,2025-01-08 17:20:32,682,4,104.0,2
4613545938,2025-01-08 01:00:00,195,2025-01-08 20:30:25,2025-01-08 20:32:14,189,29,2282.0,25
4613389863,2025-01-08 01:00:00,195,2025-01-08 17:47:15,2025-01-08 17:48:17,102,5,142.4,5
4613558324,2025-01-08 01:00:00,195,2025-01-08 20:53:57,2025-01-08 20:55:03,146,2,51.0,2
4613404484,2025-01-08 01:00:00,195,2025-01-08 18:22:25,2025-01-08 18:24:07,182,4,159.2,4
4613457255,2025-01-08 01:00:00,195,2025-01-08 18:54:00,2025-01-08 18:55:04,104,4,72.3,4
4613155464,2025-01-08 01:00:00,195,2025-01-08 14:53:43,2025-01-08 14:54:16,73,16,237.0,7
4613480574,2025-01-08 01:00:00,195,2025-01-08 19:11:06,2025-01-08 19:12:35,129,8,305.2,8
4613132954,2025-01-08 01:00:00,195,2025-01-08 14:34:16,2025-01-08 14:34:22,6,0,50.0,1
4613498050,2025-01-08 01:00:00,195,2025-01-08 19:42:05,2025-01-08 19:43:35,130,3,195.2,3
4613307682,2025-01-08 01:00:00,195,2025-01-08 16:52:36,2025-01-08 16:53:17,81,1,14.9,1
4613515296,2025-01-08 01:00:00,195,2025-01-08 19:57:53,2025-01-08 19:59:43,190,1,26.9,1
4613307716,2025-01-08 01:00:00,195,2025-01-08 17:05:50,2025-01-08 17:06:49,99,9,318.7,6
4613585545,2025-01-08 01:00:00,195,2025-01-08 22:12:33,2025-01-08 22:17:25,492,1,70.0,1
4613335539,2025-01-08 01:00:00,195,2025-01-08 17:23:27,2025-01-08 17:23:31,4,1,30.0,1
4613457241,2025-01-08 01:00:00,195,2025-01-08 18:56:34,2025-01-08 19:00:30,4396,5,561.7,4
4613335489,2025-01-08 01:00:00,195,2025-01-08 16:01:00,2025-01-08 17:27:24,12624,19,1337.6,18
4613504543,2025-01-08 01:00:00,195,2025-01-08 19:33:31,2025-01-08 19:43:40,1009,27,1549.2,27
4613363073,2025-01-08 01:00:00,195,2025-01-08 17:26:52,2025-01-08 17:33:57,705,18,517.0,17
4613480502,2025-01-08 01:00:00,195,2025-01-08 19:06:46,2025-01-08 19:06:58,12,8,314.0,3
4613132866,2025-01-08 01:00:00,195,2025-01-08 14:39:50,2025-01-08 14:41:24,174,2,48.2,2
4613532393,2025-01-08 01:00:00,195,2025-01-08 20:24:53,2025-01-08 20:25:17,64,6,255.0,7
4613132947,2025-01-08 01:00:00,195,2025-01-08 14:43:09,2025-01-08 14:44:01,92,16,449.9,13
4613558320,2025-01-08 01:00:00,195,2025-01-08 20:55:18,2025-01-08 20:55:49,31,1,16.9,1
4613203710,2025-01-08 01:00:00,195,2025-01-08 15:35:32,2025-01-08 15:38:12,280,4,150.3,4
4613575227,2025-01-08 01:00:00,195,2025-01-08 21:25:05,2025-01-08 21:27:56,251,3,87.1,3
4613203774,2025-01-08 01:00:00,195,2025-01-08 15:35:39,2025-01-08 15:36:48,109,20,648.74,13
4613590105,2025-01-08 01:00:00,195,2025-01-08 22:48:27,2025-01-08 22:48:43,16,2,278.0,1
4613254901,2025-01-08 01:00:00,195,2025-01-08 16:20:27,2025-01-08 16:22:29,202,16,545.9,15
4613581569,2025-01-08 01:00:00,195,2025-01-08 21:58:38,2025-01-08 21:58:43,5,1,6.0,1
4613307673,2025-01-08 01:00:00,195,2025-01-08 16:50:47,2025-01-08 16:53:59,312,7,210.8,5
4613480510,2025-01-08 01:00:00,195,2025-01-08 19:07:34,2025-01-08 19:08:16,82,9,426.0,8
4613307697,2025-01-08 01:00:00,195,2025-01-08 16:49:40,2025-01-08 16:53:06,366,1,34.0,1
4613504533,2025-01-08 01:00:00,195,2025-01-08 19:22:44,2025-01-08 19:27:48,504,12,447.5,12
4613281209,2025-01-08 01:00:00,195,2025-01-08 16:30:23,2025-01-08 16:31:58,135,2,64.7,2
4613515263,2025-01-08 01:00:00,195,2025-01-08 19:50:34,2025-01-08 19:51:22,88,8,661.0,8
4613389907,2025-01-08 01:00:00,195,2025-01-08 18:00:07,2025-01-08 18:00:37,30,8,180.4,6
4613575276,2025-01-08 01:00:00,195,2025-01-08 21:44:52,2025-01-08 21:45:34,82,4,155.0,4
4613404392,2025-01-08 01:00:00,195,2025-01-08 18:24:51,2025-01-08 18:26:17,166,19,1028.6,18
4613504573,2025-01-08 01:00:00,195,2025-01-08 19:33:57,2025-01-08 19:35:03,146,32,1875.6,27
4613404453,2025-01-08 01:00:00,195,2025-01-08 18:11:46,2025-01-08 18:14:22,276,8,306.3,7
4613504584,2025-01-08 01:00:00,195,2025-01-08 19:37:06,2025-01-08 19:37:56,50,7,371.9,4
4613515321,2025-01-08 01:00:00,195,2025-01-08 19:59:29,2025-01-08 20:00:38,4109,4,133.2,4
4613567351,2025-01-08 01:00:00,195,2025-01-08 21:06:55,2025-01-08 21:09:00,245,4,84.6,4
4613575239,2025-01-08 01:00:00,195,2025-01-08 21:34:42,2025-01-08 21:43:20,878,9,1126.9,6
4613585519,2025-01-08 01:00:00,195,2025-01-08 22:26:36,2025-01-08 22:27:08,72,1,299.7,1
4613457354,2025-01-08 01:00:00,195,2025-01-08 19:03:27,2025-01-08 19:05:05,178,30,848.9,21
4613480513,2025-01-08 01:00:00,195,2025-01-08 19:15:19,2025-01-08 19:15:46,27,4,252.0,3
4613515307,2025-01-08 01:00:00,195,2025-01-08 19:58:58,2025-01-08 20:02:29,4371,5,210.9,3
4613567377,2025-01-08 01:00:00,195,2025-01-08 21:15:23,2025-01-08 21:16:47,124,11,609.0,6
4613575262,2025-01-08 01:00:00,195,2025-01-08 21:34:12,2025-01-08 21:34:57,45,13,918.0,9
4613480533,2025-01-08 01:00:00,195,2025-01-08 19:05:26,2025-01-08 19:08:23,297,55,4428.3,43
4613558299,2025-01-08 01:00:00,195,2025-01-08 20:50:25,2025-01-08 20:51:03,78,7,239.0,6
4613457352,2025-01-08 01:00:00,195,2025-01-08 19:00:11,2025-01-08 19:01:19,108,25,872.0,17
4613515311,2025-01-08 01:00:00,195,2025-01-08 19:52:05,2025-01-08 19:52:25,20,1,29.9,1
4613588218,2025-01-08 01:00:00,195,2025-01-08 22:41:16,2025-01-08 22:41:52,36,12,590.4,12
4613590109,2025-01-08 01:00:00,195,2025-01-08 22:46:11,2025-01-08 22:48:27,216,3,119.7,1
4613457250,2025-01-08 01:00:00,195,2025-01-08 18:49:21,2025-01-08 18:51:11,190,14,681.0,14
4613532358,2025-01-08 01:00:00,195,2025-01-08 20:17:52,2025-01-08 20:18:06,54,5,136.0,2
4613515261,2025-01-08 01:00:00,195,2025-01-08 19:47:29,2025-01-08 19:49:00,171,22,1223.9,19
4613545917,2025-01-08 01:00:00,195,2025-01-08 20:44:41,2025-01-08 20:45:23,82,13,574.21,13
4613558328,2025-01-08 01:00:00,195,2025-01-08 20:45:50,2025-01-08 20:52:49,699,38,1595.61,37
4613545909,2025-01-08 01:00:00,195,2025-01-08 20:41:20,2025-01-08 20:41:43,23,6,299.0,6
4613575247,2025-01-08 01:00:00,195,2025-01-08 21:35:39,2025-01-08 21:38:30,291,5,724.1,4
